order_id,customer_id,transaction_id,device_id,shipping_address_id,billing_address_id,order_date,return_request_date,prior_order_count,prior_return_count,prior_refund_count,prior_spend,prior_refund_amount,prior_return_rate,prior_refund_rate,average_previous_order_value,average_previous_refund,orders_last_7_days,orders_last_30_days,returns_last_30_days,refunds_last_30_days,days_since_previous_order,accounts_per_device,accounts_per_shipping_address,accounts_per_billing_address,device_prior_return_count,address_prior_return_count,device_prior_refund_count,address_prior_refund_count,is_address_mismatch,current_order_amount,quantity,category,payment_method,channel,return_reason,customer_segment,customer_tenure_days,days_since_order,days_since_delivery,delivery_duration_days,abuse_label,abuse_type
ORD100001,CUST100000,TXN100001,DEV202769,ADDR301608,ADDR301608,2024-01-07,2024-01-08,0,0,0,0.0,0.0,0.0,0.0,0.0,0.0,0,0,0,0,999,1,1,1,0,0,0,0,0,243.36,1,Fashion,Credit Card,Website,Size issue,Budget,1324,1,0,1,1,serial_return_abuse
ORD100003,CUST100000,TXN100003,DEV202769,ADDR301608,ADDR301608,2024-02-02,2024-02-08,2,1,1,1010.22,218.85,0.3333,0.3333,505.11,218.85,0,1,0,1,22,1,1,1,1,1,1,1,0,365.04,3,Beauty,Wallet,Mobile App,Product not as described,Budget,1324,6,3,3,1,serial_return_abuse
ORD100007,CUST100000,TXN100007,DEV202769,ADDR301608,ADDR301608,2024-11-08,2024-11-12,6,2,2,2411.09,498.03,0.2857,0.2857,401.85,249.02,0,0,0,0,129,1,1,2,2,2,2,2,0,97.82,1,Grocery,Debit Card,Mobile App,Wrong product,Budget,1324,4,3,1,1,serial_return_abuse
ORD100017,CUST100004,TXN100017,DEV201100,ADDR302571,ADDR302571,2024-04-13,2024-04-19,2,0,0,265.02,0.0,0.0,0.0,132.51,0.0,1,1,0,0,4,2,1,1,1,0,1,0,0,117.36,1,Accessories,Net Banking,Website,Product not as described,Mass Market,986,6,2,4,0,none
ORD100019,CUST100004,TXN100019,DEV201100,ADDR302571,ADDR302571,2024-05-18,2024-05-31,4,1,1,1046.5,104.75,0.2,0.2,261.62,104.75,1,1,0,0,1,2,1,1,2,1,2,1,0,600.0,2,Fashion,UPI,Mobile App,Size issue,Mass Market,986,13,9,4,1,policy_exploitation
ORD100021,CUST100004,TXN100021,DEV201100,ADDR302571,ADDR302571,2024-06-29,2024-06-30,5,2,2,1646.5,704.75,0.3333,0.3333,329.3,352.38,0,0,1,1,31,2,1,1,3,2,3,2,0,914.77,1,Footwear,Credit Card,Mobile App,Quality issue,Mass Market,986,1,0,1,1,policy_exploitation
ORD100028,CUST100006,TXN100028,DEV202368,ADDR300012,ADDR300012,2024-02-25,2024-03-06,0,0,0,0.0,0.0,0.0,0.0,0.0,0.0,0,0,0,0,999,1,2,2,0,0,0,0,0,614.9,1,Fashion,Debit Card,Marketplace,Changed mind,Budget,202,10,9,1,0,none
ORD100033,CUST100007,TXN100033,DEV201851,ADDR300309,ADDR300309,2024-04-29,2024-04-30,4,0,0,3616.59,0.0,0.0,0.0,904.15,0.0,0,1,0,0,24,1,1,1,0,0,0,0,0,610.41,1,Fashion,Credit Card,Marketplace,Size issue,Premium,377,1,0,1,0,none
ORD100040,CUST100007,TXN100040,DEV201851,ADDR300309,ADDR300309,2024-10-30,2024-11-07,11,2,1,10312.69,552.21,0.1667,0.0833,937.52,552.21,0,2,0,0,16,2,1,2,2,2,1,1,0,1198.05,2,Fashion,Wallet,Mobile App,Size issue,Premium,377,8,4,4,0,none
ORD100051,CUST100010,TXN100051,DEV202111,ADDR303071,ADDR303071,2024-01-28,2024-02-09,0,0,0,0.0,0.0,0.0,0.0,0.0,0.0,0,0,0,0,999,1,1,1,0,0,0,0,0,1542.58,1,Home,Debit Card,Marketplace,Damaged product,Premium,508,12,11,1,0,none
ORD100063,CUST100012,TXN100063,DEV200953,ADDR302175,ADDR302175,2024-10-28,2024-11-02,0,0,0,0.0,0.0,0.0,0.0,0.0,0.0,0,0,0,0,999,6,7,8,3,5,2,3,0,623.47,1,Fashion,Credit Card,Website,Other,Budget,813,5,2,3,0,none
ORD100087,CUST100017,TXN100087,DEV201999,ADDR301340,ADDR301340,2024-12-20,2024-12-24,7,3,0,4088.3,0.0,0.375,0.0,584.04,0.0,0,0,0,0,34,2,2,2,3,3,0,0,0,1398.59,1,Sports,Credit Card,Mobile App,Other,Mass Market,829,4,0,4,1,serial_return_abuse
ORD100099,CUST100018,TXN100099,DEV201009,ADDR302533,ADDR302533,2024-08-31,2024-09-10,13,3,1,12513.1,758.19,0.2143,0.0714,962.55,758.19,1,3,3,1,5,3,5,5,3,3,1,1,0,847.51,1,Sports,UPI,Mobile App,Damaged product,Premium,290,10,6,4,1,serial_return_abuse
ORD100100,CUST100018,TXN100100,DEV201009,ADDR302533,ADDR302533,2024-09-02,2024-09-05,12,1,0,10955.79,0.0,0.0769,0.0,912.98,0.0,1,2,1,0,5,3,5,5,1,1,0,0,0,758.19,1,Home,Credit Card,Mobile App,Product not as described,Premium,290,3,2,1,1,serial_return_abuse
ORD100101,CUST100018,TXN100101,DEV201009,ADDR302533,ADDR302533,2024-09-05,2024-09-09,13,2,1,11713.98,758.19,0.1429,0.0714,901.08,758.19,1,3,2,1,7,3,5,5,2,2,1,1,0,1646.63,1,Electronics,Net Banking,Mobile App,Damaged product,Premium,290,4,1,3,0,none
ORD100103,CUST100018,TXN100103,DEV201009,ADDR302533,ADDR302533,2024-10-06,2024-10-10,15,4,3,14023.49,2891.25,0.25,0.1875,934.9,963.75,1,1,1,2,6,4,6,6,4,4,3,3,0,368.52,1,Fashion,UPI,Social Commerce,Size issue,Premium,290,4,1,3,0,none
ORD100104,CUST100018,TXN100104,DEV201009,ADDR302533,ADDR302533,2024-10-11,2024-10-16,16,5,3,14392.01,2891.25,0.2941,0.1765,899.5,963.75,0,2,1,1,10,4,6,6,5,5,3,3,0,1110.48,1,Fashion,Net Banking,Mobile App,Size issue,Premium,290,5,3,2,1,serial_return_abuse
ORD100108,CUST100018,TXN100108,DEV201009,ADDR302533,ADDR302533,2024-11-10,2024-11-23,20,6,5,16594.5,4065.47,0.2857,0.2381,829.72,813.09,0,1,0,0,20,5,7,7,7,7,6,6,0,2818.55,3,Fashion,Net Banking,Mobile App,Product not as described,Premium,290,13,11,2,1,serial_return_abuse
ORD100110,CUST100019,TXN100110,DEV202383,ADDR300010,ADDR300010,2024-07-14,2024-07-25,1,0,0,592.79,0.0,0.0,0.0,592.79,0.0,0,0,0,0,56,2,2,2,0,4,0,4,0,892.42,1,Electronics,Credit Card,Website,Damaged product,Budget,205,11,9,2,0,none
ORD100113,CUST100021,TXN100113,DEV201556,ADDR300760,ADDR300760,2024-02-16,2024-02-20,1,0,0,561.72,0.0,0.0,0.0,561.72,0.0,0,1,0,0,28,1,1,1,0,0,0,0,0,3175.98,3,Fashion,Credit Card,Website,Changed mind,Premium,1576,4,2,2,0,none
ORD100125,CUST100024,TXN100125,DEV200381,ADDR302993,ADDR302993,2024-04-11,2024-04-14,2,0,0,323.09,0.0,0.0,0.0,161.55,0.0,0,1,0,0,14,2,1,1,0,0,0,0,0,243.36,1,Fashion,Debit Card,Website,Changed mind,Budget,503,3,2,1,1,serial_return_abuse
ORD100128,CUST100024,TXN100128,DEV200381,ADDR302993,ADDR302993,2024-07-26,2024-08-03,5,2,1,1022.59,204.2,0.3333,0.1667,204.52,204.2,0,1,1,0,21,2,1,1,2,2,1,1,0,217.56,1,Accessories,Debit Card,Mobile App,Quality issue,Budget,503,8,5,3,1,serial_return_abuse
ORD100131,CUST100024,TXN100131,DEV200381,ADDR302993,ADDR302993,2024-08-25,2024-08-29,8,3,2,1519.78,421.76,0.3333,0.2222,189.97,210.88,0,2,1,1,8,2,1,1,3,3,2,2,0,608.0,1,Sports,UPI,Website,Quality issue,Budget,503,4,0,4,0,none
ORD100138,CUST100024,TXN100138,DEV200381,ADDR302993,ADDR302993,2024-11-13,2024-11-17,15,4,3,5843.28,998.36,0.25,0.1875,389.55,332.79,1,3,0,0,6,2,1,1,4,4,3,3,0,885.97,1,Footwear,Credit Card,Website,Wrong product,Budget,503,4,0,4,1,serial_return_abuse
ORD100143,CUST100025,TXN100143,DEV201877,ADDR302600,ADDR302600,2024-04-10,2024-04-13,5,0,0,1633.19,0.0,0.0,0.0,326.64,0.0,4,4,0,0,2,1,1,1,0,0,0,0,0,70.49,1,Grocery,UPI,Mobile App,Wrong product,Mass Market,676,3,2,1,1,policy_exploitation
ORD100148,CUST100025,TXN100148,DEV201877,ADDR302600,ADDR302600,2024-04-13,2024-04-29,8,1,1,3623.38,68.8,0.1111,0.1111,452.92,68.8,0,7,1,1,16,1,1,1,1,1,1,1,0,721.11,1,Sports,Credit Card,Marketplace,Changed mind,Mass Market,676,16,12,4,1,policy_exploitation
ORD100154,CUST100025,TXN100154,DEV201877,ADDR302600,ADDR302600,2024-10-18,2024-10-24,14,3,2,8842.89,786.74,0.2,0.1333,631.64,393.37,0,1,1,0,11,2,1,1,3,3,2,2,0,115.69,1,Accessories,Credit Card,Marketplace,Changed mind,Mass Market,676,6,2,4,0,none
ORD100166,CUST100027,TXN100166,DEV201016,ADDR300348,ADDR300348,2024-05-19,2024-05-21,4,0,0,10579.92,0.0,0.0,0.0,2644.98,0.0,0,0,0,0,56,6,5,5,3,3,2,2,0,391.55,1,Beauty,Credit Card,Website,Quality issue,Premium,1367,2,1,1,0,none
ORD100172,CUST100029,TXN100172,DEV201148,ADDR300992,ADDR300992,2024-05-15,2024-05-18,0,0,0,0.0,0.0,0.0,0.0,0.0,0.0,0,0,0,0,999,4,3,3,1,0,1,0,0,68.33,1,Grocery,Debit Card,Marketplace,Wrong product,Mass Market,414,3,1,2,0,none
ORD100176,CUST100031,TXN100176,DEV203029,ADDR301629,ADDR301629,2024-10-05,2024-10-15,2,0,0,1167.64,0.0,0.0,0.0,583.82,0.0,0,0,0,0,43,3,2,2,1,0,0,0,0,5272.14,2,Sports,UPI,Mobile App,Quality issue,Mass Market,449,10,9,1,0,none
ORD100180,CUST100033,TXN100180,DEV200892,ADDR301759,ADDR301759,2024-02-03,2024-02-14,2,0,0,3347.84,0.0,0.0,0.0,1673.92,0.0,1,1,0,0,6,1,3,3,0,2,0,2,0,734.45,1,Electronics,UPI,Mobile App,Quality issue,High Value,1299,11,9,2,0,none
ORD100183,CUST100033,TXN100183,DEV200892,ADDR301759,ADDR301759,2024-05-04,2024-05-08,4,1,1,4158.31,659.97,0.2,0.2,1039.58,659.97,0,1,0,0,22,1,3,3,1,3,1,3,0,2852.52,2,Fashion,Debit Card,Website,Quality issue,High Value,1299,4,2,2,0,none
ORD100187,CUST100033,TXN100187,DEV200892,ADDR301759,ADDR301759,2024-09-12,2024-09-15,8,2,2,14032.03,3280.44,0.2222,0.2222,1754.0,1640.22,0,1,0,0,28,2,3,3,2,5,2,4,0,561.08,1,Fashion,Wallet,Mobile App,Size issue,High Value,1299,3,0,3,0,none
ORD100197,CUST100035,TXN100197,DEV201099,ADDR301322,ADDR301322,2024-02-03,2024-02-21,1,0,0,251.96,0.0,0.0,0.0,251.96,0.0,0,1,0,0,25,1,1,1,0,0,0,0,0,790.1,1,Fashion,Credit Card,Website,Size issue,Premium,459,18,14,4,0,none
ORD100199,CUST100035,TXN100199,DEV201099,ADDR301322,ADDR301322,2024-03-09,2024-03-21,3,2,1,1662.48,777.84,0.5,0.25,554.16,777.84,0,1,2,1,15,1,1,1,2,2,1,1,0,1197.39,1,Sports,Credit Card,Website,Size issue,Premium,459,12,10,2,0,none
ORD100203,CUST100035,TXN100203,DEV201099,ADDR301322,ADDR301322,2024-07-20,2024-08-01,7,3,2,4791.68,1627.43,0.375,0.25,684.53,813.72,0,0,0,0,75,1,1,1,3,3,2,2,0,1564.14,2,Home,UPI,Social Commerce,Changed mind,Premium,459,12,10,2,0,none
ORD100207,CUST100035,TXN100207,DEV201099,ADDR301322,ADDR301322,2024-10-18,2024-10-26,12,4,3,8782.56,2828.91,0.3077,0.2308,731.88,942.97,1,2,0,0,7,1,1,1,4,4,3,3,0,556.31,1,Fashion,Credit Card,Mobile App,Size issue,Premium,459,8,7,1,0,none
ORD100216,CUST100042,TXN100216,DEV200941,ADDR301356,ADDR301356,2024-09-12,2024-09-24,0,0,0,0.0,0.0,0.0,0.0,0.0,0.0,0,0,0,0,999,2,5,5,1,7,1,6,0,1015.27,1,Electronics,UPI,Marketplace,Product not as described,Budget,344,12,9,3,0,none
ORD100241,CUST100052,TXN100241,DEV200828,ADDR302820,ADDR302820,2024-02-20,2024-02-25,3,0,0,960.93,0.0,0.0,0.0,320.31,0.0,1,2,0,0,6,1,2,2,0,0,0,0,0,540.73,1,Electronics,Credit Card,Website,Size issue,Budget,1070,5,1,4,0,none
ORD100242,CUST100052,TXN100242,DEV200828,ADDR302820,ADDR302820,2024-03-06,2024-03-11,4,1,1,1501.66,540.73,0.2,0.2,375.42,540.73,0,3,1,1,20,1,2,2,1,2,1,2,0,1049.66,1,Fashion,Credit Card,Marketplace,Size issue,Budget,1070,5,2,3,1,serial_return_abuse
ORD100244,CUST100052,TXN100244,DEV200828,ADDR302820,ADDR302820,2024-07-18,2024-07-20,6,2,2,2632.78,1278.91,0.2857,0.2857,438.8,639.45,0,0,0,0,95,1,2,3,2,3,2,3,0,498.48,1,Fashion,UPI,Social Commerce,Size issue,Budget,1070,2,0,2,1,serial_return_abuse
ORD100255,CUST100057,TXN100255,DEV201236,ADDR300651,ADDR300651,2024-02-25,2024-03-06,0,0,0,0.0,0.0,0.0,0.0,0.0,0.0,0,0,0,0,999,2,1,1,0,0,0,0,0,1014.0,1,Electronics,Wallet,Website,Product not as described,Mass Market,1412,10,7,3,0,none
ORD100281,CUST100064,TXN100281,DEV202659,ADDR301623,ADDR301623,2024-10-20,2024-10-28,3,0,0,389.74,0.0,0.0,0.0,129.91,0.0,0,1,0,0,10,3,2,2,4,1,4,1,0,547.46,1,Footwear,UPI,Mobile App,Size issue,Budget,799,8,6,2,0,none
ORD100291,CUST100069,TXN100291,DEV203093,ADDR300959,ADDR300959,2024-10-28,2024-11-03,0,0,0,0.0,0.0,0.0,0.0,0.0,0.0,0,0,0,0,999,1,1,2,0,0,0,0,0,171.71,2,Grocery,Credit Card,Social Commerce,Late delivery,Budget,1276,6,2,4,0,none
ORD100304,CUST100073,TXN100304,DEV202920,ADDR301276,ADDR301276,2024-03-20,2024-03-22,0,0,0,0.0,0.0,0.0,0.0,0.0,0.0,0,0,0,0,999,4,5,4,1,1,1,1,0,1052.5,1,Electronics,EMI,Mobile App,Duplicate order,Mass Market,67,2,1,1,1,coordinated_address_abuse
ORD100306,CUST100073,TXN100306,DEV202920,ADDR301276,ADDR301276,2024-08-28,2024-09-03,3,1,1,2401.78,845.04,0.25,0.25,800.59,845.04,1,1,0,0,3,6,6,5,2,3,2,2,0,334.86,1,Accessories,UPI,Mobile App,Quality issue,Mass Market,67,6,4,2,0,none
ORD100343,CUST100078,TXN100343,DEV200319,ADDR300543,ADDR302491,2024-11-09,2024-11-17,6,1,0,5646.7,0.0,0.1429,0.0,941.12,0.0,0,0,0,0,31,2,1,1,1,1,0,0,1,741.1,3,Beauty,Credit Card,Mobile App,Damaged product,Premium,1206,8,4,4,0,none
ORD100347,CUST100080,TXN100347,DEV202127,ADDR302785,ADDR302785,2024-07-17,2024-07-23,2,1,0,611.02,0.0,0.3333,0.0,305.51,0.0,0,0,0,0,141,2,1,2,1,1,0,0,0,622.51,1,Fashion,UPI,Mobile App,Late delivery,Budget,1185,6,4,2,1,refund_abuse
ORD100356,CUST100080,TXN100356,DEV202127,ADDR302785,ADDR302785,2024-12-07,2024-12-11,11,3,1,4454.13,619.4,0.25,0.0833,404.92,619.4,0,1,0,0,29,2,1,2,3,3,1,1,0,793.34,1,Footwear,Debit Card,Mobile App,Changed mind,Budget,1185,4,1,3,1,refund_abuse
ORD100358,CUST100081,TXN100358,DEV202802,ADDR300573,ADDR300573,2024-05-14,2024-05-18,2,0,0,1482.99,0.0,0.0,0.0,741.5,0.0,1,2,0,0,2,1,9,9,0,2,0,2,0,853.74,1,Fashion,Wallet,Mobile App,Wrong product,Budget,1016,4,2,2,1,serial_return_abuse
ORD100359,CUST100081,TXN100359,DEV202051,ADDR300573,ADDR300573,2024-05-16,2024-05-20,3,1,1,2945.62,780.37,0.25,0.25,981.87,780.37,2,3,1,1,1,1,9,9,0,3,0,3,0,557.33,1,Home,Wallet,Social Commerce,Late delivery,Budget,1016,4,2,2,1,serial_return_abuse
ORD100361,CUST100081,TXN100361,DEV202802,ADDR300573,ADDR300573,2024-06-04,2024-06-07,5,2,2,4963.29,1337.7,0.3333,0.3333,992.66,668.85,1,4,2,2,1,1,10,10,1,4,1,4,0,184.58,1,Accessories,EMI,Website,Changed mind,Budget,1016,3,1,2,1,serial_return_abuse
ORD100364,CUST100081,TXN100364,DEV202051,ADDR300573,ADDR300573,2024-11-04,2024-11-06,7,4,3,5354.45,1504.37,0.5,0.375,764.92,501.46,0,1,0,0,13,1,10,10,1,7,1,6,0,942.0,2,Fashion,UPI,Website,Size issue,Budget,1016,2,1,1,1,serial_return_abuse
ORD100388,CUST100089,TXN100388,DEV200290,ADDR300937,ADDR300937,2024-10-30,2024-11-05,6,1,0,8866.48,0.0,0.1429,0.0,1477.75,0.0,0,3,1,0,9,1,1,1,1,1,0,0,0,865.74,2,Fashion,Wallet,Social Commerce,Other,Premium,1469,6,5,1,0,none
ORD100403,CUST100093,TXN100403,DEV201505,ADDR301225,ADDR301225,2024-11-10,2024-11-15,2,0,0,1055.94,0.0,0.0,0.0,527.97,0.0,0,1,0,0,20,1,1,2,0,0,0,0,0,228.22,2,Grocery,UPI,Mobile App,Wrong product,Premium,1067,5,4,1,0,none
ORD100404,CUST100093,TXN100404,DEV201505,ADDR301225,ADDR301225,2024-12-10,2024-12-14,3,1,1,1284.16,156.54,0.25,0.25,428.05,156.54,0,0,1,1,34,1,1,2,1,1,1,1,0,597.48,1,Footwear,Debit Card,Mobile App,Size issue,Premium,1067,4,0,4,0,none
ORD100409,CUST100097,TXN100409,DEV200545,ADDR302627,ADDR302627,2024-04-27,2024-05-08,1,0,0,826.93,0.0,0.0,0.0,826.93,0.0,0,1,0,0,29,1,2,2,0,1,0,1,0,3640.44,2,Fashion,Debit Card,Mobile App,Damaged product,High Value,1081,11,10,1,0,none
ORD100415,CUST100097,TXN100415,DEV200545,ADDR302627,ADDR302627,2024-08-08,2024-08-20,8,2,1,13943.16,3077.34,0.2222,0.1111,1742.9,3077.34,0,3,0,0,12,1,3,3,2,5,1,3,0,734.45,1,Electronics,Credit Card,Website,Quality issue,High Value,1081,12,9,3,0,none
ORD100417,CUST100097,TXN100417,DEV200545,ADDR302627,ADDR302627,2024-09-07,2024-09-09,9,3,2,14677.61,3811.79,0.3,0.2,1630.85,1905.9,0,0,1,1,32,1,3,3,3,6,2,4,0,440.67,1,Fashion,UPI,Mobile App,Changed mind,High Value,1081,2,1,1,0,none
ORD100418,CUST100097,TXN100418,DEV200545,ADDR302627,ADDR302627,2024-09-28,2024-10-03,10,4,3,15118.28,4219.59,0.3636,0.2727,1511.83,1406.53,0,1,1,1,26,1,3,3,4,9,3,6,0,587.5,1,Fashion,Debit Card,Mobile App,Size issue,High Value,1081,5,3,2,0,none
ORD100420,CUST100097,TXN100420,DEV200545,ADDR302627,ADDR302627,2024-11-24,2024-12-06,12,5,4,17064.82,4706.03,0.3846,0.3077,1422.07,1176.51,0,0,0,0,45,1,3,3,5,11,4,8,0,1691.32,1,Fashion,UPI,Website,Size issue,High Value,1081,12,10,2,0,none
ORD100433,CUST100100,TXN100433,DEV202307,ADDR300034,ADDR300034,2024-11-08,2024-11-20,3,0,0,1579.69,0.0,0.0,0.0,526.56,0.0,0,0,0,0,261,1,3,3,0,0,0,0,0,336.86,1,Accessories,Credit Card,Mobile App,Changed mind,Mass Market,486,12,9,3,0,none
ORD100436,CUST100101,TXN100436,DEV202499,ADDR302662,ADDR302662,2024-02-13,2024-02-19,0,0,0,0.0,0.0,0.0,0.0,0.0,0.0,0,0,0,0,999,1,1,1,0,0,0,0,0,539.82,1,Grocery,UPI,Website,Wrong product,High Value,847,6,2,4,0,none
ORD100476,CUST100115,TXN100476,DEV201572,ADDR301439,ADDR301439,2024-10-10,2024-10-17,1,0,0,847.16,0.0,0.0,0.0,847.16,0.0,0,1,0,0,9,1,1,1,0,0,0,0,0,504.71,1,Fashion,UPI,Mobile App,Size issue,Premium,1417,7,6,1,0,none
ORD100488,CUST100121,TXN100488,DEV202266,ADDR302461,ADDR302461,2024-03-14,2024-03-17,2,0,0,331.14,0.0,0.0,0.0,165.57,0.0,1,1,0,0,7,1,2,3,0,0,0,0,0,1029.09,1,Fashion,UPI,Social Commerce,Size issue,Budget,430,3,1,2,0,none
ORD100490,CUST100121,TXN100490,DEV202266,ADDR302461,ADDR302461,2024-07-06,2024-07-12,4,1,1,1493.86,622.51,0.2,0.2,373.46,622.51,0,0,0,0,82,1,2,3,1,1,1,1,0,898.93,1,Beauty,Credit Card,Marketplace,Product not as described,Budget,430,6,2,4,1,serial_return_abuse
ORD100494,CUST100123,TXN100494,DEV202488,ADDR301167,ADDR301167,2024-12-27,2025-01-08,0,0,0,0.0,0.0,0.0,0.0,0.0,0.0,0,0,0,0,999,1,2,2,0,1,0,0,0,815.74,1,Electronics,UPI,Marketplace,Late delivery,Premium,1153,12,8,4,0,none
ORD100499,CUST100126,TXN100499,DEV202050,ADDR303120,ADDR303120,2024-06-11,2024-06-16,2,0,0,2831.57,0.0,0.0,0.0,1415.78,0.0,0,0,0,0,65,4,4,2,3,3,1,1,0,772.13,1,Sports,Debit Card,Social Commerce,Changed mind,High Value,1525,5,2,3,0,none
ORD100502,CUST100126,TXN100502,DEV202050,ADDR303120,ADDR303120,2024-07-14,2024-07-16,5,1,1,4358.58,772.13,0.1667,0.1667,871.72,772.13,1,2,1,1,3,4,4,2,4,4,2,2,0,1573.18,1,Fashion,UPI,Website,Changed mind,High Value,1525,2,0,2,1,coordinated_device_abuse
ORD100517,CUST100133,TXN100517,DEV202265,ADDR301845,ADDR301845,2024-06-15,2024-06-26,3,0,0,2776.93,0.0,0.0,0.0,925.64,0.0,1,1,0,0,2,1,3,3,0,0,0,0,0,116.42,1,Grocery,UPI,Website,Changed mind,Budget,606,11,8,3,0,none
ORD100537,CUST100136,TXN100537,DEV203063,ADDR301604,ADDR301604,2024-05-21,2024-05-31,4,0,0,1461.74,0.0,0.0,0.0,365.44,0.0,0,1,0,0,14,1,1,1,0,0,0,0,0,1311.88,1,Fashion,Net Banking,Website,Quality issue,Budget,1032,10,7,3,0,none
ORD100549,CUST100137,TXN100549,DEV201210,ADDR302646,ADDR302646,2024-07-22,2024-07-24,3,0,0,1647.68,0.0,0.0,0.0,549.23,0.0,0,1,0,0,25,1,1,1,0,0,0,0,0,182.58,2,Grocery,UPI,Mobile App,Late delivery,Budget,830,2,0,2,0,none
ORD100551,CUST100137,TXN100551,DEV201210,ADDR302646,ADDR302646,2024-10-15,2024-10-21,5,2,1,2316.98,134.47,0.3333,0.1667,463.4,134.47,0,0,0,0,72,1,1,1,2,2,1,1,0,383.22,1,Footwear,UPI,Social Commerce,Size issue,Budget,830,6,3,3,0,none
ORD100570,CUST100142,TXN100570,DEV202046,ADDR302613,ADDR302613,2024-02-08,2024-02-10,2,0,0,9602.33,0.0,0.0,0.0,4801.16,0.0,0,2,0,0,10,2,1,1,0,0,0,0,0,1781.23,2,Fashion,Credit Card,Marketplace,Size issue,Premium,98,2,1,1,1,serial_return_abuse
ORD100574,CUST100142,TXN100574,DEV202046,ADDR302613,ADDR302613,2024-04-24,2024-04-29,6,1,1,13814.16,1431.84,0.1429,0.1429,2302.36,1431.84,0,2,0,0,15,2,1,1,1,1,1,1,0,3642.08,2,Fashion,EMI,Website,Changed mind,Premium,98,5,4,1,1,serial_return_abuse
ORD100580,CUST100142,TXN100580,DEV202046,ADDR302613,ADDR302613,2024-10-29,2024-10-31,12,3,2,21629.43,4046.14,0.2308,0.1538,1802.45,2023.07,1,4,1,0,7,3,2,2,4,3,2,2,0,1105.57,3,Fashion,Credit Card,Mobile App,Size issue,Premium,98,2,1,1,1,serial_return_abuse
ORD100590,CUST100145,TXN100590,DEV201479,ADDR301296,ADDR301296,2024-07-16,2024-07-25,4,0,0,2213.43,0.0,0.0,0.0,553.36,0.0,0,1,0,0,29,2,1,1,0,0,0,0,0,900.0,3,Fashion,UPI,Mobile App,Size issue,Mass Market,714,9,7,2,0,none
ORD100615,CUST100150,TXN100615,DEV202704,ADDR300462,ADDR300462,2024-10-19,2024-10-29,10,0,0,4951.6,0.0,0.0,0.0,495.16,0.0,0,0,0,0,41,7,8,8,3,3,3,3,0,704.49,2,Fashion,UPI,Mobile App,Size issue,Budget,188,10,6,4,0,none
ORD100618,CUST100150,TXN100618,DEV202704,ADDR300462,ADDR300462,2024-11-15,2024-11-24,13,1,1,6763.83,704.49,0.0714,0.0714,520.29,704.49,0,2,1,1,12,7,8,8,4,4,4,4,0,903.79,2,Fashion,Net Banking,Website,Size issue,Budget,188,9,6,3,0,none
ORD100633,CUST100157,TXN100633,DEV203131,ADDR301929,ADDR301929,2024-01-16,2024-01-23,1,0,0,406.84,0.0,0.0,0.0,406.84,0.0,0,1,0,0,14,2,1,1,0,0,0,0,0,74.85,1,Grocery,EMI,Mobile App,Quality issue,Budget,962,7,5,2,0,none
ORD100636,CUST100157,TXN100636,DEV203131,ADDR301929,ADDR301929,2024-02-07,2024-02-10,4,2,1,1933.22,73.54,0.4,0.2,483.3,73.54,0,3,2,1,8,2,1,1,2,2,1,1,0,373.35,1,Fashion,UPI,Mobile App,Quality issue,Budget,962,3,0,3,0,none
ORD100641,CUST100157,TXN100641,DEV203124,ADDR301929,ADDR301929,2024-08-09,2024-08-11,9,3,2,4171.22,431.58,0.3,0.2,463.47,215.79,0,0,0,0,90,1,1,1,0,3,0,2,0,266.1,1,Fashion,Debit Card,Mobile App,Size issue,Budget,962,2,1,1,0,none
ORD100642,CUST100157,TXN100642,DEV203124,ADDR301929,ADDR301929,2024-10-13,2024-10-17,10,4,3,4437.32,684.04,0.3636,0.2727,443.73,228.01,0,0,0,0,69,1,1,1,1,4,1,3,0,955.46,1,Fashion,Net Banking,Mobile App,Product not as described,Budget,962,4,3,1,0,none
ORD100645,CUST100157,TXN100645,DEV203124,ADDR301929,ADDR301929,2024-11-22,2024-11-29,13,6,4,9175.96,1589.02,0.4286,0.2857,705.84,397.26,0,0,0,0,39,1,1,1,3,6,2,4,0,112.85,1,Accessories,UPI,Social Commerce,Wrong product,Budget,962,7,3,4,0,none
ORD100646,CUST100157,TXN100646,DEV203124,ADDR301929,ADDR301929,2024-12-19,2024-12-24,14,7,5,9288.81,1699.77,0.4667,0.3333,663.49,339.95,0,0,1,1,32,1,1,1,4,7,3,5,0,1130.03,1,Footwear,UPI,Mobile App,Changed mind,Budget,962,5,3,2,0,none
ORD100650,CUST100159,TXN100650,DEV200068,ADDR302405,ADDR302405,2024-03-05,2024-03-15,2,1,0,2062.51,0.0,0.3333,0.0,1031.26,0.0,0,1,0,0,13,1,1,1,1,1,0,0,0,758.8,1,Home,Credit Card,Mobile App,Damaged product,Budget,1324,10,7,3,0,none
ORD100652,CUST100159,TXN100652,DEV200068,ADDR302405,ADDR302405,2024-06-15,2024-06-23,4,2,1,4262.0,758.8,0.4,0.2,1065.5,758.8,0,1,0,0,16,1,1,1,2,2,1,1,0,776.22,1,Fashion,UPI,Marketplace,Size issue,Budget,1324,8,5,3,0,none
ORD100662,CUST100163,TXN100662,DEV202608,ADDR301544,ADDR301544,2024-03-02,2024-03-12,0,0,0,0.0,0.0,0.0,0.0,0.0,0.0,0,0,0,0,999,1,6,6,0,4,0,2,0,1425.15,2,Fashion,Net Banking,Website,Size issue,Budget,583,10,6,4,1,serial_return_abuse
ORD100665,CUST100163,TXN100665,DEV202608,ADDR301544,ADDR301544,2024-05-26,2024-06-01,3,1,1,1847.66,1425.15,0.25,0.25,615.89,1425.15,0,1,0,0,27,1,6,6,1,6,1,3,0,486.72,2,Fashion,Wallet,Mobile App,Damaged product,Budget,583,6,2,4,1,serial_return_abuse
ORD100666,CUST100163,TXN100666,DEV202608,ADDR301544,ADDR301544,2024-06-02,2024-06-08,5,2,2,3269.09,1825.31,0.3333,0.3333,653.82,912.66,1,2,1,1,3,1,7,7,2,7,2,4,0,2121.54,2,Electronics,Credit Card,Website,Quality issue,Budget,583,6,2,4,1,serial_return_abuse
ORD100667,CUST100163,TXN100667,DEV202608,ADDR301544,ADDR301544,2024-06-05,2024-06-14,5,3,3,4455.92,3946.85,0.5,0.5,891.18,1315.62,0,2,2,2,12,1,7,7,3,8,3,5,0,934.71,1,Fashion,Net Banking,Website,Changed mind,Budget,583,9,8,1,1,serial_return_abuse
ORD100669,CUST100163,TXN100669,DEV202608,ADDR301544,ADDR301544,2024-09-16,2024-09-20,7,4,3,5850.13,3946.85,0.5,0.375,835.73,1315.62,0,0,0,0,45,1,8,8,4,13,3,6,0,243.36,1,Fashion,Net Banking,Website,Size issue,Budget,583,4,2,2,1,serial_return_abuse
ORD100670,CUST100163,TXN100670,DEV202608,ADDR301544,ADDR301544,2024-09-27,2024-10-01,8,5,4,6093.49,4173.99,0.5556,0.4444,761.69,1043.5,0,1,1,1,15,1,8,8,5,14,4,7,0,370.93,1,Fashion,UPI,Mobile App,Changed mind,Budget,583,4,0,4,1,serial_return_abuse
ORD100674,CUST100164,TXN100674,DEV201630,ADDR302075,ADDR302075,2024-09-26,2024-10-04,2,0,0,1654.52,0.0,0.0,0.0,827.26,0.0,1,1,0,0,2,1,2,3,0,0,0,0,0,339.43,1,Fashion,UPI,Mobile App,Changed mind,Budget,72,8,5,3,0,none
ORD100677,CUST100164,TXN100677,DEV201630,ADDR302075,ADDR302075,2024-10-31,2024-11-08,5,1,1,3230.71,331.15,0.1667,0.1667,646.14,331.15,1,2,0,0,7,1,2,4,1,1,1,1,0,405.6,1,Electronics,UPI,Mobile App,Product not as described,Budget,72,8,4,4,0,none
ORD100683,CUST100165,TXN100683,DEV201173,ADDR302574,ADDR302574,2024-03-27,2024-03-29,1,0,0,893.35,0.0,0.0,0.0,893.35,0.0,0,0,0,0,53,1,1,1,0,0,0,0,0,724.72,1,Fashion,Credit Card,Website,Product not as described,Premium,1509,2,0,2,0,none
ORD100694,CUST100168,TXN100694,DEV200844,ADDR302518,ADDR302518,2024-02-23,2024-02-29,1,0,0,722.14,0.0,0.0,0.0,722.14,0.0,0,0,0,0,56,1,1,1,0,0,0,0,0,633.15,1,Fashion,EMI,Mobile App,Size issue,Mass Market,585,6,2,4,0,none
ORD100695,CUST100168,TXN100695,DEV200844,ADDR302518,ADDR302518,2024-04-10,2024-04-22,3,1,1,1690.12,499.13,0.25,0.25,563.37,499.13,1,1,0,0,2,1,1,1,1,1,1,1,0,400.0,1,Footwear,UPI,Social Commerce,Quality issue,Mass Market,585,12,9,3,0,none
ORD100706,CUST100169,TXN100706,DEV203142,ADDR301701,ADDR301701,2024-08-01,2024-08-05,5,1,0,5537.54,0.0,0.1667,0.0,1107.51,0.0,0,1,0,0,30,1,1,1,1,1,0,0,0,608.4,1,Fashion,Credit Card,Marketplace,Late delivery,Premium,905,4,2,2,0,none
ORD100707,CUST100169,TXN100707,DEV203142,ADDR301701,ADDR301701,2024-10-19,2024-10-24,6,2,1,6145.94,506.14,0.2857,0.1429,1024.32,506.14,0,0,0,0,84,1,1,1,2,2,1,1,0,864.2,1,Beauty,Debit Card,Mobile App,Damaged product,Premium,905,5,2,3,0,none
ORD100743,CUST100178,TXN100743,DEV200323,ADDR302094,ADDR302094,2024-12-09,2024-12-16,11,0,0,4551.29,0.0,0.0,0.0,413.75,0.0,1,1,0,0,6,2,1,1,1,0,1,0,0,320.04,1,Sports,EMI,Mobile App,Wrong product,Budget,1415,7,3,4,0,none
ORD100768,CUST100182,TXN100768,DEV202598,ADDR303126,ADDR303126,2024-12-18,2024-12-20,10,0,0,7108.59,0.0,0.0,0.0,710.86,0.0,0,2,0,0,16,2,1,2,1,0,0,0,0,464.37,1,Fashion,Credit Card,Mobile App,Size issue,Budget,69,2,0,2,1,serial_return_abuse
ORD100770,CUST100184,TXN100770,DEV202453,ADDR301327,ADDR302461,2024-03-15,2024-03-16,0,0,0,0.0,0.0,0.0,0.0,0.0,0.0,0,0,0,0,999,3,3,3,0,0,0,0,1,1487.43,1,Footwear,Net Banking,Mobile App,Other,Premium,1170,1,0,1,1,coordinated_address_abuse
ORD100780,CUST100188,TXN100780,DEV202944,ADDR303099,ADDR303099,2024-10-14,2024-10-29,2,0,0,593.65,0.0,0.0,0.0,296.82,0.0,1,1,0,0,6,4,5,5,1,2,1,1,0,243.36,1,Fashion,Credit Card,Marketplace,Wrong product,Budget,809,15,11,4,0,none
ORD100785,CUST100189,TXN100785,DEV201016,ADDR300348,ADDR300348,2024-02-04,2024-02-06,2,0,0,7036.82,0.0,0.0,0.0,3518.41,0.0,0,2,0,0,11,3,3,3,0,0,0,0,0,565.11,1,Beauty,Credit Card,Website,Quality issue,Mass Market,1163,2,0,2,0,none
ORD100790,CUST100189,TXN100790,DEV201016,ADDR300348,ADDR300348,2024-10-25,2024-11-02,7,1,1,14654.86,565.11,0.125,0.125,2093.55,565.11,0,0,0,0,32,6,5,7,7,7,3,3,0,754.97,1,Footwear,UPI,Website,Damaged product,Mass Market,1163,8,5,3,0,none
ORD100792,CUST100189,TXN100792,DEV201016,ADDR300348,ADDR300348,2024-12-15,2024-12-22,9,2,2,16533.72,1221.34,0.2,0.2,1837.08,610.67,0,0,0,0,46,6,5,7,9,9,6,6,0,569.8,1,Sports,Credit Card,Mobile App,Product not as described,Mass Market,1163,7,3,4,0,none
ORD100793,CUST100190,TXN100793,DEV201791,ADDR302989,ADDR302989,2024-01-21,2024-02-06,0,0,0,0.0,0.0,0.0,0.0,0.0,0.0,0,0,0,0,999,1,1,1,0,0,0,0,0,656.13,1,Fashion,UPI,Website,Size issue,High Value,928,16,12,4,0,none
ORD100795,CUST100190,TXN100795,DEV201791,ADDR302989,ADDR302989,2024-04-24,2024-04-29,3,1,1,3167.1,654.11,0.25,0.25,1055.7,654.11,1,1,0,0,3,1,1,1,1,1,1,1,0,3214.6,3,Sports,Credit Card,Marketplace,Changed mind,High Value,928,5,1,4,0,none
ORD100796,CUST100190,TXN100796,DEV201791,ADDR302989,ADDR302989,2024-04-26,2024-05-03,3,2,2,4735.44,3353.48,0.5,0.5,1578.48,1676.74,0,1,1,1,9,1,1,1,2,2,2,2,0,1646.26,1,Electronics,Credit Card,Mobile App,Quality issue,High Value,928,7,4,3,0,none
ORD100803,CUST100190,TXN100803,DEV201791,ADDR302989,ADDR302989,2024-09-22,2024-09-29,10,3,3,16938.13,4690.81,0.2727,0.2727,1693.81,1563.6,0,1,0,0,23,1,2,2,3,3,3,3,0,1283.08,1,Sports,Debit Card,Mobile App,Damaged product,High Value,928,7,3,4,0,none
ORD100816,CUST100195,TXN100816,DEV202493,ADDR300225,ADDR300225,2024-01-11,2024-01-16,1,0,0,351.85,0.0,0.0,0.0,351.85,0.0,0,1,0,0,12,1,1,1,0,0,0,0,0,419.52,3,Accessories,Net Banking,Mobile App,Changed mind,Mass Market,1008,5,4,1,0,none
ORD100826,CUST100197,TXN100826,DEV202936,ADDR300476,ADDR300476,2024-08-30,2024-09-07,3,2,0,4484.55,0.0,0.5,0.0,1494.85,0.0,0,1,1,0,18,2,3,3,2,3,0,1,0,2233.38,3,Electronics,UPI,Mobile App,Wrong product,Mass Market,1567,8,4,4,0,none
ORD100832,CUST100198,TXN100832,DEV202920,ADDR301276,ADDR301276,2024-02-04,2024-02-10,1,0,0,389.03,0.0,0.0,0.0,389.03,0.0,0,1,0,0,14,1,2,2,0,0,0,0,0,1039.75,2,Fashion,UPI,Mobile App,Damaged product,Budget,123,6,2,4,1,coordinated_address_abuse
ORD100842,CUST100204,TXN100842,DEV202899,ADDR300562,ADDR300562,2024-01-23,2024-01-31,0,0,0,0.0,0.0,0.0,0.0,0.0,0.0,0,0,0,0,999,1,1,1,0,0,0,0,0,6121.77,3,Electronics,UPI,Website,Wrong product,Mass Market,716,8,4,4,0,none
ORD100858,CUST100207,TXN100858,DEV201420,ADDR302142,ADDR302142,2024-06-17,2024-06-24,5,1,0,2640.32,0.0,0.1667,0.0,528.06,0.0,1,1,1,0,1,1,1,1,1,1,0,0,0,369.87,1,Beauty,UPI,Mobile App,Quality issue,Mass Market,864,7,3,4,0,none
ORD100867,CUST100207,TXN100867,DEV201420,ADDR302142,ADDR302142,2024-12-06,2024-12-10,13,3,1,9572.21,293.28,0.2143,0.0714,736.32,293.28,1,2,1,0,7,1,1,1,3,3,1,1,0,1340.02,2,Electronics,Credit Card,Website,Duplicate order,Mass Market,864,4,2,2,0,none
ORD100873,CUST100209,TXN100873,DEV201631,ADDR301962,ADDR301962,2024-05-28,2024-06-01,4,0,0,1394.19,0.0,0.0,0.0,348.55,0.0,0,0,0,0,81,2,2,2,0,0,0,0,0,162.24,1,Home,Credit Card,Mobile App,Damaged product,Budget,981,4,0,4,0,none
ORD100886,CUST100211,TXN100886,DEV201061,ADDR300683,ADDR300683,2024-03-10,2024-03-12,0,0,0,0.0,0.0,0.0,0.0,0.0,0.0,0,0,0,0,999,1,3,3,0,0,0,0,0,344.74,1,Fashion,Debit Card,Website,Size issue,Mass Market,277,2,1,1,0,none
ORD100889,CUST100211,TXN100889,DEV201061,ADDR300683,ADDR300683,2024-10-04,2024-10-06,3,1,1,4307.59,308.54,0.25,0.25,1435.86,308.54,0,0,0,0,34,1,3,3,1,4,1,3,0,196.7,1,Beauty,Net Banking,Website,Wrong product,Mass Market,277,2,0,2,0,none
ORD100892,CUST100212,TXN100892,DEV201858,ADDR300519,ADDR302939,2024-03-08,2024-03-19,4,0,0,5769.28,0.0,0.0,0.0,1442.32,0.0,1,4,0,0,5,1,1,1,0,0,0,0,1,515.91,1,Fashion,Credit Card,Website,Size issue,Premium,269,11,9,2,0,none
ORD100894,CUST100212,TXN100894,DEV201523,ADDR300519,ADDR300519,2024-03-10,2024-03-23,4,1,1,4578.85,515.91,0.2,0.2,1144.71,515.91,0,4,1,1,9,2,1,1,0,1,0,1,0,1706.34,1,Fashion,Credit Card,Social Commerce,Size issue,Premium,269,13,9,4,0,none
ORD100898,CUST100212,TXN100898,DEV201523,ADDR300519,ADDR300519,2024-08-30,2024-09-01,6,3,2,7029.28,2222.25,0.4286,0.2857,1171.55,1111.12,0,1,0,0,22,2,1,1,2,3,1,2,0,7230.09,2,Electronics,Net Banking,Website,Wrong product,Premium,269,2,1,1,0,none
ORD100903,CUST100213,TXN100903,DEV203071,ADDR303199,ADDR303199,2024-04-06,2024-04-09,2,0,0,3045.03,0.0,0.0,0.0,1522.52,0.0,0,1,0,0,22,1,1,1,0,0,0,0,0,1102.55,1,Sports,UPI,Mobile App,Changed mind,Mass Market,272,3,2,1,0,none
ORD100905,CUST100213,TXN100905,DEV203071,ADDR303199,ADDR303199,2024-11-18,2024-11-21,4,1,1,5314.75,1102.55,0.2,0.2,1328.69,1102.55,0,0,0,0,48,1,2,2,1,1,1,1,0,1018.51,1,Fashion,UPI,Marketplace,Damaged product,Mass Market,272,3,0,3,0,none
ORD100906,CUST100214,TXN100906,DEV201100,ADDR303002,ADDR303002,2024-01-31,2024-02-14,0,0,0,0.0,0.0,0.0,0.0,0.0,0.0,0,0,0,0,999,2,1,1,0,0,0,0,0,654.08,1,Fashion,UPI,Website,Wrong product,Mass Market,1001,14,10,4,0,none
ORD100921,CUST100218,TXN100921,DEV200570,ADDR302911,ADDR302911,2024-01-13,2024-01-21,0,0,0,0.0,0.0,0.0,0.0,0.0,0.0,0,0,0,0,999,1,2,2,0,0,0,0,0,150.0,1,Beauty,Net Banking,Marketplace,Quality issue,Mass Market,155,8,4,4,0,none
ORD100928,CUST100218,TXN100928,DEV200570,ADDR302911,ADDR302911,2024-11-04,2024-11-06,7,2,1,5655.34,150.0,0.25,0.125,807.91,150.0,0,2,0,0,24,1,11,11,2,13,1,9,0,658.8,1,Electronics,Debit Card,Mobile App,Product not as described,Mass Market,155,2,0,2,0,none
ORD100929,CUST100219,TXN100929,DEV202666,ADDR301349,ADDR301349,2024-11-14,2024-11-23,0,0,0,0.0,0.0,0.0,0.0,0.0,0.0,0,0,0,0,999,2,3,3,1,2,0,2,0,470.83,1,Beauty,UPI,Website,Damaged product,Mass Market,1019,9,5,4,0,none
ORD100938,CUST100223,TXN100938,DEV201758,ADDR301114,ADDR301114,2024-12-27,2025-01-03,5,0,0,3237.38,0.0,0.0,0.0,647.48,0.0,0,0,0,0,88,3,2,2,0,0,0,0,0,176.74,1,Accessories,Credit Card,Mobile App,Wrong product,Mass Market,1347,7,4,3,0,none
ORD100941,CUST100224,TXN100941,DEV202145,ADDR300261,ADDR300261,2024-01-18,2024-01-23,2,0,0,814.35,0.0,0.0,0.0,407.17,0.0,0,2,0,0,20,1,1,1,0,0,0,0,0,2611.32,2,Fashion,UPI,Marketplace,Size issue,High Value,1011,5,3,2,0,none
ORD100943,CUST100224,TXN100943,DEV202145,ADDR300261,ADDR300261,2024-05-03,2024-05-08,4,2,1,5314.25,2260.78,0.4,0.2,1328.56,2260.78,0,0,0,0,65,1,1,1,2,2,1,1,0,301.89,1,Beauty,UPI,Mobile App,Wrong product,High Value,1011,5,1,4,0,none
ORD100946,CUST100224,TXN100946,DEV202145,ADDR300261,ADDR300261,2024-08-09,2024-08-15,7,3,2,7504.84,2505.86,0.375,0.25,1072.12,1252.93,0,0,0,0,71,1,3,3,3,3,2,2,0,4068.71,3,Footwear,Debit Card,Website,Size issue,High Value,1011,6,3,3,0,none
ORD100949,CUST100224,TXN100949,DEV202145,ADDR300261,ADDR300261,2024-11-14,2024-11-16,10,4,3,13509.78,6467.9,0.3636,0.2727,1350.98,2155.97,0,1,0,0,11,1,3,3,4,5,3,4,0,1562.31,1,Home,UPI,Mobile App,Wrong product,High Value,1011,2,1,1,0,none
ORD100952,CUST100224,TXN100952,DEV202145,ADDR300261,ADDR300261,2024-12-24,2024-12-27,13,5,4,16471.2,7770.36,0.3571,0.2857,1267.02,1942.59,0,1,0,0,10,1,3,3,5,6,4,5,0,146.89,1,Accessories,UPI,Mobile App,Product not as described,High Value,1011,3,1,2,0,none
ORD100957,CUST100225,TXN100957,DEV201077,ADDR302917,ADDR302917,2024-04-22,2024-04-27,7,0,0,3964.76,0.0,0.0,0.0,566.39,0.0,4,4,0,0,1,2,2,2,0,0,0,0,0,422.08,1,Beauty,EMI,Website,Quality issue,Mass Market,1191,5,3,2,0,none
ORD100961,CUST100225,TXN100961,DEV202897,ADDR302917,ADDR302917,2024-04-28,2024-05-05,9,1,1,7025.57,355.11,0.1,0.1,780.62,355.11,1,6,1,1,4,1,2,2,0,1,0,1,0,1267.8,1,Sports,UPI,Website,Damaged product,Mass Market,1191,7,6,1,0,none
ORD100973,CUST100227,TXN100973,DEV200315,ADDR302032,ADDR302032,2024-08-13,2024-08-20,4,2,0,4598.69,0.0,0.4,0.0,1149.67,0.0,0,0,0,0,71,4,3,3,2,3,0,0,0,1760.01,2,Accessories,Debit Card,Mobile App,Product not as described,High Value,1349,7,5,2,0,none
ORD100974,CUST100227,TXN100974,DEV200315,ADDR302032,ADDR302032,2024-09-21,2024-09-25,5,3,1,6358.7,1743.72,0.5,0.1667,1271.74,1743.72,0,0,0,0,43,4,3,3,3,4,1,1,0,374.1,1,Home,Credit Card,Marketplace,Damaged product,High Value,1349,4,1,3,0,none
ORD100977,CUST100227,TXN100977,DEV200315,ADDR302032,ADDR302032,2024-11-02,2024-11-06,10,4,2,8667.08,2099.6,0.3636,0.1818,866.71,1049.8,3,4,0,0,2,4,3,4,4,5,2,2,0,1709.01,1,Footwear,EMI,Website,Size issue,High Value,1349,4,3,1,1,refund_abuse
ORD100980,CUST100227,TXN100980,DEV200315,ADDR302032,ADDR302032,2024-11-18,2024-11-22,11,5,3,10376.09,3700.75,0.4167,0.25,943.28,1233.58,0,5,1,1,18,4,3,4,5,6,3,3,0,784.73,1,Home,Net Banking,Marketplace,Damaged product,High Value,1349,4,1,3,1,refund_abuse
ORD100982,CUST100229,TXN100982,DEV201475,ADDR300227,ADDR300227,2024-10-06,2024-10-13,0,0,0,0.0,0.0,0.0,0.0,0.0,0.0,0,0,0,0,999,2,1,1,0,0,0,0,0,284.51,1,Beauty,Debit Card,Mobile App,Wrong product,Budget,1011,7,3,4,0,none
ORD100985,CUST100230,TXN100985,DEV201317,ADDR300837,ADDR300837,2024-03-26,2024-04-02,3,0,0,1250.79,0.0,0.0,0.0,416.93,0.0,1,2,0,0,1,1,2,2,0,1,0,1,0,826.47,1,Home,UPI,Social Commerce,Wrong product,Budget,596,7,3,4,1,serial_return_abuse
ORD100991,CUST100230,TXN100991,DEV201317,ADDR300837,ADDR301556,2024-12-24,2025-01-08,8,2,1,3151.65,614.7,0.2222,0.1111,393.96,614.7,0,0,0,0,68,1,5,2,2,3,1,2,1,267.3,1,Sports,Credit Card,Social Commerce,Changed mind,Budget,596,15,11,4,1,serial_return_abuse
ORD101005,CUST100235,TXN101005,DEV201693,ADDR300586,ADDR300586,2024-08-07,2024-08-09,6,1,0,3929.27,0.0,0.1429,0.0,654.88,0.0,0,1,0,0,22,1,2,2,1,1,0,0,0,122.84,1,Accessories,Debit Card,Website,Changed mind,Premium,625,2,1,1,0,none
ORD101010,CUST100236,TXN101010,DEV201706,ADDR301896,ADDR302084,2024-04-13,2024-04-21,0,0,0,0.0,0.0,0.0,0.0,0.0,0.0,0,0,0,0,999,2,6,1,1,2,0,1,1,178.41,1,Beauty,Debit Card,Marketplace,Changed mind,Budget,645,8,5,3,0,none
ORD101014,CUST100237,TXN101014,DEV201273,ADDR302058,ADDR302058,2024-03-31,2024-04-12,1,0,0,500.0,0.0,0.0,0.0,500.0,0.0,0,0,0,0,38,1,4,2,0,0,0,0,0,300.0,1,Fashion,Debit Card,Mobile App,Quality issue,Mass Market,686,12,9,3,0,none
ORD101025,CUST100238,TXN101025,DEV202350,ADDR302761,ADDR302761,2024-12-03,2024-12-08,5,1,0,4567.06,0.0,0.1667,0.0,913.41,0.0,0,1,0,0,14,1,2,2,1,1,0,0,0,1216.79,1,Fashion,UPI,Website,Wrong product,Budget,140,5,3,2,0,none
ORD101046,CUST100242,TXN101046,DEV200935,ADDR303034,ADDR303034,2024-11-05,2024-11-15,12,0,0,10694.11,0.0,0.0,0.0,891.18,0.0,0,4,0,0,11,1,2,2,0,0,0,0,0,603.52,1,Fashion,UPI,Marketplace,Size issue,Budget,75,10,6,4,0,none
ORD101047,CUST100242,TXN101047,DEV200935,ADDR303034,ADDR303034,2024-12-24,2024-12-30,13,1,1,11297.63,506.12,0.0714,0.0714,869.05,506.12,0,0,0,0,55,1,2,2,1,1,1,1,0,897.66,1,Fashion,UPI,Mobile App,Changed mind,Budget,75,6,3,3,0,none
ORD101048,CUST100243,TXN101048,DEV202084,ADDR300010,ADDR300010,2024-01-26,2024-02-02,0,0,0,0.0,0.0,0.0,0.0,0.0,0.0,0,0,0,0,999,1,1,1,0,0,0,0,0,864.76,1,Footwear,UPI,Marketplace,Size issue,Mass Market,641,7,4,3,0,none
ORD101050,CUST100243,TXN101050,DEV202084,ADDR300010,ADDR300010,2024-02-28,2024-03-07,2,1,1,1464.76,732.44,0.3333,0.3333,732.38,732.44,0,1,0,1,10,1,1,1,1,1,1,1,0,608.9,1,Home,Net Banking,Mobile App,Wrong product,Mass Market,641,8,6,2,0,none
ORD101052,CUST100243,TXN101052,DEV202084,ADDR300010,ADDR300010,2024-04-29,2024-05-05,4,2,2,4450.72,1253.91,0.4,0.4,1112.68,626.96,0,1,0,0,17,1,1,1,2,2,2,2,0,377.07,1,Beauty,UPI,Website,Product not as described,Mass Market,641,6,2,4,0,none
ORD101053,CUST100243,TXN101053,DEV202084,ADDR300010,ADDR300010,2024-05-06,2024-05-07,5,3,2,4827.79,1253.91,0.5,0.3333,965.56,626.96,0,2,1,0,8,1,1,1,3,3,2,2,0,310.82,2,Accessories,Net Banking,Social Commerce,Quality issue,Mass Market,641,1,0,1,0,none
ORD101055,CUST100243,TXN101055,DEV202084,ADDR300010,ADDR300010,2024-10-13,2024-10-17,7,4,4,5290.98,1928.56,0.5,0.5,755.85,482.14,0,0,0,0,78,1,2,2,4,5,4,5,0,714.82,1,Electronics,UPI,Marketplace,Damaged product,Mass Market,641,4,1,3,0,none
ORD101061,CUST100245,TXN101061,DEV200538,ADDR300050,ADDR300050,2024-11-15,2024-11-19,4,0,0,3193.87,0.0,0.0,0.0,798.47,0.0,0,2,0,0,13,1,2,2,0,1,0,1,0,771.32,1,Sports,Wallet,Mobile App,Changed mind,Premium,84,4,3,1,0,none
ORD101068,CUST100247,TXN101068,DEV200021,ADDR301477,ADDR301477,2024-06-02,2024-06-09,2,0,0,1503.16,0.0,0.0,0.0,751.58,0.0,0,0,0,0,45,2,2,2,1,1,1,1,0,4851.82,3,Fashion,UPI,Mobile App,Wrong product,High Value,461,7,3,4,0,none
ORD101074,CUST100248,TXN101074,DEV201932,ADDR301490,ADDR301490,2024-08-06,2024-08-08,6,0,0,3867.3,0.0,0.0,0.0,644.55,0.0,1,1,0,0,2,1,1,2,0,0,0,0,0,1961.22,2,Fashion,UPI,Website,Duplicate order,Mass Market,255,2,1,1,0,none
ORD101096,CUST100251,TXN101096,DEV200733,ADDR300144,ADDR300144,2024-08-26,2024-08-31,4,0,0,5588.88,0.0,0.0,0.0,1397.22,0.0,0,0,0,0,97,2,1,1,0,0,0,0,0,769.78,1,Fashion,Credit Card,Website,Size issue,High Value,937,5,2,3,0,none
ORD101106,CUST100254,TXN101106,DEV201282,ADDR300347,ADDR300347,2024-01-05,2024-01-16,0,0,0,0.0,0.0,0.0,0.0,0.0,0.0,0,0,0,0,999,2,1,1,0,0,0,0,0,617.44,1,Fashion,Debit Card,Social Commerce,Product not as described,Budget,886,11,7,4,0,none
ORD101111,CUST100254,TXN101111,DEV201282,ADDR300347,ADDR300347,2024-08-14,2024-08-18,5,1,1,1990.29,526.6,0.1667,0.1667,398.06,526.6,0,0,0,0,57,2,4,4,1,2,1,2,0,248.67,1,Beauty,Net Banking,Mobile App,Changed mind,Budget,886,4,3,1,0,none
ORD101120,CUST100256,TXN101120,DEV203033,ADDR302685,ADDR302685,2024-08-21,2024-08-29,3,0,0,3885.76,0.0,0.0,0.0,1295.25,0.0,0,0,0,0,49,3,1,1,0,0,0,0,0,3606.46,2,Fashion,Debit Card,Mobile App,Changed mind,Mass Market,1224,8,6,2,0,none
ORD101123,CUST100258,TXN101123,DEV202241,ADDR300919,ADDR300919,2024-10-15,2024-10-26,1,0,0,2309.83,0.0,0.0,0.0,2309.83,0.0,0,0,0,0,143,2,1,1,0,0,0,0,0,1388.39,1,Electronics,Debit Card,Website,Quality issue,High Value,361,11,8,3,0,none
ORD101125,CUST100258,TXN101125,DEV201717,ADDR300919,ADDR300919,2024-11-15,2024-11-19,3,1,1,4528.97,1323.56,0.25,0.25,1509.66,1323.56,1,1,1,1,5,2,1,1,0,1,0,1,0,722.74,1,Fashion,UPI,Marketplace,Quality issue,High Value,361,4,2,2,0,none
ORD101129,CUST100260,TXN101129,DEV201318,ADDR301016,ADDR301016,2024-08-08,2024-08-16,1,0,0,128.44,0.0,0.0,0.0,128.44,0.0,0,0,0,0,122,1,3,4,0,1,0,0,0,244.58,1,Accessories,UPI,Marketplace,Wrong product,Mass Market,755,8,6,2,0,none
ORD101138,CUST100263,TXN101138,DEV200319,ADDR302341,ADDR302341,2024-12-21,2025-01-03,2,0,0,1104.01,0.0,0.0,0.0,552.0,0.0,0,0,0,0,46,3,4,3,2,3,1,3,0,207.05,1,Home,UPI,Mobile App,Quality issue,Budget,1563,13,9,4,0,none
ORD101150,CUST100271,TXN101150,DEV202224,ADDR300463,ADDR300463,2024-11-22,2024-11-25,0,0,0,0.0,0.0,0.0,0.0,0.0,0.0,0,0,0,0,999,2,4,4,1,0,1,0,0,1228.42,2,Electronics,UPI,Website,Damaged product,Premium,551,3,0,3,0,none
ORD101181,CUST100280,TXN101181,DEV200190,ADDR302835,ADDR302835,2024-10-23,2024-10-29,12,1,0,7562.68,0.0,0.0769,0.0,630.22,0.0,1,2,0,0,5,1,6,6,1,8,0,6,0,709.29,1,Fashion,Debit Card,Website,Quality issue,Budget,1536,6,3,3,1,serial_return_abuse
ORD101183,CUST100280,TXN101183,DEV200190,ADDR302835,ADDR302835,2024-10-31,2024-11-09,15,2,1,10491.5,586.71,0.125,0.0625,699.43,586.71,2,5,1,1,3,1,6,6,2,9,1,7,0,243.36,1,Fashion,UPI,Mobile App,Product not as described,Budget,1536,9,6,3,1,serial_return_abuse
ORD101187,CUST100280,TXN101187,DEV200190,ADDR302835,ADDR302835,2024-11-15,2024-11-17,17,3,2,10885.16,830.07,0.1667,0.1111,640.3,415.04,0,6,2,2,8,1,6,6,3,10,2,8,0,1000.2,1,Electronics,Credit Card,Website,Damaged product,Budget,1536,2,1,1,0,none
ORD101201,CUST100281,TXN101201,DEV201244,ADDR303029,ADDR303029,2024-12-20,2024-12-21,11,1,0,5305.71,0.0,0.0833,0.0,482.34,0.0,0,0,0,0,54,1,1,1,1,1,0,0,0,699.56,1,Sports,Debit Card,Mobile App,Quality issue,Budget,178,1,0,1,1,refund_abuse
ORD101203,CUST100282,TXN101203,DEV200323,ADDR301033,ADDR301033,2024-02-28,2024-03-10,1,0,0,827.21,0.0,0.0,0.0,827.21,0.0,0,0,0,0,54,2,2,2,0,0,0,0,0,2001.24,1,Electronics,Wallet,Marketplace,Damaged product,Budget,592,11,8,3,0,none
ORD101211,CUST100285,TXN101211,DEV202423,ADDR302020,ADDR302020,2024-10-03,2024-10-08,4,1,0,2682.81,0.0,0.2,0.0,670.7,0.0,1,1,0,0,3,4,1,1,3,1,1,0,0,1007.22,1,Electronics,Debit Card,Website,Damaged product,Mass Market,989,5,3,2,0,none
ORD101215,CUST100286,TXN101215,DEV200559,ADDR300219,ADDR300219,2024-03-04,2024-03-09,0,0,0,0.0,0.0,0.0,0.0,0.0,0.0,0,0,0,0,999,1,4,4,0,0,0,0,0,324.48,1,Footwear,Wallet,Website,Quality issue,Budget,167,5,3,2,0,none
ORD101227,CUST100287,TXN101227,DEV203164,ADDR303178,ADDR303178,2024-12-01,2024-12-13,11,1,0,9252.77,0.0,0.0833,0.0,841.16,0.0,0,0,0,0,31,2,2,5,1,1,0,0,0,253.75,1,Accessories,UPI,Mobile App,Changed mind,Premium,855,12,11,1,0,none
ORD101239,CUST100291,TXN101239,DEV200026,ADDR301679,ADDR301679,2024-01-12,2024-01-21,0,0,0,0.0,0.0,0.0,0.0,0.0,0.0,0,0,0,0,999,1,1,1,0,0,0,0,0,201.37,1,Home,Debit Card,Mobile App,Wrong product,Budget,1116,9,5,4,0,none
ORD101251,CUST100295,TXN101251,DEV202030,ADDR301010,ADDR301010,2024-05-18,2024-05-22,0,0,0,0.0,0.0,0.0,0.0,0.0,0.0,0,0,0,0,999,1,2,2,0,0,0,0,0,490.34,1,Fashion,Wallet,Website,Size issue,Budget,455,4,0,4,0,none
ORD101258,CUST100296,TXN101258,DEV202218,ADDR301418,ADDR301418,2024-02-04,2024-02-07,1,0,0,117.79,0.0,0.0,0.0,117.79,0.0,0,1,0,0,27,2,1,1,0,0,0,0,0,474.79,1,Home,UPI,Website,Wrong product,Mass Market,74,3,0,3,0,none
ORD101260,CUST100296,TXN101260,DEV202218,ADDR301418,ADDR301418,2024-02-19,2024-02-23,3,1,1,743.21,429.32,0.25,0.25,247.74,429.32,0,2,1,1,16,2,1,1,1,1,1,1,0,898.4,1,Fashion,Credit Card,Social Commerce,Quality issue,Mass Market,74,4,1,3,0,none
ORD101262,CUST100296,TXN101262,DEV202218,ADDR301418,ADDR301418,2024-04-05,2024-04-09,5,2,2,1769.53,1089.92,0.3333,0.3333,353.91,544.96,0,1,0,0,24,2,1,1,2,2,2,2,0,1686.2,2,Fashion,Debit Card,Website,Size issue,Mass Market,74,4,1,3,0,none
ORD101263,CUST100296,TXN101263,DEV202218,ADDR301418,ADDR301418,2024-06-17,2024-06-20,6,3,3,3455.73,2539.35,0.4286,0.4286,575.96,846.45,0,0,0,0,76,2,1,1,3,3,3,3,0,1166.21,1,Electronics,Wallet,Social Commerce,Damaged product,Mass Market,74,3,1,2,0,none
ORD101271,CUST100296,TXN101271,DEV202218,ADDR301418,ADDR301418,2024-10-28,2024-11-01,14,4,4,12210.64,3487.17,0.2667,0.2667,872.19,871.79,0,3,0,0,13,2,1,1,4,4,4,4,0,221.27,1,Beauty,Credit Card,Social Commerce,Damaged product,Mass Market,74,4,3,1,0,none
ORD101273,CUST100296,TXN101273,DEV202218,ADDR301418,ADDR301418,2024-12-16,2024-12-23,16,6,5,12734.09,3708.44,0.3529,0.2941,795.88,741.69,0,0,0,0,51,2,1,1,6,6,5,5,0,576.84,1,Fashion,Credit Card,Website,Other,Mass Market,74,7,4,3,0,none
ORD101292,CUST100302,TXN101292,DEV202692,ADDR301541,ADDR301541,2024-10-01,2024-10-03,10,0,0,10124.2,0.0,0.0,0.0,1012.42,0.0,1,2,0,0,2,1,2,2,0,0,0,0,0,356.01,1,Home,UPI,Marketplace,Changed mind,Mass Market,1352,2,0,2,1,refund_abuse
ORD101295,CUST100302,TXN101295,DEV202692,ADDR301541,ADDR301541,2024-10-11,2024-10-17,13,1,1,12267.58,344.36,0.0714,0.0714,943.66,344.36,2,4,1,1,5,1,2,2,1,1,1,1,0,786.54,1,Sports,EMI,Website,Changed mind,Mass Market,1352,6,2,4,1,refund_abuse
ORD101297,CUST100302,TXN101297,DEV202692,ADDR301541,ADDR301541,2024-10-23,2024-10-27,14,2,1,13054.12,344.36,0.1333,0.0667,932.44,344.36,0,5,2,1,15,1,2,2,2,2,1,1,0,155.55,1,Beauty,UPI,Website,Changed mind,Mass Market,1352,4,2,2,1,refund_abuse
ORD101328,CUST100310,TXN101328,DEV202015,ADDR300245,ADDR300245,2024-10-05,2024-10-08,5,0,0,5240.85,0.0,0.0,0.0,1048.17,0.0,0,0,0,0,119,2,3,3,0,1,0,0,0,166.47,1,Beauty,Wallet,Mobile App,Quality issue,Budget,1438,3,1,2,1,policy_exploitation
ORD101339,CUST100318,TXN101339,DEV202919,ADDR300590,ADDR300590,2024-03-30,2024-04-04,2,0,0,2336.34,0.0,0.0,0.0,1168.17,0.0,0,0,0,0,62,1,1,1,0,0,0,0,0,413.29,1,Home,UPI,Mobile App,Damaged product,Mass Market,1536,5,4,1,0,none
ORD101353,CUST100321,TXN101353,DEV200546,ADDR302610,ADDR302610,2024-01-03,2024-01-19,0,0,0,0.0,0.0,0.0,0.0,0.0,0.0,0,0,0,0,999,1,1,1,0,0,0,0,0,715.4,1,Sports,EMI,Mobile App,Quality issue,Budget,528,16,14,2,0,none
ORD101354,CUST100322,TXN101354,DEV201615,ADDR300306,ADDR300306,2024-10-12,2024-10-21,0,0,0,0.0,0.0,0.0,0.0,0.0,0.0,0,0,0,0,999,2,1,1,0,0,0,0,0,373.09,1,Accessories,UPI,Mobile App,Damaged product,Mass Market,1294,9,5,4,0,none
ORD101356,CUST100324,TXN101356,DEV202424,ADDR302325,ADDR302325,2024-03-04,2024-03-10,0,0,0,0.0,0.0,0.0,0.0,0.0,0.0,0,0,0,0,999,1,1,2,0,0,0,0,0,1013.54,1,Electronics,UPI,Mobile App,Damaged product,Budget,67,6,5,1,0,none
ORD101363,CUST100327,TXN101363,DEV200969,ADDR301194,ADDR301194,2024-04-02,2024-04-13,3,0,0,2557.45,0.0,0.0,0.0,852.48,0.0,0,0,0,0,34,1,1,1,0,0,0,0,0,147.56,1,Accessories,Wallet,Mobile App,Quality issue,Mass Market,777,11,7,4,0,none
ORD101368,CUST100327,TXN101368,DEV200969,ADDR301194,ADDR301194,2024-11-02,2024-11-10,8,1,1,7548.11,147.56,0.1111,0.1111,943.51,147.56,0,1,0,0,20,1,1,1,1,1,1,1,0,280.42,1,Accessories,Debit Card,Marketplace,Changed mind,Mass Market,777,8,5,3,1,policy_exploitation
ORD101371,CUST100327,TXN101371,DEV200824,ADDR301194,ADDR301194,2024-12-26,2024-12-28,11,2,2,8055.64,422.94,0.1667,0.1667,732.33,211.47,0,2,0,0,13,1,1,1,0,2,0,2,0,437.48,1,Fashion,UPI,Marketplace,Quality issue,Mass Market,777,2,1,1,1,policy_exploitation
ORD101375,CUST100328,TXN101375,DEV201069,ADDR301290,ADDR301290,2024-03-03,2024-03-05,4,0,0,6173.91,0.0,0.0,0.0,1543.48,0.0,1,2,0,0,2,1,2,2,0,1,0,1,0,1877.19,2,Fashion,Credit Card,Social Commerce,Changed mind,Premium,793,2,0,2,0,none
ORD101376,CUST100328,TXN101376,DEV201069,ADDR301290,ADDR301290,2024-03-03,2024-03-05,4,0,0,7583.81,0.0,0.0,0.0,1895.95,0.0,1,2,0,0,2,1,2,2,0,1,0,1,0,467.29,1,Home,UPI,Mobile App,Late delivery,Premium,793,2,1,1,0,none
ORD101383,CUST100329,TXN101383,DEV201609,ADDR302870,ADDR301175,2024-01-10,2024-01-17,0,0,0,0.0,0.0,0.0,0.0,0.0,0.0,0,0,0,0,999,2,1,1,0,0,0,0,1,971.59,1,Footwear,Credit Card,Marketplace,Size issue,Premium,1317,7,5,2,0,none
ORD101386,CUST100330,TXN101386,DEV201229,ADDR301336,ADDR301336,2024-10-24,2024-11-04,2,1,0,445.33,0.0,0.3333,0.0,222.67,0.0,0,0,0,0,231,2,1,1,0,1,0,0,0,756.43,1,Sports,Credit Card,Marketplace,Quality issue,Premium,450,11,7,4,0,none
ORD101387,CUST100331,TXN101387,DEV200439,ADDR301222,ADDR301222,2024-05-13,2024-05-24,0,0,0,0.0,0.0,0.0,0.0,0.0,0.0,0,0,0,0,999,1,7,7,0,4,0,2,0,264.61,1,Fashion,Wallet,Mobile App,Size issue,Budget,645,11,7,4,0,none
ORD101392,CUST100332,TXN101392,DEV201302,ADDR301854,ADDR301854,2024-01-01,2024-01-04,0,0,0,0.0,0.0,0.0,0.0,0.0,0.0,0,0,0,0,999,1,1,1,0,0,0,0,0,1418.9,2,Beauty,Debit Card,Mobile App,Quality issue,Mass Market,91,3,0,3,0,none
ORD101411,CUST100338,TXN101411,DEV202896,ADDR300563,ADDR300563,2024-05-26,2024-06-02,2,0,0,779.83,0.0,0.0,0.0,389.92,0.0,0,1,0,0,16,1,3,3,0,1,0,1,0,380.25,1,Home,UPI,Website,Product not as described,Mass Market,1462,7,3,4,0,none
ORD101413,CUST100338,TXN101413,DEV202896,ADDR300563,ADDR300563,2024-10-13,2024-10-19,4,1,1,2390.12,288.73,0.2,0.2,597.53,288.73,0,0,0,0,88,1,3,3,1,2,1,2,0,713.38,1,Fashion,Net Banking,Mobile App,Changed mind,Mass Market,1462,6,5,1,0,none
ORD101440,CUST100346,TXN101440,DEV200850,ADDR301851,ADDR301851,2024-04-16,2024-04-20,3,1,0,1264.78,0.0,0.25,0.0,421.59,0.0,0,1,0,0,29,2,1,1,1,1,0,0,0,440.67,1,Fashion,UPI,Website,Changed mind,High Value,116,4,3,1,1,serial_return_abuse
ORD101441,CUST100346,TXN101441,DEV200850,ADDR301851,ADDR301851,2024-04-25,2024-04-29,4,2,1,1705.45,440.67,0.4,0.2,426.36,440.67,0,1,1,1,13,2,1,1,2,2,1,1,0,1025.56,1,Fashion,Wallet,Marketplace,Product not as described,High Value,116,4,2,2,1,serial_return_abuse
ORD101444,CUST100346,TXN101444,DEV200850,ADDR301851,ADDR301851,2024-10-13,2024-10-17,7,3,2,9448.28,1109.31,0.375,0.25,1349.75,554.66,0,0,0,0,79,2,1,1,3,3,2,2,0,1018.9,1,Fashion,Credit Card,Social Commerce,Changed mind,High Value,116,4,1,3,1,serial_return_abuse
ORD101445,CUST100346,TXN101445,DEV200850,ADDR301851,ADDR301851,2024-10-29,2024-11-01,8,4,3,10467.18,1993.91,0.4444,0.3333,1308.4,664.64,0,1,1,1,19,2,1,1,4,4,3,3,0,6495.57,3,Footwear,UPI,Website,Changed mind,High Value,116,3,2,1,1,serial_return_abuse
ORD101447,CUST100346,TXN101447,DEV200850,ADDR301851,ADDR301851,2024-11-15,2024-11-21,10,6,4,17697.2,8489.48,0.5455,0.3636,1769.72,2122.37,0,2,2,1,19,2,1,1,6,6,4,4,0,1212.31,1,Home,Net Banking,Website,Damaged product,High Value,116,6,2,4,0,none
ORD101448,CUST100347,TXN101448,DEV200458,ADDR301486,ADDR301486,2024-09-23,2024-09-29,0,0,0,0.0,0.0,0.0,0.0,0.0,0.0,0,0,0,0,999,3,3,3,1,1,0,0,0,1010.8,1,Electronics,Debit Card,Marketplace,Wrong product,Budget,890,6,4,2,1,coordinated_address_abuse
ORD101459,CUST100349,TXN101459,DEV201262,ADDR301897,ADDR301897,2024-06-15,2024-06-19,6,1,0,4023.57,0.0,0.1429,0.0,670.6,0.0,1,2,0,0,5,2,1,1,1,1,0,0,0,818.79,2,Grocery,Net Banking,Website,Wrong product,High Value,587,4,3,1,0,none
ORD101465,CUST100350,TXN101465,DEV201085,ADDR300491,ADDR300491,2024-04-13,2024-04-19,1,0,0,532.62,0.0,0.0,0.0,532.62,0.0,0,0,0,0,106,3,1,1,0,0,0,0,0,3453.08,1,Footwear,Credit Card,Marketplace,Late delivery,High Value,817,6,3,3,0,none
ORD101487,CUST100355,TXN101487,DEV202471,ADDR300165,ADDR300165,2024-03-04,2024-03-10,4,0,0,4031.81,0.0,0.0,0.0,1007.95,0.0,1,2,0,0,4,2,1,1,0,0,0,0,0,937.78,1,Electronics,UPI,Marketplace,Product not as described,Mass Market,633,6,4,2,0,none
ORD101491,CUST100355,TXN101491,DEV202471,ADDR300165,ADDR300165,2024-08-08,2024-08-14,7,1,1,5473.61,876.93,0.125,0.125,781.94,876.93,0,1,0,0,29,2,1,1,1,1,1,1,0,744.78,1,Fashion,Debit Card,Mobile App,Changed mind,Mass Market,633,6,4,2,1,serial_return_abuse
ORD101493,CUST100355,TXN101493,DEV202471,ADDR300165,ADDR300165,2024-08-26,2024-08-31,9,2,2,8251.1,1621.71,0.2,0.2,916.79,810.86,1,2,1,1,6,2,1,1,2,2,2,2,0,308.18,1,Fashion,UPI,Marketplace,Changed mind,Mass Market,633,5,2,3,1,serial_return_abuse
ORD101497,CUST100355,TXN101497,DEV202471,ADDR300165,ADDR300165,2024-10-29,2024-11-02,13,3,3,12613.94,1819.26,0.2143,0.2143,970.3,606.42,1,3,0,0,4,2,1,1,3,3,3,3,0,522.18,1,Fashion,Wallet,Mobile App,Changed mind,Mass Market,633,4,1,3,1,serial_return_abuse
ORD101498,CUST100355,TXN101498,DEV202471,ADDR300165,ADDR300165,2024-11-11,2024-11-14,15,4,4,15732.42,2328.48,0.25,0.25,1048.83,582.12,1,3,1,1,3,2,1,1,4,4,4,4,0,204.77,1,Accessories,UPI,Mobile App,Quality issue,Mass Market,633,3,0,3,0,none
ORD101501,CUST100355,TXN101501,DEV202471,ADDR300165,ADDR300165,2024-11-20,2024-11-27,18,5,5,18826.1,2526.72,0.2632,0.2632,1045.89,505.34,1,6,2,2,5,2,1,1,5,5,5,5,0,3899.1,3,Fashion,UPI,Marketplace,Late delivery,Mass Market,633,7,5,2,0,none
ORD101504,CUST100356,TXN101504,DEV202943,ADDR300665,ADDR300665,2024-06-29,2024-07-09,0,0,0,0.0,0.0,0.0,0.0,0.0,0.0,0,0,0,0,999,1,2,2,0,1,0,1,0,1388.24,2,Footwear,UPI,Mobile App,Quality issue,Mass Market,940,10,9,1,0,none
ORD101507,CUST100359,TXN101507,DEV200449,ADDR300626,ADDR300626,2024-07-24,2024-07-25,0,0,0,0.0,0.0,0.0,0.0,0.0,0.0,0,0,0,0,999,3,3,3,1,1,1,1,0,597.13,3,Beauty,UPI,Website,Changed mind,Budget,125,1,0,1,1,account_multiplication
ORD101508,CUST100359,TXN101508,DEV200449,ADDR300626,ADDR300423,2024-07-28,2024-08-05,1,1,1,597.13,554.43,0.5,0.5,597.13,554.43,0,1,1,1,12,3,3,1,2,2,2,2,1,677.63,1,Electronics,Net Banking,Mobile App,Product not as described,Budget,125,8,5,3,1,account_multiplication
ORD101509,CUST100359,TXN101509,DEV200449,ADDR300626,ADDR300626,2024-09-06,2024-09-11,2,2,2,1274.76,1232.06,0.6667,0.6667,637.38,616.03,0,0,0,0,45,3,3,3,3,3,3,3,0,837.72,2,Fashion,Debit Card,Mobile App,Changed mind,Budget,125,5,3,2,1,account_multiplication
ORD101515,CUST100361,TXN101515,DEV200765,ADDR302882,ADDR302882,2024-12-16,2024-12-20,1,0,0,632.13,0.0,0.0,0.0,632.13,0.0,0,0,0,0,75,3,7,7,1,2,0,2,0,562.95,1,Fashion,Wallet,Mobile App,Changed mind,Budget,1058,4,0,4,0,none
ORD101519,CUST100363,TXN101519,DEV201457,ADDR301623,ADDR302376,2024-05-25,2024-05-29,2,0,0,3989.07,0.0,0.0,0.0,1994.54,0.0,0,0,0,0,46,2,2,1,0,0,0,0,1,1690.15,2,Electronics,Wallet,Social Commerce,Size issue,Premium,822,4,2,2,0,none
ORD101533,CUST100366,TXN101533,DEV202773,ADDR301224,ADDR301224,2024-08-16,2024-08-20,6,0,0,3914.8,0.0,0.0,0.0,652.47,0.0,0,1,0,0,18,2,2,2,0,1,0,1,0,862.0,1,Fashion,UPI,Marketplace,Size issue,Budget,1036,4,2,2,1,refund_abuse
ORD101545,CUST100371,TXN101545,DEV200459,ADDR300319,ADDR300319,2024-07-19,2024-07-25,1,0,0,528.76,0.0,0.0,0.0,528.76,0.0,0,0,0,0,150,1,1,1,0,0,0,0,0,1938.19,3,Fashion,Debit Card,Mobile App,Quality issue,Budget,1358,6,4,2,0,none
ORD101546,CUST100371,TXN101546,DEV200459,ADDR300319,ADDR300319,2024-08-26,2024-08-28,2,1,1,2466.95,1883.94,0.3333,0.3333,1233.47,1883.94,0,0,0,1,40,1,1,1,1,1,1,1,0,318.95,1,Fashion,Debit Card,Marketplace,Size issue,Budget,1358,2,1,1,0,none
ORD101550,CUST100373,TXN101550,DEV203064,ADDR302253,ADDR302253,2024-06-23,2024-07-04,0,0,0,0.0,0.0,0.0,0.0,0.0,0.0,0,0,0,0,999,2,6,6,0,3,0,1,0,1751.24,1,Sports,Wallet,Marketplace,Damaged product,High Value,618,11,7,4,0,none
ORD101553,CUST100374,TXN101553,DEV201023,ADDR300387,ADDR300387,2024-05-08,2024-05-13,0,0,0,0.0,0.0,0.0,0.0,0.0,0.0,0,0,0,0,999,2,1,1,1,0,0,0,0,5782.23,1,Electronics,UPI,Website,Wrong product,Premium,1266,5,1,4,0,none
ORD101554,CUST100374,TXN101554,DEV201023,ADDR300387,ADDR300387,2024-11-02,2024-11-05,1,1,1,5782.23,5782.23,0.5,0.5,5782.23,5782.23,0,0,0,0,181,3,1,1,3,1,2,1,0,614.21,1,Electronics,UPI,Mobile App,Changed mind,Premium,1266,3,1,2,0,none
ORD101555,CUST100375,TXN101555,DEV202561,ADDR301222,ADDR301222,2024-01-12,2024-01-15,0,0,0,0.0,0.0,0.0,0.0,0.0,0.0,0,0,0,0,999,2,3,3,0,0,0,0,0,303.22,1,Fashion,EMI,Website,Size issue,Budget,543,3,1,2,0,none
ORD101560,CUST100377,TXN101560,DEV200572,ADDR300497,ADDR300497,2024-07-07,2024-07-13,0,0,0,0.0,0.0,0.0,0.0,0.0,0.0,0,0,0,0,999,1,1,1,0,0,0,0,0,410.9,1,Fashion,Debit Card,Mobile App,Size issue,Mass Market,1151,6,3,3,0,none
ORD101565,CUST100378,TXN101565,DEV200048,ADDR300252,ADDR300252,2024-10-30,2024-11-04,4,1,0,1961.4,0.0,0.2,0.0,490.35,0.0,1,2,0,0,7,2,2,2,1,2,0,1,0,1677.93,1,Fashion,UPI,Marketplace,Wrong product,Premium,1069,5,2,3,1,serial_return_abuse
ORD101567,CUST100380,TXN101567,DEV200535,ADDR300811,ADDR300811,2024-01-24,2024-02-08,0,0,0,0.0,0.0,0.0,0.0,0.0,0.0,0,0,0,0,999,2,1,1,0,0,0,0,0,162.68,1,Grocery,UPI,Mobile App,Wrong product,Mass Market,254,15,13,2,0,none
ORD101576,CUST100380,TXN101576,DEV200535,ADDR300811,ADDR300811,2024-10-15,2024-10-20,10,1,1,9431.85,139.51,0.0909,0.0909,943.18,139.51,1,2,0,0,3,2,1,1,1,1,1,1,0,441.62,1,Footwear,Wallet,Marketplace,Changed mind,Mass Market,254,5,4,1,0,none
ORD101586,CUST100382,TXN101586,DEV200356,ADDR300132,ADDR300132,2024-06-18,2024-06-23,2,0,0,979.01,0.0,0.0,0.0,489.5,0.0,0,0,0,0,77,1,1,1,0,0,0,0,0,459.56,1,Footwear,UPI,Marketplace,Size issue,Budget,341,5,2,3,0,none
ORD101596,CUST100386,TXN101596,DEV201976,ADDR302400,ADDR302660,2024-11-19,2024-11-23,1,0,0,396.09,0.0,0.0,0.0,396.09,0.0,0,0,0,0,157,1,3,1,0,1,0,1,1,459.58,1,Fashion,UPI,Mobile App,Quality issue,Budget,1563,4,0,4,0,none
ORD101598,CUST100387,TXN101598,DEV201060,ADDR300307,ADDR300307,2024-01-13,2024-01-19,1,0,0,543.33,0.0,0.0,0.0,543.33,0.0,0,1,0,0,8,1,1,1,0,0,0,0,0,1764.88,1,Footwear,UPI,Mobile App,Quality issue,Mass Market,328,6,2,4,1,serial_return_abuse
ORD101599,CUST100387,TXN101599,DEV201060,ADDR300307,ADDR300307,2024-02-08,2024-02-13,2,1,1,2308.21,1759.33,0.3333,0.3333,1154.1,1759.33,0,0,1,1,31,1,2,2,1,1,1,1,0,952.96,1,Electronics,Wallet,Website,Changed mind,Mass Market,328,5,3,2,1,serial_return_abuse
ORD101603,CUST100387,TXN101603,DEV201060,ADDR300307,ADDR300307,2024-04-27,2024-04-30,6,3,2,4338.39,2604.18,0.4286,0.2857,723.06,1302.09,0,2,1,0,12,1,2,2,3,3,2,2,0,2424.72,2,Home,Net Banking,Marketplace,Product not as described,Mass Market,328,3,1,2,1,serial_return_abuse
ORD101604,CUST100387,TXN101604,DEV201060,ADDR300307,ADDR300307,2024-05-16,2024-05-18,7,4,3,6763.11,5001.64,0.5,0.375,966.16,1667.21,0,2,2,1,21,1,2,2,4,4,3,3,0,583.5,1,Fashion,UPI,Mobile App,Damaged product,Mass Market,328,2,0,2,0,none
ORD101606,CUST100387,TXN101606,DEV201060,ADDR300307,ADDR300307,2024-10-22,2024-10-26,10,5,4,8204.36,5528.28,0.4545,0.3636,820.44,1382.07,1,2,0,0,3,1,3,3,5,5,4,4,0,788.53,1,Fashion,Credit Card,Marketplace,Product not as described,Mass Market,328,4,0,4,1,serial_return_abuse
ORD101608,CUST100387,TXN101608,DEV201060,ADDR300307,ADDR300307,2024-10-26,2024-10-31,12,6,4,9719.93,5528.28,0.4615,0.3077,809.99,1382.07,1,4,1,0,4,1,3,3,6,6,4,4,0,1385.0,2,Sports,Credit Card,Social Commerce,Changed mind,Mass Market,328,5,2,3,1,serial_return_abuse
ORD101611,CUST100387,TXN101611,DEV201060,ADDR300307,ADDR300307,2024-12-27,2025-01-04,14,7,5,11304.93,6086.67,0.4667,0.3333,807.5,1217.33,0,1,0,0,13,1,3,3,7,7,5,5,0,1073.01,3,Fashion,Credit Card,Mobile App,Size issue,Mass Market,328,8,4,4,1,serial_return_abuse
ORD101612,CUST100388,TXN101612,DEV203115,ADDR302181,ADDR302181,2024-11-11,2024-11-15,0,0,0,0.0,0.0,0.0,0.0,0.0,0.0,0,0,0,0,999,4,4,3,4,4,4,4,0,243.36,1,Fashion,Credit Card,Mobile App,Size issue,Budget,210,4,2,2,1,coordinated_device_abuse
ORD101625,CUST100394,TXN101625,DEV201816,ADDR300527,ADDR300527,2024-02-04,2024-02-08,2,0,0,796.34,0.0,0.0,0.0,398.17,0.0,1,1,0,0,7,1,1,1,0,0,0,0,0,391.47,1,Accessories,Credit Card,Mobile App,Product not as described,Premium,529,4,1,3,0,none
ORD101629,CUST100394,TXN101629,DEV201816,ADDR300527,ADDR300527,2024-04-30,2024-05-05,6,1,1,2312.24,367.46,0.1429,0.1429,385.37,367.46,0,3,0,0,12,1,1,1,1,1,1,1,0,1652.5,1,Footwear,UPI,Mobile App,Quality issue,Premium,529,5,4,1,0,none
ORD101636,CUST100394,TXN101636,DEV201816,ADDR300527,ADDR300527,2024-10-24,2024-10-31,15,2,2,7919.06,1806.68,0.125,0.125,527.94,903.34,2,4,0,0,1,1,1,1,2,2,2,2,0,255.17,1,Beauty,Debit Card,Mobile App,Changed mind,Premium,529,7,6,1,0,none
ORD101637,CUST100394,TXN101637,DEV201816,ADDR300527,ADDR300527,2024-10-28,2024-11-08,16,3,2,8211.56,1806.68,0.1765,0.1176,513.22,903.34,1,4,1,0,6,1,1,1,3,3,2,2,0,276.86,1,Accessories,Credit Card,Website,Changed mind,Premium,529,11,9,2,0,none
ORD101643,CUST100395,TXN101643,DEV200376,ADDR301358,ADDR301358,2024-01-20,2024-01-26,0,0,0,0.0,0.0,0.0,0.0,0.0,0.0,0,0,0,0,999,1,1,1,0,0,0,0,0,976.92,1,Home,UPI,Mobile App,Other,Mass Market,1072,6,3,3,0,none
ORD101644,CUST100395,TXN101644,DEV200376,ADDR301358,ADDR301358,2024-02-12,2024-02-15,1,1,1,976.92,902.31,0.5,0.5,976.92,902.31,0,1,1,1,26,1,1,1,1,1,1,1,0,551.74,1,Home,Net Banking,Website,Other,Mass Market,1072,3,1,2,0,none
ORD101662,CUST100401,TXN101662,DEV201617,ADDR302032,ADDR302032,2024-12-27,2025-01-10,2,1,0,1319.73,0.0,0.3333,0.0,659.86,0.0,0,1,0,0,25,3,3,4,2,7,0,4,0,2206.6,1,Electronics,Credit Card,Mobile App,Other,Premium,1419,14,10,4,0,none
ORD101665,CUST100403,TXN101665,DEV200390,ADDR301356,ADDR301356,2024-06-22,2024-06-27,0,0,0,0.0,0.0,0.0,0.0,0.0,0.0,0,0,0,0,999,2,4,4,1,5,1,4,0,592.84,1,Home,Debit Card,Mobile App,Damaged product,Budget,1243,5,4,1,0,none
ORD101668,CUST100406,TXN101668,DEV200120,ADDR301567,ADDR301567,2024-04-08,2024-04-12,0,0,0,0.0,0.0,0.0,0.0,0.0,0.0,0,0,0,0,999,2,2,2,0,1,0,0,0,121.68,1,Beauty,Wallet,Marketplace,Product not as described,Budget,167,4,3,1,0,none
ORD101673,CUST100407,TXN101673,DEV203138,ADDR301747,ADDR301747,2024-10-13,2024-10-26,0,0,0,0.0,0.0,0.0,0.0,0.0,0.0,0,0,0,0,999,1,1,1,0,0,0,0,0,343.8,1,Fashion,Debit Card,Marketplace,Size issue,Budget,1521,13,9,4,0,none
ORD101678,CUST100408,TXN101678,DEV202990,ADDR301703,ADDR301703,2024-11-03,2024-11-10,5,0,0,1703.67,0.0,0.0,0.0,340.73,0.0,1,2,0,0,4,2,4,5,0,0,0,0,0,411.47,1,Footwear,UPI,Mobile App,Quality issue,Budget,1098,7,3,4,1,serial_return_abuse
ORD101705,CUST100419,TXN101705,DEV201847,ADDR300766,ADDR300766,2024-08-25,2024-09-01,4,0,0,5939.17,0.0,0.0,0.0,1484.79,0.0,0,1,0,0,23,3,2,2,0,0,0,0,0,623.55,1,Fashion,UPI,Mobile App,Product not as described,Budget,196,7,4,3,0,none
ORD101713,CUST100420,TXN101713,DEV201208,ADDR302043,ADDR302043,2024-01-19,2024-01-23,1,0,0,1327.5,0.0,0.0,0.0,1327.5,0.0,0,1,0,0,19,1,1,1,0,0,0,0,0,778.09,1,Fashion,Wallet,Website,Changed mind,Mass Market,1171,4,1,3,0,none
ORD101720,CUST100421,TXN101720,DEV201687,ADDR302255,ADDR302255,2024-10-28,2024-10-30,0,0,0,0.0,0.0,0.0,0.0,0.0,0.0,0,0,0,0,999,1,1,1,0,0,0,0,0,652.06,1,Fashion,Wallet,Marketplace,Size issue,Mass Market,817,2,0,2,0,none
ORD101728,CUST100422,TXN101728,DEV201962,ADDR300249,ADDR301713,2024-11-23,2024-11-28,7,0,0,7662.56,0.0,0.0,0.0,1094.65,0.0,0,0,0,0,43,1,1,4,0,0,0,0,1,1307.94,1,Fashion,UPI,Website,Wrong product,Premium,654,5,2,3,0,none
ORD101750,CUST100426,TXN101750,DEV201016,ADDR300348,ADDR300348,2024-11-04,2024-11-07,9,2,0,6588.36,0.0,0.2,0.0,732.04,0.0,1,2,0,0,1,6,5,7,8,8,5,5,0,839.3,3,Fashion,UPI,Website,Damaged product,Budget,949,3,1,2,0,none
ORD101756,CUST100428,TXN101756,DEV201020,ADDR302583,ADDR302583,2024-01-06,2024-01-19,0,0,0,0.0,0.0,0.0,0.0,0.0,0.0,0,0,0,0,999,1,1,1,0,0,0,0,0,404.33,2,Home,Debit Card,Mobile App,Damaged product,Budget,223,13,12,1,0,none
ORD101759,CUST100428,TXN101759,DEV201020,ADDR302583,ADDR302583,2024-11-04,2024-11-05,3,1,1,3459.57,395.25,0.25,0.25,1153.19,395.25,0,0,0,0,87,1,1,1,1,1,1,1,0,800.73,1,Fashion,Credit Card,Mobile App,Size issue,Budget,223,1,0,1,0,none
ORD101776,CUST100433,TXN101776,DEV201409,ADDR302316,ADDR302316,2024-04-29,2024-05-09,3,0,0,2252.04,0.0,0.0,0.0,750.68,0.0,0,1,0,0,14,2,4,4,0,0,0,0,0,573.35,1,Electronics,Debit Card,Mobile App,Wrong product,Budget,1063,10,6,4,0,none
ORD101782,CUST100433,TXN101782,DEV201409,ADDR302316,ADDR302316,2024-12-20,2024-12-23,9,2,1,5041.26,543.16,0.2,0.1,560.14,543.16,0,1,0,0,15,2,6,6,2,3,1,2,0,253.36,1,Beauty,UPI,Marketplace,Quality issue,Budget,1063,3,1,2,0,none
ORD101787,CUST100434,TXN101787,DEV202057,ADDR301317,ADDR301317,2024-11-11,2024-11-23,3,0,0,1543.78,0.0,0.0,0.0,514.59,0.0,0,1,0,0,19,2,1,1,0,0,0,0,0,475.22,1,Sports,Net Banking,Marketplace,Product not as described,Mass Market,1572,12,11,1,0,none
ORD101789,CUST100436,TXN101789,DEV200736,ADDR300106,ADDR300106,2024-05-29,2024-05-30,0,0,0,0.0,0.0,0.0,0.0,0.0,0.0,0,0,0,0,999,2,1,1,0,0,0,0,0,405.6,1,Electronics,Credit Card,Mobile App,Damaged product,Budget,533,1,0,1,0,none
ORD101794,CUST100440,TXN101794,DEV201313,ADDR302996,ADDR302996,2024-05-22,2024-05-26,1,0,0,3432.0,0.0,0.0,0.0,3432.0,0.0,0,1,0,0,11,3,6,6,0,0,0,0,0,1439.11,1,Electronics,UPI,Website,Damaged product,High Value,1236,4,2,2,0,none
ORD101824,CUST100447,TXN101824,DEV203140,ADDR302392,ADDR302392,2024-09-10,2024-09-14,3,0,0,909.55,0.0,0.0,0.0,303.18,0.0,0,1,0,0,12,1,3,3,0,2,0,1,0,292.36,1,Fashion,UPI,Mobile App,Damaged product,Budget,1382,4,3,1,0,none
ORD101833,CUST100449,TXN101833,DEV200410,ADDR301015,ADDR301015,2024-10-08,2024-10-15,7,0,0,8250.65,0.0,0.0,0.0,1178.66,0.0,1,1,0,0,7,2,1,2,1,0,1,0,0,1068.11,2,Beauty,Wallet,Mobile App,Quality issue,Premium,1003,7,4,3,0,none
ORD101853,CUST100452,TXN101853,DEV203018,ADDR300229,ADDR300229,2024-10-03,2024-10-06,8,0,0,10460.89,0.0,0.0,0.0,1307.61,0.0,1,2,0,0,5,2,2,2,0,0,0,0,0,440.67,1,Fashion,Credit Card,Mobile App,Product not as described,High Value,1208,3,2,1,0,none
ORD101870,CUST100459,TXN101870,DEV202978,ADDR302253,ADDR302253,2024-04-23,2024-04-27,4,0,0,1957.57,0.0,0.0,0.0,489.39,0.0,1,2,0,0,7,5,5,5,2,2,0,0,0,298.07,1,Sports,UPI,Website,Changed mind,Budget,1558,4,1,3,1,serial_return_abuse
ORD101874,CUST100459,TXN101874,DEV202978,ADDR302253,ADDR302253,2024-08-23,2024-09-04,8,1,1,4261.11,221.34,0.1111,0.1111,532.64,221.34,0,1,0,0,24,5,6,6,3,5,1,2,0,751.02,1,Fashion,UPI,Website,Size issue,Budget,1558,12,8,4,0,none
ORD101876,CUST100459,TXN101876,DEV202978,ADDR302253,ADDR302808,2024-10-18,2024-10-26,10,2,2,6568.38,868.63,0.1818,0.1818,656.84,434.32,0,0,0,0,47,6,7,2,4,6,2,3,1,508.96,1,Home,EMI,Marketplace,Changed mind,Budget,1558,8,4,4,1,serial_return_abuse
ORD101888,CUST100461,TXN101888,DEV202987,ADDR300554,ADDR300554,2024-11-22,2024-11-25,3,0,0,2015.1,0.0,0.0,0.0,671.7,0.0,0,1,0,0,23,1,6,5,0,1,0,1,0,2047.74,1,Electronics,Net Banking,Mobile App,Damaged product,High Value,659,3,2,1,0,none
ORD101894,CUST100464,TXN101894,DEV200014,ADDR302981,ADDR302981,2024-06-22,2024-06-23,1,0,0,449.74,0.0,0.0,0.0,449.74,0.0,0,1,0,0,27,1,3,3,0,0,0,0,0,824.59,1,Fashion,Credit Card,Mobile App,Changed mind,Budget,440,1,0,1,0,none
ORD101910,CUST100467,TXN101910,DEV200115,ADDR302881,ADDR302881,2024-10-26,2024-11-02,5,0,0,3386.51,0.0,0.0,0.0,677.3,0.0,0,1,0,0,29,1,2,2,0,0,0,0,0,2163.62,2,Footwear,UPI,Mobile App,Size issue,Mass Market,1028,7,5,2,1,serial_return_abuse
ORD101913,CUST100468,TXN101913,DEV201426,ADDR300847,ADDR300847,2024-08-15,2024-09-01,0,0,0,0.0,0.0,0.0,0.0,0.0,0.0,0,0,0,0,999,1,5,5,0,2,0,2,0,234.53,1,Beauty,UPI,Website,Product not as described,Budget,576,17,13,4,0,none
ORD101917,CUST100470,TXN101917,DEV202027,ADDR301572,ADDR301572,2024-03-12,2024-03-14,2,1,0,1304.06,0.0,0.3333,0.0,652.03,0.0,0,0,0,0,42,2,4,4,1,2,0,1,0,94.06,1,Grocery,UPI,Marketplace,Wrong product,Mass Market,1429,2,0,2,1,serial_return_abuse
ORD101923,CUST100470,TXN101923,DEV202027,ADDR301572,ADDR301572,2024-07-26,2024-07-30,9,2,1,10859.97,94.06,0.2,0.1,1206.66,94.06,1,2,0,0,2,3,6,6,2,4,1,2,0,932.22,2,Fashion,Net Banking,Mobile App,Size issue,Mass Market,1429,4,1,3,1,serial_return_abuse
ORD101935,CUST100472,TXN101935,DEV200582,ADDR302306,ADDR302306,2024-04-17,2024-05-02,3,1,0,1158.98,0.0,0.25,0.0,386.33,0.0,0,0,0,0,63,1,2,2,1,1,0,0,0,440.67,1,Fashion,Credit Card,Marketplace,Changed mind,High Value,1170,15,11,4,1,serial_return_abuse
ORD101937,CUST100472,TXN101937,DEV200582,ADDR302306,ADDR302306,2024-05-20,2024-05-23,6,3,1,2523.32,365.49,0.4286,0.1429,420.55,365.49,1,2,2,1,1,1,2,2,3,3,1,1,0,878.17,1,Beauty,Credit Card,Website,Changed mind,High Value,1170,3,2,1,1,serial_return_abuse
ORD101939,CUST100472,TXN101939,DEV200582,ADDR302306,ADDR302306,2024-06-13,2024-06-16,7,4,2,3401.49,1051.93,0.5,0.25,485.93,525.96,0,2,1,1,25,1,2,2,4,4,2,2,0,832.54,1,Fashion,Wallet,Mobile App,Quality issue,High Value,1170,3,0,3,1,serial_return_abuse
ORD101955,CUST100476,TXN101955,DEV200719,ADDR302008,ADDR302008,2024-04-01,2024-04-07,2,0,0,634.84,0.0,0.0,0.0,317.42,0.0,0,0,0,0,64,2,1,1,0,0,0,0,0,117.13,1,Accessories,UPI,Mobile App,Changed mind,Mass Market,179,6,4,2,0,none
ORD101962,CUST100476,TXN101962,DEV200719,ADDR302008,ADDR302008,2024-10-29,2024-11-06,9,1,1,9196.78,117.13,0.1,0.1,1021.86,117.13,0,1,0,0,15,2,1,1,1,1,1,1,0,483.17,1,Fashion,Credit Card,Website,Late delivery,Mass Market,179,8,4,4,0,none
ORD101964,CUST100477,TXN101964,DEV200832,ADDR303119,ADDR303119,2024-03-25,2024-04-02,0,0,0,0.0,0.0,0.0,0.0,0.0,0.0,0,0,0,0,999,1,3,3,0,1,0,1,0,834.9,1,Fashion,Net Banking,Mobile App,Size issue,Budget,1164,8,7,1,0,none
ORD101967,CUST100477,TXN101967,DEV200832,ADDR303119,ADDR303119,2024-05-31,2024-06-03,3,1,1,1183.18,822.2,0.25,0.25,394.39,822.2,1,1,0,0,6,1,3,3,1,3,1,3,0,60.35,1,Grocery,Debit Card,Mobile App,Damaged product,Budget,1164,3,0,3,0,none
ORD101972,CUST100477,TXN101972,DEV202925,ADDR303119,ADDR303119,2024-08-16,2024-08-21,8,2,2,2267.12,872.42,0.2222,0.2222,283.39,436.21,0,1,0,0,23,1,3,3,0,4,0,4,0,676.17,1,Fashion,Wallet,Mobile App,Size issue,Budget,1164,5,1,4,0,none
ORD101977,CUST100478,TXN101977,DEV201247,ADDR301875,ADDR301875,2024-01-30,2024-02-03,1,0,0,892.88,0.0,0.0,0.0,892.88,0.0,0,1,0,0,22,1,1,1,0,0,0,0,0,417.55,1,Home,UPI,Website,Other,Mass Market,250,4,3,1,0,none
ORD101980,CUST100478,TXN101980,DEV201247,ADDR301875,ADDR301875,2024-05-21,2024-05-30,4,2,1,1916.6,342.34,0.4,0.2,479.15,342.34,0,1,1,0,26,2,1,1,3,2,2,1,0,922.1,1,Electronics,Credit Card,Social Commerce,Quality issue,Mass Market,250,9,8,1,0,none
ORD101986,CUST100478,TXN101986,DEV201247,ADDR301875,ADDR301875,2024-10-09,2024-10-14,10,4,2,10634.74,1264.44,0.3636,0.1818,1063.47,632.22,0,1,0,0,8,2,1,1,5,4,3,2,0,100.0,1,Accessories,UPI,Mobile App,Changed mind,Mass Market,250,5,1,4,0,none
ORD101988,CUST100479,TXN101988,DEV202050,ADDR303120,ADDR303120,2024-02-25,2024-03-03,0,0,0,0.0,0.0,0.0,0.0,0.0,0.0,0,0,0,0,999,1,1,1,0,0,0,0,0,206.64,1,Beauty,Credit Card,Marketplace,Changed mind,Budget,562,7,4,3,0,none
ORD102003,CUST100481,TXN102003,DEV200230,ADDR300952,ADDR300952,2024-09-27,2024-10-03,6,0,0,5868.2,0.0,0.0,0.0,978.03,0.0,0,1,0,0,11,1,1,3,0,0,0,0,0,446.18,1,Fashion,Debit Card,Mobile App,Size issue,Budget,973,6,3,3,0,none
ORD102017,CUST100483,TXN102017,DEV200081,ADDR302156,ADDR302156,2024-06-18,2024-06-24,7,0,0,5780.33,0.0,0.0,0.0,825.76,0.0,0,0,0,0,38,1,1,1,0,0,0,0,0,580.34,1,Electronics,Net Banking,Mobile App,Product not as described,Budget,155,6,4,2,0,none
ORD102026,CUST100484,TXN102026,DEV201957,ADDR300002,ADDR300002,2024-07-27,2024-08-07,0,0,0,0.0,0.0,0.0,0.0,0.0,0.0,0,0,0,0,999,1,2,2,0,0,0,0,0,61.42,1,Grocery,EMI,Mobile App,Late delivery,Premium,974,11,7,4,0,none
ORD102031,CUST100485,TXN102031,DEV201148,ADDR300992,ADDR300992,2024-05-16,2024-05-20,3,0,0,3425.95,0.0,0.0,0.0,1141.98,0.0,0,0,0,0,56,5,4,4,2,1,1,0,0,573.9,1,Fashion,UPI,Mobile App,Other,Mass Market,378,4,0,4,0,none
ORD102038,CUST100485,TXN102038,DEV201148,ADDR300992,ADDR300992,2024-12-15,2024-12-18,10,1,1,9257.39,573.9,0.0909,0.0909,925.74,573.9,0,0,0,0,43,8,6,5,5,2,4,2,0,1235.56,1,Fashion,Credit Card,Social Commerce,Product not as described,Mass Market,378,3,2,1,0,none
ORD102041,CUST100486,TXN102041,DEV201358,ADDR302515,ADDR302515,2024-10-23,2024-10-29,1,0,0,388.22,0.0,0.0,0.0,388.22,0.0,0,0,0,0,102,4,2,2,0,1,0,0,0,554.11,1,Fashion,Credit Card,Website,Size issue,Mass Market,150,6,3,3,0,none
ORD102049,CUST100491,TXN102049,DEV200626,ADDR301531,ADDR301531,2024-02-23,2024-02-26,0,0,0,0.0,0.0,0.0,0.0,0.0,0.0,0,0,0,0,999,2,3,4,0,0,0,0,0,171.28,3,Grocery,Credit Card,Website,Duplicate order,Budget,1526,3,0,3,1,coordinated_device_abuse
ORD102051,CUST100493,TXN102051,DEV200605,ADDR302402,ADDR302402,2024-01-07,2024-01-11,0,0,0,0.0,0.0,0.0,0.0,0.0,0.0,0,0,0,0,999,1,1,1,0,0,0,0,0,1209.74,1,Electronics,UPI,Mobile App,Wrong product,Mass Market,1593,4,1,3,0,none
ORD102083,CUST100500,TXN102083,DEV201620,ADDR302400,ADDR302400,2024-06-20,2024-07-05,1,0,0,527.04,0.0,0.0,0.0,527.04,0.0,0,0,0,0,90,1,3,3,0,0,0,0,0,2312.76,2,Home,Debit Card,Website,Changed mind,Mass Market,547,15,13,2,0,none
ORD102091,CUST100502,TXN102091,DEV200304,ADDR302835,ADDR302835,2024-02-20,2024-02-21,0,0,0,0.0,0.0,0.0,0.0,0.0,0.0,0,0,0,0,999,1,4,3,0,0,0,0,0,1104.27,1,Electronics,Wallet,Mobile App,Changed mind,Premium,69,1,0,1,0,none
ORD102092,CUST100502,TXN102092,DEV200304,ADDR302835,ADDR302835,2024-02-24,2024-02-28,1,1,1,1104.27,766.11,0.5,0.5,1104.27,766.11,0,1,1,1,8,1,4,3,1,1,1,1,0,1958.34,3,Electronics,UPI,Mobile App,Damaged product,Premium,69,4,1,3,0,none
ORD102096,CUST100502,TXN102096,DEV200304,ADDR302835,ADDR302835,2024-07-18,2024-07-27,5,2,2,5296.73,2241.76,0.3333,0.3333,1059.35,1120.88,0,0,0,0,57,1,5,5,2,4,2,3,0,1684.99,1,Fashion,UPI,Mobile App,Product not as described,Premium,69,9,5,4,1,serial_return_abuse
ORD102097,CUST100502,TXN102097,DEV200304,ADDR302835,ADDR302835,2024-10-01,2024-10-09,6,3,3,6981.72,3905.41,0.4286,0.4286,1163.62,1301.8,0,0,0,0,83,1,6,6,3,6,3,5,0,1390.11,3,Accessories,Wallet,Marketplace,Size issue,Premium,69,8,5,3,0,none
ORD102112,CUST100506,TXN102112,DEV200413,ADDR301378,ADDR301378,2024-10-03,2024-10-12,9,0,0,5646.09,0.0,0.0,0.0,627.34,0.0,1,1,0,0,5,2,1,1,0,0,0,0,0,1401.69,3,Fashion,Wallet,Website,Damaged product,Mass Market,312,9,7,2,1,serial_return_abuse
ORD102116,CUST100506,TXN102116,DEV200413,ADDR301378,ADDR301378,2024-11-07,2024-11-13,13,1,1,13511.39,1190.79,0.0714,0.0714,1039.34,1190.79,1,3,0,1,2,2,1,1,1,1,1,1,0,770.44,1,Fashion,UPI,Website,Size issue,Mass Market,312,6,2,4,0,none
ORD102117,CUST100506,TXN102117,DEV200413,ADDR301378,ADDR301378,2024-11-11,2024-11-17,13,2,2,13877.72,1909.19,0.1429,0.1429,1067.52,954.6,0,3,1,1,10,2,1,1,2,2,2,2,0,404.11,1,Beauty,Debit Card,Social Commerce,Damaged product,Mass Market,312,6,2,4,1,serial_return_abuse
ORD102118,CUST100506,TXN102118,DEV200413,ADDR301378,ADDR301378,2024-12-23,2024-12-28,14,3,3,14281.83,2296.21,0.2,0.2,1020.13,765.4,0,0,0,0,47,2,1,1,3,3,3,3,0,602.35,1,Fashion,Net Banking,Website,Changed mind,Mass Market,312,5,1,4,0,none
ORD102122,CUST100508,TXN102122,DEV200558,ADDR300645,ADDR300645,2024-09-21,2024-10-03,1,0,0,369.0,0.0,0.0,0.0,369.0,0.0,0,0,0,0,90,2,2,3,1,2,1,1,0,469.24,1,Electronics,Wallet,Mobile App,Late delivery,Budget,970,12,11,1,0,none
ORD102123,CUST100508,TXN102123,DEV200558,ADDR300645,ADDR300645,2024-10-29,2024-11-04,2,1,1,838.24,432.87,0.3333,0.3333,419.12,432.87,0,0,0,0,44,2,3,4,2,3,2,2,0,553.98,1,Home,Net Banking,Mobile App,Wrong product,Budget,970,6,4,2,0,none
ORD102131,CUST100516,TXN102131,DEV202301,ADDR302840,ADDR302840,2024-07-14,2024-07-16,0,0,0,0.0,0.0,0.0,0.0,0.0,0.0,0,0,0,0,999,1,1,2,0,0,0,0,0,366.12,1,Fashion,Credit Card,Website,Size issue,Budget,611,2,0,2,0,none
ORD102133,CUST100517,TXN102133,DEV202513,ADDR301461,ADDR302876,2024-01-22,2024-01-28,1,0,0,54.98,0.0,0.0,0.0,54.98,0.0,0,1,0,0,19,1,1,1,0,0,0,0,1,318.33,1,Home,Debit Card,Mobile App,Changed mind,Budget,163,6,2,4,0,none
ORD102139,CUST100517,TXN102139,DEV202513,ADDR301461,ADDR301461,2024-10-15,2024-10-19,7,1,1,1475.84,222.36,0.125,0.125,210.83,222.36,0,0,0,0,50,3,1,1,2,1,2,1,0,548.19,1,Footwear,Net Banking,Website,Size issue,Budget,163,4,0,4,0,none
ORD102153,CUST100519,TXN102153,DEV200914,ADDR302726,ADDR302726,2024-07-29,2024-08-07,8,2,0,6063.57,0.0,0.2222,0.0,757.95,0.0,1,5,1,0,5,1,1,1,2,2,0,0,0,1095.16,1,Electronics,Wallet,Mobile App,Damaged product,Budget,539,9,6,3,1,refund_abuse
ORD102158,CUST100519,TXN102158,DEV200914,ADDR302726,ADDR302726,2024-10-10,2024-10-13,11,3,1,7978.64,1095.16,0.25,0.0833,725.33,1095.16,1,1,0,0,1,1,1,1,3,3,1,1,0,67.73,1,Grocery,UPI,Mobile App,Damaged product,Budget,539,3,1,2,1,refund_abuse
ORD102163,CUST100522,TXN102163,DEV203006,ADDR302820,ADDR302820,2024-02-25,2024-02-27,0,0,0,0.0,0.0,0.0,0.0,0.0,0.0,0,0,0,0,999,1,2,2,0,1,0,0,0,128.01,1,Accessories,Net Banking,Website,Changed mind,Budget,507,2,1,1,1,serial_return_abuse
ORD102167,CUST100522,TXN102167,DEV203006,ADDR302820,ADDR302820,2024-11-01,2024-11-04,4,1,1,687.07,107.98,0.2,0.2,171.77,107.98,0,0,0,0,72,1,2,3,1,4,1,4,0,147.93,1,Beauty,UPI,Mobile App,Product not as described,Budget,507,3,2,1,1,serial_return_abuse
ORD102187,CUST100533,TXN102187,DEV202504,ADDR300904,ADDR300904,2024-02-16,2024-02-18,1,0,0,197.03,0.0,0.0,0.0,197.03,0.0,0,0,0,0,37,1,2,2,0,0,0,0,0,2020.4,2,Electronics,UPI,Marketplace,Late delivery,Premium,1099,2,1,1,0,none
ORD102192,CUST100533,TXN102192,DEV202504,ADDR300904,ADDR300904,2024-11-09,2024-11-14,7,1,1,9726.1,2020.4,0.125,0.125,1389.44,2020.4,2,3,0,0,1,2,2,2,1,1,1,1,0,1515.59,1,Electronics,UPI,Mobile App,Wrong product,Premium,1099,5,3,2,0,none
ORD102195,CUST100534,TXN102195,DEV200070,ADDR301125,ADDR301125,2024-10-16,2024-11-01,0,0,0,0.0,0.0,0.0,0.0,0.0,0.0,0,0,0,0,999,1,5,5,0,5,0,3,0,751.23,1,Beauty,Credit Card,Mobile App,Product not as described,Premium,624,16,13,3,0,none
ORD102207,CUST100542,TXN102207,DEV201308,ADDR300687,ADDR300687,2024-06-06,2024-06-08,4,0,0,1951.89,0.0,0.0,0.0,487.97,0.0,1,3,0,0,7,1,1,1,0,0,0,0,0,593.73,1,Fashion,Net Banking,Marketplace,Changed mind,Budget,688,2,1,1,1,policy_exploitation
ORD102211,CUST100542,TXN102211,DEV201308,ADDR300687,ADDR300687,2024-12-07,2024-12-12,8,1,0,4197.96,0.0,0.1111,0.0,524.74,0.0,0,1,0,0,28,1,1,1,1,1,0,0,0,1666.2,2,Electronics,Debit Card,Website,Quality issue,Budget,688,5,2,3,1,policy_exploitation
ORD102213,CUST100544,TXN102213,DEV202903,ADDR302744,ADDR302744,2024-01-10,2024-01-17,0,0,0,0.0,0.0,0.0,0.0,0.0,0.0,0,0,0,0,999,1,1,1,0,0,0,0,0,2165.98,1,Fashion,Net Banking,Marketplace,Size issue,Premium,1508,7,5,2,1,policy_exploitation
ORD102218,CUST100546,TXN102218,DEV201375,ADDR301829,ADDR301829,2024-06-09,2024-06-21,4,1,0,2450.82,0.0,0.2,0.0,612.71,0.0,1,1,1,0,4,1,1,1,1,1,0,0,0,603.81,1,Fashion,EMI,Mobile App,Damaged product,Mass Market,1440,12,8,4,1,serial_return_abuse
ORD102219,CUST100546,TXN102219,DEV201375,ADDR301829,ADDR301829,2024-06-17,2024-06-19,4,0,0,2137.25,0.0,0.0,0.0,534.31,0.0,0,1,0,0,10,1,1,1,0,0,0,0,0,917.38,2,Fashion,Debit Card,Social Commerce,Changed mind,Mass Market,1440,2,1,1,1,serial_return_abuse
ORD102220,CUST100546,TXN102220,DEV201375,ADDR301829,ADDR301829,2024-09-04,2024-09-07,5,2,2,3054.63,1369.48,0.3333,0.3333,610.93,684.74,0,0,0,0,82,1,1,2,2,2,2,2,0,2610.48,3,Sports,Net Banking,Website,Wrong product,Mass Market,1440,3,2,1,1,serial_return_abuse
ORD102229,CUST100547,TXN102229,DEV200418,ADDR301821,ADDR301821,2024-03-21,2024-03-26,4,0,0,3602.83,0.0,0.0,0.0,900.71,0.0,0,0,0,0,41,1,2,2,0,0,0,0,0,853.06,2,Fashion,Debit Card,Marketplace,Quality issue,Budget,545,5,2,3,0,none
ORD102230,CUST100547,TXN102230,DEV200418,ADDR301821,ADDR301821,2024-04-11,2024-04-19,5,1,1,4455.89,797.12,0.1667,0.1667,891.18,797.12,0,1,1,1,29,1,2,2,1,1,1,1,0,1529.29,1,Fashion,UPI,Marketplace,Size issue,Budget,545,8,6,2,0,none
ORD102232,CUST100547,TXN102232,DEV200418,ADDR301821,ADDR301821,2024-05-17,2024-05-30,7,2,2,6364.21,2119.97,0.25,0.25,909.17,1059.98,0,1,0,0,14,1,2,2,2,2,2,2,0,408.36,1,Electronics,Credit Card,Marketplace,Wrong product,Budget,545,13,12,1,0,none
ORD102253,CUST100551,TXN102253,DEV202839,ADDR300277,ADDR300464,2024-05-20,2024-05-22,4,0,0,1432.4,0.0,0.0,0.0,358.1,0.0,0,0,0,0,54,1,1,1,0,0,0,0,1,202.84,1,Grocery,Debit Card,Website,Damaged product,Premium,200,2,0,2,0,none
ORD102258,CUST100551,TXN102258,DEV202839,ADDR300277,ADDR302830,2024-08-26,2024-08-31,9,2,1,9392.28,202.84,0.2,0.1,1043.59,202.84,0,2,0,0,13,1,1,1,2,2,1,1,1,2057.08,2,Fashion,UPI,Marketplace,Size issue,Premium,200,5,3,2,0,none
ORD102267,CUST100552,TXN102267,DEV201435,ADDR301051,ADDR301051,2024-06-08,2024-06-13,3,0,0,881.5,0.0,0.0,0.0,293.83,0.0,1,1,0,0,2,1,1,2,0,0,0,0,0,636.04,1,Fashion,UPI,Mobile App,Size issue,Budget,1548,5,1,4,1,policy_exploitation
ORD102269,CUST100552,TXN102269,DEV201435,ADDR301051,ADDR301051,2024-11-18,2024-11-25,4,1,1,1517.54,636.04,0.2,0.2,379.38,636.04,0,0,0,0,167,1,1,2,1,1,1,1,0,768.28,1,Fashion,UPI,Mobile App,Quality issue,Budget,1548,7,4,3,0,none
ORD102284,CUST100557,TXN102284,DEV201580,ADDR301794,ADDR301794,2024-03-29,2024-04-09,6,0,0,3499.63,0.0,0.0,0.0,583.27,0.0,1,4,0,0,7,1,1,1,0,0,0,0,0,842.15,1,Footwear,Credit Card,Website,Size issue,Budget,654,11,10,1,0,none
ORD102287,CUST100557,TXN102287,DEV201580,ADDR301794,ADDR301794,2024-08-27,2024-08-28,7,1,1,4341.78,842.15,0.125,0.125,620.25,842.15,0,0,0,0,148,2,1,1,1,1,1,1,0,338.53,1,Fashion,Credit Card,Website,Wrong product,Budget,654,1,0,1,1,refund_abuse
ORD102290,CUST100557,TXN102290,DEV201580,ADDR301794,ADDR301794,2024-12-03,2024-12-09,10,2,2,6229.15,1179.26,0.1818,0.1818,622.92,589.63,0,0,0,0,44,2,1,1,2,2,2,2,0,125.28,2,Grocery,UPI,Social Commerce,Quality issue,Budget,654,6,3,3,0,none
ORD102300,CUST100562,TXN102300,DEV201438,ADDR302236,ADDR302236,2024-10-03,2024-10-04,2,0,0,2465.59,0.0,0.0,0.0,1232.8,0.0,0,0,0,0,56,3,1,2,0,0,0,0,0,632.43,1,Fashion,UPI,Social Commerce,Changed mind,Premium,1176,1,0,1,0,none
ORD102303,CUST100562,TXN102303,DEV201438,ADDR302236,ADDR302236,2024-12-11,2024-12-17,5,1,1,4619.05,584.68,0.1667,0.1667,923.81,584.68,0,0,0,0,32,3,1,2,1,1,1,1,0,561.07,1,Fashion,Credit Card,Mobile App,Changed mind,Premium,1176,6,5,1,0,none
ORD102311,CUST100564,TXN102311,DEV201405,ADDR302911,ADDR302911,2024-10-27,2024-10-30,5,0,0,1283.52,0.0,0.0,0.0,256.7,0.0,2,2,0,0,4,6,11,11,6,11,5,8,0,329.25,1,Footwear,UPI,Mobile App,Size issue,Budget,1422,3,2,1,1,serial_return_abuse
ORD102319,CUST100568,TXN102319,DEV202203,ADDR301228,ADDR301228,2024-07-19,2024-07-23,0,0,0,0.0,0.0,0.0,0.0,0.0,0.0,0,0,0,0,999,1,1,1,0,0,0,0,0,810.94,1,Fashion,Credit Card,Marketplace,Quality issue,Mass Market,1278,4,3,1,0,none
ORD102327,CUST100574,TXN102327,DEV200428,ADDR300303,ADDR300303,2024-05-08,2024-05-13,0,0,0,0.0,0.0,0.0,0.0,0.0,0.0,0,0,0,0,999,2,1,1,0,0,0,0,0,457.98,1,Electronics,Debit Card,Mobile App,Changed mind,Budget,775,5,1,4,0,none
ORD102333,CUST100575,TXN102333,DEV201400,ADDR300696,ADDR300696,2024-07-26,2024-08-01,5,0,0,6431.73,0.0,0.0,0.0,1286.35,0.0,0,0,0,0,36,1,2,2,0,0,0,0,0,1545.17,2,Sports,Wallet,Website,Quality issue,High Value,535,6,3,3,0,none
ORD102334,CUST100575,TXN102334,DEV201400,ADDR300696,ADDR300696,2024-08-16,2024-08-20,6,1,1,7976.9,1384.72,0.1429,0.1429,1329.48,1384.72,0,1,1,1,25,1,2,2,1,1,1,1,0,475.48,1,Fashion,UPI,Website,Damaged product,High Value,535,4,0,4,0,none
ORD102335,CUST100575,TXN102335,DEV201400,ADDR300696,ADDR300696,2024-10-22,2024-11-07,7,2,2,8452.38,1849.0,0.25,0.25,1207.48,924.5,0,0,0,0,83,1,2,2,2,2,2,2,0,3256.67,2,Fashion,Credit Card,Website,Size issue,High Value,535,16,13,3,0,none
ORD102339,CUST100575,TXN102339,DEV201400,ADDR300696,ADDR300696,2024-12-17,2024-12-24,11,3,3,12357.28,4739.78,0.25,0.25,1123.39,1579.93,0,3,0,0,8,1,2,2,3,3,3,3,0,732.32,1,Beauty,Debit Card,Marketplace,Wrong product,High Value,535,7,5,2,0,none
ORD102340,CUST100576,TXN102340,DEV201794,ADDR302119,ADDR302119,2024-07-31,2024-08-08,0,0,0,0.0,0.0,0.0,0.0,0.0,0.0,0,0,0,0,999,8,6,6,1,0,1,0,0,1236.43,1,Fashion,Debit Card,Website,Changed mind,Premium,1561,8,5,3,1,coordinated_address_abuse
ORD102343,CUST100577,TXN102343,DEV202737,ADDR300240,ADDR300240,2024-08-31,2024-09-06,2,0,0,1979.55,0.0,0.0,0.0,989.78,0.0,0,0,0,0,79,1,2,2,0,0,0,0,0,2186.18,1,Fashion,Debit Card,Website,Product not as described,High Value,130,6,5,1,0,none
ORD102362,CUST100585,TXN102362,DEV201384,ADDR302433,ADDR302433,2024-04-14,2024-04-24,2,0,0,2028.15,0.0,0.0,0.0,1014.08,0.0,0,1,0,0,10,1,1,1,0,0,0,0,0,5777.13,2,Fashion,Credit Card,Website,Size issue,High Value,1484,10,6,4,0,none
ORD102367,CUST100585,TXN102367,DEV201384,ADDR302433,ADDR302433,2024-10-12,2024-10-25,7,1,1,14628.27,4658.96,0.125,0.125,2089.75,4658.96,0,0,0,0,61,1,2,2,1,1,1,1,0,658.08,1,Fashion,EMI,Website,Changed mind,High Value,1484,13,10,3,0,none
ORD102373,CUST100588,TXN102373,DEV200192,ADDR300717,ADDR300717,2024-05-06,2024-05-10,0,0,0,0.0,0.0,0.0,0.0,0.0,0.0,0,0,0,0,999,1,4,4,0,0,0,0,0,375.45,1,Fashion,UPI,Website,Size issue,Premium,1387,4,0,4,0,none
ORD102377,CUST100588,TXN102377,DEV200192,ADDR300717,ADDR300717,2024-10-29,2024-11-05,4,1,1,4326.16,306.37,0.2,0.2,1081.54,306.37,0,0,0,0,74,1,4,4,1,2,1,2,0,2978.59,1,Fashion,Credit Card,Mobile App,Quality issue,Premium,1387,7,5,2,0,none
ORD102392,CUST100593,TXN102392,DEV202706,ADDR300760,ADDR300760,2024-10-07,2024-10-09,0,0,0,0.0,0.0,0.0,0.0,0.0,0.0,0,0,0,0,999,1,3,3,0,1,0,1,0,3407.34,2,Fashion,Debit Card,Marketplace,Changed mind,Mass Market,595,2,0,2,0,none
ORD102403,CUST100596,TXN102403,DEV202787,ADDR301729,ADDR301729,2024-04-28,2024-05-02,1,0,0,519.69,0.0,0.0,0.0,519.69,0.0,1,1,0,0,4,5,4,4,2,2,1,1,0,1242.83,1,Footwear,Debit Card,Website,Size issue,Budget,1155,4,3,1,1,account_multiplication
ORD102418,CUST100603,TXN102418,DEV202212,ADDR301086,ADDR301086,2024-09-06,2024-09-12,0,0,0,0.0,0.0,0.0,0.0,0.0,0.0,0,0,0,0,999,2,2,2,0,0,0,0,0,843.35,1,Fashion,Wallet,Website,Size issue,Mass Market,1312,6,3,3,0,none
ORD102429,CUST100608,TXN102429,DEV200859,ADDR300480,ADDR300480,2024-11-06,2024-11-10,6,1,0,8326.6,0.0,0.1429,0.0,1387.77,0.0,0,2,0,0,14,1,11,10,1,16,0,9,0,2507.22,3,Fashion,Debit Card,Website,Size issue,Premium,1298,4,3,1,1,policy_exploitation
ORD102430,CUST100609,TXN102430,DEV201609,ADDR302341,ADDR302341,2024-01-16,2024-01-21,0,0,0,0.0,0.0,0.0,0.0,0.0,0.0,0,0,0,0,999,2,1,1,1,0,0,0,0,512.62,1,Fashion,Debit Card,Marketplace,Size issue,Mass Market,1580,5,2,3,1,policy_exploitation
ORD102434,CUST100609,TXN102434,DEV201609,ADDR302341,ADDR302341,2024-06-29,2024-07-05,7,1,1,3649.64,495.24,0.125,0.125,521.38,495.24,3,3,0,0,1,4,1,1,2,1,2,1,0,300.0,1,Fashion,Credit Card,Marketplace,Wrong product,Mass Market,1580,6,2,4,1,policy_exploitation
ORD102439,CUST100609,TXN102439,DEV201609,ADDR302341,ADDR302341,2024-07-06,2024-07-14,10,2,2,6428.97,785.57,0.1818,0.1818,642.9,392.78,1,6,1,1,7,4,1,1,3,2,3,2,0,967.62,2,Home,Wallet,Social Commerce,Product not as described,Mass Market,1580,8,4,4,0,none
ORD102462,CUST100613,TXN102462,DEV201477,ADDR300015,ADDR300015,2024-12-03,2024-12-14,6,0,0,5066.41,0.0,0.0,0.0,844.4,0.0,0,1,0,0,26,1,1,1,0,0,0,0,0,1496.0,1,Fashion,Wallet,Mobile App,Quality issue,High Value,1202,11,10,1,0,none
ORD102472,CUST100619,TXN102472,DEV200397,ADDR300105,ADDR300105,2024-08-07,2024-08-11,4,1,0,2248.7,0.0,0.2,0.0,562.17,0.0,0,2,1,0,19,1,1,1,1,1,0,0,0,243.36,1,Fashion,UPI,Marketplace,Size issue,Budget,1191,4,3,1,0,none
ORD102483,CUST100622,TXN102483,DEV202614,ADDR301195,ADDR301195,2024-02-07,2024-02-11,1,0,0,184.26,0.0,0.0,0.0,184.26,0.0,0,1,0,0,27,1,1,1,0,0,0,0,0,1378.18,1,Fashion,Wallet,Website,Size issue,Premium,1304,4,1,3,0,none
ORD102485,CUST100622,TXN102485,DEV202614,ADDR301195,ADDR301195,2024-04-06,2024-04-11,3,1,1,2817.27,1378.18,0.25,0.25,939.09,1378.18,0,0,0,0,33,1,1,1,1,1,1,1,0,574.82,1,Fashion,Net Banking,Marketplace,Size issue,Premium,1304,5,3,2,0,none
ORD102486,CUST100622,TXN102486,DEV202614,ADDR301195,ADDR301195,2024-04-11,2024-04-14,4,2,1,3392.09,1378.18,0.4,0.2,848.02,1378.18,0,1,1,0,8,1,1,1,2,2,1,1,0,1746.65,1,Electronics,Credit Card,Mobile App,Wrong product,Premium,1304,3,1,2,0,none
ORD102496,CUST100622,TXN102496,DEV202614,ADDR301195,ADDR301195,2024-12-26,2025-01-10,14,4,3,24740.63,3498.18,0.2667,0.2,1767.19,1166.06,0,0,0,0,66,1,1,1,4,4,3,3,0,638.36,1,Home,Net Banking,Website,Damaged product,Premium,1304,15,12,3,0,none
ORD102503,CUST100627,TXN102503,DEV202003,ADDR302707,ADDR302707,2024-03-01,2024-03-02,2,0,0,1993.48,0.0,0.0,0.0,996.74,0.0,1,1,0,0,5,1,1,1,0,0,0,0,0,204.96,1,Beauty,Debit Card,Marketplace,Changed mind,Mass Market,1055,1,0,1,0,none
ORD102510,CUST100627,TXN102510,DEV202003,ADDR302707,ADDR302707,2024-11-09,2024-11-16,9,1,1,5659.76,204.96,0.1,0.1,628.86,204.96,0,0,0,0,67,1,1,1,1,1,1,1,0,1200.38,2,Footwear,Wallet,Website,Size issue,Mass Market,1055,7,3,4,1,policy_exploitation
ORD102521,CUST100630,TXN102521,DEV202070,ADDR300757,ADDR300757,2024-01-09,2024-01-26,1,0,0,308.28,0.0,0.0,0.0,308.28,0.0,0,1,0,0,22,1,1,1,0,0,0,0,0,632.81,1,Sports,Credit Card,Mobile App,Size issue,Premium,1132,17,13,4,0,none
ORD102525,CUST100630,TXN102525,DEV202070,ADDR300757,ADDR300757,2024-08-10,2024-08-18,5,1,1,3825.69,632.81,0.1667,0.1667,765.14,632.81,0,0,0,0,91,3,1,1,2,1,1,1,0,182.73,1,Grocery,Debit Card,Social Commerce,Late delivery,Premium,1132,8,5,3,1,refund_abuse
ORD102529,CUST100630,TXN102529,DEV201587,ADDR300757,ADDR300757,2024-10-31,2024-11-05,10,2,2,8100.01,804.14,0.1818,0.1818,810.0,402.07,1,3,0,0,5,1,1,1,0,2,0,2,0,1368.18,2,Footwear,Debit Card,Mobile App,Size issue,Premium,1132,5,1,4,1,refund_abuse
ORD102530,CUST100630,TXN102530,DEV201587,ADDR300757,ADDR300757,2024-10-31,2024-11-05,10,2,2,8425.12,804.14,0.1818,0.1818,842.51,402.07,1,3,0,0,5,1,1,1,0,2,0,2,0,1043.07,3,Home,UPI,Social Commerce,Wrong product,Premium,1132,5,2,3,1,refund_abuse
ORD102555,CUST100635,TXN102555,DEV200876,ADDR301050,ADDR301050,2024-05-09,2024-05-16,2,0,0,3376.38,0.0,0.0,0.0,1688.19,0.0,0,0,0,0,38,2,3,3,1,4,1,4,0,1795.12,1,Electronics,Credit Card,Mobile App,Late delivery,Mass Market,1271,7,4,3,0,none
ORD102560,CUST100636,TXN102560,DEV201078,ADDR301801,ADDR301801,2024-12-24,2024-12-27,1,0,0,1484.07,0.0,0.0,0.0,1484.07,0.0,0,0,0,0,82,3,2,2,2,4,2,4,0,496.06,1,Fashion,Debit Card,Mobile App,Size issue,Budget,950,3,1,2,0,none
ORD102563,CUST100638,TXN102563,DEV200926,ADDR301100,ADDR301100,2024-10-11,2024-10-14,1,0,0,357.1,0.0,0.0,0.0,357.1,0.0,0,0,0,0,239,1,1,2,0,0,0,0,0,1104.88,1,Fashion,UPI,Website,Changed mind,Mass Market,757,3,1,2,0,none
ORD102567,CUST100640,TXN102567,DEV202311,ADDR300252,ADDR300252,2024-10-17,2024-10-23,0,0,0,0.0,0.0,0.0,0.0,0.0,0.0,0,0,0,0,999,1,2,2,0,1,0,0,0,1229.27,1,Electronics,Debit Card,Mobile App,Damaged product,Mass Market,894,6,4,2,0,none
ORD102575,CUST100644,TXN102575,DEV202852,ADDR302733,ADDR302733,2024-04-28,2024-05-10,1,0,0,518.36,0.0,0.0,0.0,518.36,0.0,0,0,0,0,51,2,1,1,0,0,0,0,0,2645.48,1,Electronics,UPI,Mobile App,Changed mind,Mass Market,564,12,10,2,0,none
ORD102577,CUST100644,TXN102577,DEV202852,ADDR302733,ADDR302733,2024-05-30,2024-06-09,3,2,1,4523.58,2393.71,0.5,0.25,1507.86,2393.71,0,1,2,1,20,2,1,1,2,2,1,1,0,678.59,1,Home,Debit Card,Website,Quality issue,Mass Market,564,10,8,2,0,none
ORD102582,CUST100644,TXN102582,DEV202852,ADDR302733,ADDR302733,2024-11-09,2024-11-11,8,4,2,8025.15,3021.57,0.4444,0.2222,1003.14,1510.78,0,0,0,0,35,2,1,1,4,4,2,2,0,2527.84,2,Sports,Credit Card,Website,Changed mind,Mass Market,564,2,1,1,0,none
ORD102584,CUST100644,TXN102584,DEV202852,ADDR302733,ADDR302733,2024-11-22,2024-11-27,10,5,3,10932.15,5493.75,0.4545,0.2727,1093.21,1831.25,0,2,1,1,14,2,1,1,5,5,3,3,0,627.8,1,Fashion,UPI,Mobile App,Size issue,Mass Market,564,5,3,2,1,serial_return_abuse
ORD102586,CUST100644,TXN102586,DEV202852,ADDR302733,ADDR302733,2024-12-27,2024-12-30,12,6,4,12310.63,6107.73,0.4615,0.3077,1025.89,1526.93,0,1,0,0,8,2,1,1,6,6,4,4,0,1143.05,1,Fashion,UPI,Website,Changed mind,Mass Market,564,3,0,3,1,serial_return_abuse
ORD102600,CUST100650,TXN102600,DEV200249,ADDR301585,ADDR301585,2024-10-27,2024-11-02,8,0,0,9272.07,0.0,0.0,0.0,1159.01,0.0,1,3,0,0,1,1,1,1,0,0,0,0,0,1652.01,2,Fashion,Credit Card,Mobile App,Size issue,High Value,107,6,4,2,1,refund_abuse
ORD102604,CUST100650,TXN102604,DEV200249,ADDR301585,ADDR301585,2024-12-17,2024-12-22,11,1,1,11834.11,1501.29,0.0833,0.0833,1075.83,1501.29,0,1,0,0,25,1,1,1,1,1,1,1,0,1670.2,1,Footwear,Net Banking,Website,Product not as described,High Value,107,5,3,2,1,refund_abuse
ORD102614,CUST100655,TXN102614,DEV201944,ADDR302345,ADDR302345,2024-10-27,2024-10-31,5,0,0,2247.78,0.0,0.0,0.0,449.56,0.0,0,2,0,0,14,1,2,2,0,0,0,0,0,2149.26,1,Footwear,Net Banking,Mobile App,Size issue,Mass Market,1165,4,3,1,1,refund_abuse
ORD102624,CUST100658,TXN102624,DEV201224,ADDR300323,ADDR300323,2024-07-14,2024-07-19,7,1,0,7368.79,0.0,0.125,0.0,1052.68,0.0,4,4,0,0,1,1,3,3,1,3,0,1,0,985.09,1,Footwear,UPI,Mobile App,Quality issue,Mass Market,455,5,1,4,1,refund_abuse
ORD102625,CUST100658,TXN102625,DEV201224,ADDR300323,ADDR300323,2024-07-16,2024-07-29,8,3,2,7076.02,1456.86,0.3333,0.2222,884.5,728.43,0,5,2,2,8,1,3,3,3,5,2,3,0,1833.32,2,Home,Net Banking,Mobile App,Quality issue,Mass Market,455,13,12,1,1,refund_abuse
ORD102627,CUST100658,TXN102627,DEV201224,ADDR300323,ADDR300323,2024-07-21,2024-07-25,8,2,1,8353.88,985.09,0.2222,0.1111,1044.23,985.09,1,5,1,1,7,1,3,3,2,4,1,2,0,555.46,1,Fashion,Credit Card,Website,Size issue,Mass Market,455,4,1,3,1,refund_abuse
ORD102648,CUST100666,TXN102648,DEV200492,ADDR303101,ADDR303101,2024-06-13,2024-06-25,1,0,0,2780.92,0.0,0.0,0.0,2780.92,0.0,0,0,0,0,103,1,5,4,0,0,0,0,0,122.12,2,Grocery,UPI,Mobile App,Late delivery,Mass Market,1414,12,9,3,0,none
ORD102675,CUST100678,TXN102675,DEV200274,ADDR300356,ADDR300356,2024-07-02,2024-07-15,1,0,0,1942.56,0.0,0.0,0.0,1942.56,0.0,0,0,0,0,152,1,1,1,0,0,0,0,0,1273.82,2,Fashion,UPI,Mobile App,Size issue,Budget,487,13,10,3,1,policy_exploitation
ORD102680,CUST100678,TXN102680,DEV200274,ADDR300356,ADDR300356,2024-09-18,2024-09-24,6,1,1,4814.58,1273.82,0.1429,0.1429,802.43,1273.82,0,0,0,0,64,1,1,1,1,1,1,1,0,611.78,1,Fashion,UPI,Mobile App,Size issue,Budget,487,6,2,4,0,none
ORD102682,CUST100678,TXN102682,DEV200274,ADDR300356,ADDR300356,2024-11-05,2024-11-11,8,2,2,5684.34,1829.2,0.2222,0.2222,710.54,914.6,1,1,0,0,6,1,1,1,2,2,2,2,0,748.54,1,Home,Credit Card,Mobile App,Product not as described,Budget,487,6,3,3,1,policy_exploitation
ORD102691,CUST100680,TXN102691,DEV202176,ADDR300986,ADDR300986,2024-09-28,2024-10-02,1,0,0,457.27,0.0,0.0,0.0,457.27,0.0,0,0,0,0,138,1,5,6,0,2,0,1,0,816.4,1,Sports,Debit Card,Mobile App,Size issue,Budget,1538,4,0,4,1,account_multiplication
ORD102693,CUST100681,TXN102693,DEV201627,ADDR302261,ADDR302261,2024-03-24,2024-03-29,1,0,0,1209.69,0.0,0.0,0.0,1209.69,0.0,0,1,0,0,14,1,1,1,0,0,0,0,0,634.91,2,Accessories,Debit Card,Marketplace,Changed mind,Budget,630,5,3,2,0,none
ORD102694,CUST100681,TXN102694,DEV201627,ADDR302261,ADDR302261,2024-04-10,2024-04-16,2,1,1,1844.6,634.91,0.3333,0.3333,922.3,634.91,0,1,1,1,23,1,1,1,1,1,1,1,0,1559.62,3,Sports,Credit Card,Mobile App,Size issue,Budget,630,6,2,4,0,none
ORD102696,CUST100681,TXN102696,DEV201627,ADDR302261,ADDR302261,2024-04-26,2024-05-03,4,3,2,4431.55,2052.37,0.6,0.4,1107.89,1026.18,0,2,2,2,12,1,1,1,3,3,2,2,0,4429.34,2,Electronics,Wallet,Social Commerce,Damaged product,Budget,630,7,6,1,0,none
ORD102698,CUST100681,TXN102698,DEV201627,ADDR302261,ADDR302261,2024-05-10,2024-05-14,6,4,3,9545.22,5598.1,0.5714,0.4286,1590.87,1866.03,0,3,3,2,11,1,1,1,4,4,3,3,0,695.36,1,Footwear,EMI,Mobile App,Changed mind,Budget,630,4,1,3,0,none
ORD102703,CUST100681,TXN102703,DEV201627,ADDR302261,ADDR302261,2024-10-09,2024-10-17,12,5,4,13894.34,6259.01,0.3846,0.3077,1157.86,1564.75,1,2,0,0,5,1,2,2,5,5,4,4,0,1207.38,1,Sports,UPI,Mobile App,Product not as described,Budget,630,8,7,1,0,none
ORD102714,CUST100685,TXN102714,DEV202552,ADDR302406,ADDR302406,2024-08-01,2024-08-07,3,1,0,2410.95,0.0,0.25,0.0,803.65,0.0,0,1,0,0,27,2,1,1,4,1,3,0,0,344.75,1,Fashion,UPI,Mobile App,Size issue,Budget,1165,6,3,3,0,none
ORD102720,CUST100687,TXN102720,DEV202140,ADDR301718,ADDR301718,2024-08-31,2024-09-04,0,0,0,0.0,0.0,0.0,0.0,0.0,0.0,0,0,0,0,999,3,2,2,0,0,0,0,0,491.37,1,Footwear,EMI,Mobile App,Size issue,Premium,1151,4,0,4,0,none
ORD102724,CUST100689,TXN102724,DEV201202,ADDR301780,ADDR301780,2024-09-11,2024-09-15,2,0,0,1088.06,0.0,0.0,0.0,544.03,0.0,1,1,0,0,5,5,4,5,2,1,2,1,0,506.85,1,Fashion,UPI,Website,Quality issue,Budget,1153,4,0,4,1,coordinated_device_abuse
ORD102732,CUST100694,TXN102732,DEV200410,ADDR300432,ADDR300432,2024-01-09,2024-01-13,1,0,0,664.26,0.0,0.0,0.0,664.26,0.0,0,1,0,0,11,1,1,1,0,0,0,0,0,745.97,1,Footwear,Debit Card,Website,Size issue,Budget,1145,4,1,3,0,none
ORD102740,CUST100695,TXN102740,DEV202304,ADDR303193,ADDR303193,2024-03-22,2024-03-24,2,1,0,715.77,0.0,0.3333,0.0,357.89,0.0,0,0,0,0,75,1,2,2,1,1,0,0,0,1343.62,1,Fashion,UPI,Marketplace,Quality issue,Premium,1548,2,0,2,0,none
ORD102754,CUST100700,TXN102754,DEV201683,ADDR301081,ADDR301081,2024-04-21,2024-04-29,1,0,0,125.29,0.0,0.0,0.0,125.29,0.0,0,0,0,0,68,2,1,1,0,0,0,0,0,305.58,1,Grocery,UPI,Marketplace,Wrong product,Mass Market,702,8,4,4,0,none
ORD102757,CUST100700,TXN102757,DEV201683,ADDR301081,ADDR301081,2024-12-15,2024-12-20,4,1,1,2075.75,273.44,0.2,0.2,518.94,273.44,0,0,0,0,45,2,1,1,1,1,1,1,0,2192.16,2,Home,Debit Card,Website,Late delivery,Mass Market,702,5,2,3,0,none
ORD102761,CUST100701,TXN102761,DEV201568,ADDR302682,ADDR302682,2024-05-09,2024-05-17,3,0,0,1134.67,0.0,0.0,0.0,378.22,0.0,0,0,0,0,104,2,2,2,0,0,0,0,0,1918.58,2,Footwear,UPI,Marketplace,Quality issue,Budget,1155,8,4,4,0,none
ORD102774,CUST100705,TXN102774,DEV201128,ADDR301650,ADDR301650,2024-11-09,2024-11-24,4,0,0,2565.73,0.0,0.0,0.0,641.43,0.0,0,1,0,0,21,1,2,3,0,0,0,0,0,682.14,1,Sports,Credit Card,Marketplace,Size issue,Premium,482,15,12,3,0,none
ORD102827,CUST100728,TXN102827,DEV203170,ADDR301314,ADDR301196,2024-06-30,2024-07-04,4,0,0,1452.44,0.0,0.0,0.0,363.11,0.0,0,0,0,0,74,1,2,1,0,2,0,2,1,549.94,1,Accessories,Net Banking,Mobile App,Changed mind,Premium,852,4,2,2,0,none
ORD102828,CUST100728,TXN102828,DEV203170,ADDR301314,ADDR301314,2024-08-06,2024-08-12,5,1,1,2002.38,402.09,0.1667,0.1667,400.48,402.09,0,0,0,0,43,1,2,2,1,4,1,4,0,1735.76,1,Fashion,UPI,Mobile App,Size issue,Premium,852,6,3,3,0,none
ORD102839,CUST100730,TXN102839,DEV201707,ADDR302477,ADDR302477,2024-11-03,2024-11-10,2,0,0,2648.78,0.0,0.0,0.0,1324.39,0.0,0,0,0,0,60,2,1,1,5,0,3,0,0,1348.8,1,Fashion,Debit Card,Website,Size issue,Mass Market,1301,7,4,3,0,none
ORD102844,CUST100731,TXN102844,DEV202644,ADDR300365,ADDR300365,2024-03-28,2024-04-01,2,0,0,1224.3,0.0,0.0,0.0,612.15,0.0,0,1,0,0,25,1,1,1,0,0,0,0,0,920.46,3,Beauty,UPI,Mobile App,Changed mind,Mass Market,920,4,3,1,1,serial_return_abuse
ORD102846,CUST100731,TXN102846,DEV202644,ADDR300365,ADDR300365,2024-05-11,2024-05-24,4,1,1,2210.63,680.29,0.2,0.2,552.66,680.29,0,0,0,0,47,1,2,2,1,1,1,1,0,406.11,1,Fashion,Debit Card,Mobile App,Changed mind,Mass Market,920,13,11,2,1,serial_return_abuse
ORD102862,CUST100734,TXN102862,DEV203034,ADDR301984,ADDR301984,2024-11-12,2024-11-20,3,0,0,618.59,0.0,0.0,0.0,206.2,0.0,0,0,0,0,31,1,1,1,0,0,0,0,0,837.19,1,Fashion,UPI,Social Commerce,Size issue,Mass Market,1429,8,5,3,0,none
ORD102863,CUST100734,TXN102863,DEV203034,ADDR301984,ADDR301984,2024-12-17,2024-12-24,4,1,1,1455.78,781.38,0.2,0.2,363.95,781.38,0,0,0,0,42,1,1,1,1,1,1,1,0,1601.44,1,Fashion,UPI,Mobile App,Size issue,Mass Market,1429,7,6,1,0,none
ORD102892,CUST100745,TXN102892,DEV200822,ADDR300236,ADDR300236,2024-01-01,2024-01-02,0,0,0,0.0,0.0,0.0,0.0,0.0,0.0,0,0,0,0,999,1,1,1,0,0,0,0,0,1690.23,3,Electronics,UPI,Website,Product not as described,Budget,1318,1,0,1,0,none
ORD102906,CUST100747,TXN102906,DEV200181,ADDR302722,ADDR302722,2024-07-31,2024-08-15,0,0,0,0.0,0.0,0.0,0.0,0.0,0.0,0,0,0,0,999,2,5,5,0,3,0,3,0,234.49,1,Accessories,UPI,Marketplace,Wrong product,Premium,338,15,11,4,0,none
ORD102907,CUST100747,TXN102907,DEV200181,ADDR302722,ADDR302722,2024-10-05,2024-10-07,1,1,1,234.49,234.49,0.5,0.5,234.49,234.49,0,0,0,0,68,2,5,5,1,4,1,4,0,1136.28,1,Electronics,Credit Card,Mobile App,Quality issue,Premium,338,2,1,1,0,none
ORD102908,CUST100747,TXN102908,DEV200181,ADDR302722,ADDR302900,2024-10-11,2024-10-16,2,2,2,1370.77,1147.19,0.6667,0.6667,685.38,573.6,0,1,1,1,11,2,5,1,2,5,2,5,1,491.37,1,Footwear,Net Banking,Social Commerce,Product not as described,Premium,338,5,1,4,0,none
ORD102910,CUST100748,TXN102910,DEV200298,ADDR300207,ADDR300207,2024-01-10,2024-01-12,0,0,0,0.0,0.0,0.0,0.0,0.0,0.0,0,0,0,0,999,1,1,1,0,0,0,0,0,258.37,1,Home,Credit Card,Marketplace,Late delivery,Budget,1218,2,1,1,1,policy_exploitation
ORD102914,CUST100748,TXN102914,DEV201869,ADDR300207,ADDR300207,2024-04-26,2024-04-30,4,2,1,1049.4,247.19,0.4,0.2,262.35,247.19,0,0,1,0,39,2,1,1,1,2,0,1,0,315.73,1,Fashion,Wallet,Marketplace,Size issue,Budget,1218,4,3,1,0,none
ORD102916,CUST100748,TXN102916,DEV201869,ADDR300207,ADDR300207,2024-09-30,2024-10-11,6,3,2,2002.46,499.82,0.4286,0.2857,333.74,249.91,0,0,0,0,102,2,2,2,2,3,1,2,0,121.68,1,Beauty,Credit Card,Marketplace,Quality issue,Budget,1218,11,10,1,0,none
ORD102934,CUST100757,TXN102934,DEV200990,ADDR301525,ADDR301525,2024-03-11,2024-03-15,1,0,0,749.02,0.0,0.0,0.0,749.02,0.0,0,0,0,0,61,1,2,2,0,0,0,0,0,162.73,1,Grocery,UPI,Mobile App,Wrong product,Budget,460,4,1,3,1,serial_return_abuse
ORD102935,CUST100757,TXN102935,DEV200990,ADDR301525,ADDR301525,2024-04-25,2024-04-28,2,1,1,911.75,157.05,0.3333,0.3333,455.88,157.05,0,0,0,0,48,1,2,2,1,1,1,1,0,219.61,1,Beauty,UPI,Mobile App,Quality issue,Budget,460,3,1,2,1,serial_return_abuse
ORD102943,CUST100759,TXN102943,DEV201532,ADDR302285,ADDR302285,2024-09-20,2024-09-23,2,0,0,3355.32,0.0,0.0,0.0,1677.66,0.0,0,0,0,0,76,1,6,5,0,0,0,0,0,1607.98,1,Home,Credit Card,Mobile App,Product not as described,Premium,1233,3,0,3,0,none
ORD102955,CUST100768,TXN102955,DEV201167,ADDR300112,ADDR300112,2024-08-25,2024-09-01,1,0,0,319.51,0.0,0.0,0.0,319.51,0.0,0,0,0,0,157,1,1,1,0,0,0,0,0,421.15,1,Electronics,UPI,Website,Quality issue,Budget,153,7,4,3,0,none
ORD102961,CUST100768,TXN102961,DEV201167,ADDR300112,ADDR300112,2024-12-08,2024-12-23,7,1,1,3776.67,255.52,0.125,0.125,539.52,255.52,0,1,0,0,26,1,1,1,1,1,1,1,0,171.29,1,Home,Credit Card,Mobile App,Damaged product,Budget,153,15,11,4,0,none
ORD102963,CUST100769,TXN102963,DEV201263,ADDR301909,ADDR301909,2024-07-18,2024-07-21,1,0,0,162.39,0.0,0.0,0.0,162.39,0.0,0,0,0,0,147,1,3,3,0,0,0,0,0,357.26,1,Fashion,Credit Card,Mobile App,Product not as described,Budget,38,3,2,1,0,none
ORD102976,CUST100774,TXN102976,DEV200667,ADDR302343,ADDR302343,2024-07-24,2024-08-05,3,0,0,1101.9,0.0,0.0,0.0,367.3,0.0,0,1,0,0,30,1,3,3,0,1,0,1,0,2162.43,2,Sports,Net Banking,Website,Quality issue,Budget,142,12,8,4,0,none
ORD102981,CUST100777,TXN102981,DEV200906,ADDR302651,ADDR302651,2024-04-02,2024-04-04,0,0,0,0.0,0.0,0.0,0.0,0.0,0.0,0,0,0,0,999,2,4,4,0,1,0,1,0,346.6,1,Fashion,UPI,Mobile App,Changed mind,Budget,1453,2,1,1,0,none
ORD102984,CUST100777,TXN102984,DEV200906,ADDR302651,ADDR302651,2024-11-07,2024-11-12,3,1,1,1192.17,302.12,0.25,0.25,397.39,302.12,0,1,0,0,10,3,4,4,1,3,1,2,0,243.36,1,Fashion,Credit Card,Mobile App,Size issue,Budget,1453,5,1,4,1,policy_exploitation
ORD102990,CUST100778,TXN102990,DEV202011,ADDR301193,ADDR301193,2024-11-03,2024-11-08,5,0,0,4863.55,0.0,0.0,0.0,972.71,0.0,0,1,0,0,28,1,4,4,0,0,0,0,0,352.12,1,Sports,Wallet,Mobile App,Damaged product,Budget,424,5,3,2,0,none
ORD102994,CUST100780,TXN102994,DEV200922,ADDR302775,ADDR302775,2024-05-26,2024-05-27,2,0,0,2105.2,0.0,0.0,0.0,1052.6,0.0,0,0,0,0,59,1,1,1,0,0,0,0,0,1595.55,2,Footwear,Credit Card,Marketplace,Size issue,Budget,1244,1,0,1,0,none
ORD102995,CUST100780,TXN102995,DEV200922,ADDR302775,ADDR302775,2024-06-02,2024-06-03,3,1,1,3700.75,1181.2,0.25,0.25,1233.58,1181.2,0,1,1,1,8,1,1,1,1,1,1,1,0,1183.0,1,Electronics,Debit Card,Marketplace,Damaged product,Budget,1244,1,0,1,0,none
ORD102996,CUST100780,TXN102996,DEV200922,ADDR302775,ADDR302775,2024-06-16,2024-06-20,4,2,2,4883.75,2253.48,0.4,0.4,1220.94,1126.74,0,2,2,2,18,1,1,1,2,2,2,2,0,599.42,1,Fashion,UPI,Marketplace,Other,Budget,1244,4,3,1,0,none
ORD103000,CUST100780,TXN103000,DEV200922,ADDR302775,ADDR302775,2024-10-29,2024-11-13,10,4,3,9702.49,2768.59,0.3636,0.2727,970.25,922.86,1,4,1,0,6,1,1,1,4,4,3,3,0,745.89,1,Fashion,UPI,Mobile App,Size issue,Budget,1244,15,13,2,0,none
ORD103005,CUST100780,TXN103005,DEV200922,ADDR302775,ADDR302775,2024-12-15,2024-12-18,13,5,4,11567.82,3399.49,0.3571,0.2857,889.83,849.87,0,2,0,0,12,1,2,2,5,5,4,4,0,88.56,1,Grocery,Credit Card,Website,Quality issue,Budget,1244,3,0,3,0,none
ORD103010,CUST100781,TXN103010,DEV200846,ADDR301102,ADDR301102,2024-01-26,2024-02-06,2,0,0,2578.64,0.0,0.0,0.0,1289.32,0.0,0,1,0,0,20,1,2,2,0,1,0,1,0,474.51,1,Sports,Credit Card,Marketplace,Product not as described,Premium,1281,11,10,1,0,none
ORD103019,CUST100781,TXN103019,DEV200846,ADDR301102,ADDR301111,2024-10-06,2024-10-16,12,3,1,8829.63,354.51,0.2308,0.0769,735.8,354.51,1,3,0,0,1,3,2,1,4,7,1,3,1,587.05,1,Fashion,Net Banking,Mobile App,Size issue,Premium,1281,10,9,1,0,none
ORD103022,CUST100781,TXN103022,DEV200846,ADDR301102,ADDR301102,2024-12-01,2024-12-06,14,4,2,10200.18,821.08,0.2667,0.1333,728.58,410.54,0,0,0,0,43,3,2,2,5,9,2,6,0,244.9,1,Accessories,UPI,Website,Damaged product,Premium,1281,5,2,3,0,none
ORD103025,CUST100783,TXN103025,DEV201472,ADDR300150,ADDR301294,2024-03-09,2024-03-24,1,0,0,137.13,0.0,0.0,0.0,137.13,0.0,0,1,0,0,28,2,2,1,0,0,0,0,1,219.7,2,Accessories,Net Banking,Marketplace,Damaged product,Budget,1346,15,14,1,0,none
ORD103035,CUST100784,TXN103035,DEV200480,ADDR302058,ADDR302058,2024-11-14,2024-11-18,1,0,0,516.23,0.0,0.0,0.0,516.23,0.0,0,0,0,0,220,1,5,5,0,1,0,1,0,633.99,1,Sports,UPI,Mobile App,Size issue,Premium,1391,4,2,2,0,none
ORD103041,CUST100785,TXN103041,DEV202453,ADDR301327,ADDR301327,2024-10-25,2024-11-02,5,0,0,2413.96,0.0,0.0,0.0,482.79,0.0,0,3,0,0,10,3,3,3,1,1,1,1,0,458.79,1,Fashion,Debit Card,Marketplace,Quality issue,Budget,1183,8,4,4,1,coordinated_address_abuse
ORD103051,CUST100790,TXN103051,DEV203196,ADDR303143,ADDR303143,2024-10-23,2024-10-31,4,0,0,3603.76,0.0,0.0,0.0,900.94,0.0,0,2,0,0,8,3,2,2,1,0,1,0,0,402.73,1,Home,Credit Card,Mobile App,Wrong product,Mass Market,843,8,6,2,0,none
ORD103054,CUST100791,TXN103054,DEV202794,ADDR300036,ADDR300036,2024-10-18,2024-10-29,2,0,0,5043.1,0.0,0.0,0.0,2521.55,0.0,0,1,0,0,9,1,2,2,0,1,0,1,0,687.64,1,Home,Debit Card,Mobile App,Other,High Value,1195,11,9,2,0,none
ORD103059,CUST100794,TXN103059,DEV203021,ADDR300480,ADDR300480,2024-02-03,2024-02-12,1,0,0,1509.75,0.0,0.0,0.0,1509.75,0.0,0,1,0,0,21,1,4,4,0,1,0,1,0,144.93,1,Beauty,UPI,Mobile App,Damaged product,Budget,170,9,5,4,0,none
ORD103063,CUST100794,TXN103063,DEV203021,ADDR300480,ADDR300480,2024-04-21,2024-04-30,5,1,1,2640.85,104.4,0.1667,0.1667,528.17,104.4,0,0,0,0,36,1,6,5,1,6,1,5,0,649.67,3,Accessories,UPI,Mobile App,Changed mind,Budget,170,9,6,3,0,none
ORD103065,CUST100794,TXN103065,DEV203021,ADDR300480,ADDR300480,2024-08-17,2024-08-24,7,2,2,3554.53,754.07,0.25,0.25,507.79,377.04,0,0,0,0,46,1,8,7,2,10,2,7,0,575.95,1,Fashion,UPI,Mobile App,Size issue,Budget,170,7,5,2,0,none
ORD103072,CUST100794,TXN103072,DEV203021,ADDR300480,ADDR300480,2024-11-19,2024-11-28,14,4,3,11872.13,1330.02,0.2667,0.2,848.01,443.34,0,2,0,0,18,1,11,10,4,19,3,10,0,460.89,2,Home,UPI,Marketplace,Quality issue,Budget,170,9,8,1,0,none
ORD103076,CUST100795,TXN103076,DEV201672,ADDR302749,ADDR302749,2024-06-17,2024-06-21,2,1,0,2630.98,0.0,0.3333,0.0,1315.49,0.0,0,1,0,0,20,1,6,6,1,3,0,2,0,459.8,2,Accessories,UPI,Mobile App,Damaged product,Mass Market,1445,4,3,1,1,serial_return_abuse
ORD103077,CUST100795,TXN103077,DEV201672,ADDR302749,ADDR302749,2024-07-09,2024-07-21,3,2,1,3090.78,459.8,0.5,0.25,1030.26,459.8,0,0,1,1,34,1,6,6,2,4,1,3,0,628.5,1,Fashion,UPI,Website,Size issue,Mass Market,1445,12,8,4,1,serial_return_abuse
ORD103088,CUST100799,TXN103088,DEV203149,ADDR300311,ADDR300311,2024-02-04,2024-02-18,2,0,0,1552.36,0.0,0.0,0.0,776.18,0.0,0,2,0,0,8,3,3,3,0,0,0,0,0,491.37,1,Footwear,Credit Card,Mobile App,Size issue,Premium,859,14,13,1,0,none
ORD103093,CUST100799,TXN103093,DEV203149,ADDR300311,ADDR300311,2024-06-09,2024-06-19,6,1,1,6868.13,475.24,0.1429,0.1429,1144.69,475.24,0,0,0,0,58,5,5,5,1,1,1,1,0,245.68,1,Home,Credit Card,Mobile App,Wrong product,Premium,859,10,9,1,0,none
ORD103100,CUST100799,TXN103100,DEV203149,ADDR300311,ADDR300311,2024-10-22,2024-11-02,13,2,2,12928.23,720.44,0.1429,0.1429,994.48,360.22,0,2,0,0,12,5,5,6,2,2,2,2,0,515.28,1,Beauty,UPI,Website,Duplicate order,Premium,859,11,7,4,0,none
ORD103101,CUST100799,TXN103101,DEV203149,ADDR300311,ADDR300311,2024-11-10,2024-11-20,16,3,3,16193.42,1200.41,0.1765,0.1765,1012.09,400.14,2,4,1,1,2,6,6,7,3,3,3,3,0,813.15,1,Electronics,UPI,Website,Wrong product,Premium,859,10,6,4,0,none
ORD103102,CUST100799,TXN103102,DEV203149,ADDR300311,ADDR300311,2024-11-16,2024-11-23,16,4,3,15519.19,1200.41,0.2353,0.1765,969.95,400.14,1,2,2,1,5,6,6,7,4,4,3,3,0,1487.38,1,Electronics,UPI,Mobile App,Late delivery,Premium,859,7,3,4,0,none
ORD103103,CUST100799,TXN103103,DEV203149,ADDR300311,ADDR300311,2024-11-18,2024-11-25,16,5,4,15744.04,2687.79,0.2941,0.2353,984.0,671.95,0,2,3,2,9,6,6,7,5,5,4,4,0,1262.53,1,Fashion,Credit Card,Mobile App,Product not as described,Premium,859,7,4,3,0,none
ORD103106,CUST100800,TXN103106,DEV200842,ADDR301759,ADDR301759,2024-01-25,2024-02-01,2,0,0,1260.22,0.0,0.0,0.0,630.11,0.0,0,2,0,0,24,1,3,3,0,1,0,1,0,384.43,1,Fashion,UPI,Mobile App,Product not as described,Premium,34,7,4,3,0,none
ORD103125,CUST100802,TXN103125,DEV200916,ADDR301033,ADDR301033,2024-10-19,2024-10-25,10,0,0,5010.22,0.0,0.0,0.0,501.02,0.0,0,3,0,0,8,1,5,5,0,1,0,1,0,1084.79,1,Fashion,Wallet,Mobile App,Size issue,Mass Market,1205,6,2,4,0,none
ORD103126,CUST100802,TXN103126,DEV200916,ADDR301033,ADDR301033,2024-11-14,2024-11-18,11,1,1,6095.01,670.82,0.0833,0.0833,554.09,670.82,0,1,1,1,30,1,5,5,1,2,1,2,0,5031.98,2,Electronics,Debit Card,Marketplace,Quality issue,Mass Market,1205,4,3,1,0,none
ORD103129,CUST100803,TXN103129,DEV201798,ADDR300132,ADDR300132,2024-07-27,2024-07-29,0,0,0,0.0,0.0,0.0,0.0,0.0,0.0,0,0,0,0,999,1,2,2,0,1,0,1,0,150.95,1,Grocery,Wallet,Website,Late delivery,Budget,743,2,0,2,0,none
ORD103131,CUST100804,TXN103131,DEV202491,ADDR301251,ADDR301251,2024-08-31,2024-09-03,1,0,0,252.99,0.0,0.0,0.0,252.99,0.0,0,0,0,0,156,1,2,2,0,0,0,0,0,964.37,1,Fashion,Credit Card,Mobile App,Wrong product,Budget,1342,3,1,2,0,none
ORD103147,CUST100811,TXN103147,DEV201032,ADDR300893,ADDR300893,2024-05-21,2024-05-29,0,0,0,0.0,0.0,0.0,0.0,0.0,0.0,0,0,0,0,999,1,1,1,0,0,0,0,0,246.44,1,Home,EMI,Website,Late delivery,Budget,859,8,5,3,0,none
ORD103156,CUST100812,TXN103156,DEV201911,ADDR301237,ADDR302711,2024-10-28,2024-11-02,5,0,0,5303.25,0.0,0.0,0.0,1060.65,0.0,0,2,0,0,17,1,1,3,0,0,0,0,1,326.56,1,Beauty,Credit Card,Mobile App,Late delivery,Budget,874,5,2,3,0,none
ORD103160,CUST100814,TXN103160,DEV202554,ADDR301626,ADDR301626,2024-02-11,2024-02-13,2,0,0,286.54,0.0,0.0,0.0,143.27,0.0,0,1,0,0,15,1,2,2,0,0,0,0,0,162.24,2,Accessories,UPI,Website,Late delivery,Budget,1471,2,1,1,1,policy_exploitation
ORD103161,CUST100814,TXN103161,DEV202554,ADDR301626,ADDR301626,2024-03-16,2024-03-20,4,1,1,1684.66,159.4,0.2,0.2,421.16,159.4,1,1,0,0,4,1,2,2,1,1,1,1,0,790.02,1,Fashion,UPI,Mobile App,Changed mind,Budget,1471,4,2,2,1,policy_exploitation
ORD103166,CUST100814,TXN103166,DEV202554,ADDR301626,ADDR301626,2024-04-16,2024-04-18,8,2,2,3737.24,923.62,0.2222,0.2222,467.16,461.81,0,3,1,1,14,1,2,2,2,2,2,2,0,454.13,1,Accessories,Wallet,Website,Product not as described,Budget,1471,2,1,1,1,policy_exploitation
ORD103174,CUST100814,TXN103174,DEV202554,ADDR301626,ADDR301626,2024-08-13,2024-08-16,16,5,3,8592.52,1374.44,0.2941,0.1765,537.03,458.15,0,2,0,0,15,1,2,2,5,5,3,3,0,327.76,1,Sports,Credit Card,Website,Late delivery,Budget,1471,3,2,1,1,policy_exploitation
ORD103182,CUST100818,TXN103182,DEV202299,ADDR302651,ADDR302651,2024-01-31,2024-02-07,0,0,0,0.0,0.0,0.0,0.0,0.0,0.0,0,0,0,0,999,1,2,2,0,0,0,0,0,447.05,1,Fashion,UPI,Marketplace,Size issue,Premium,651,7,4,3,0,none
ORD103194,CUST100824,TXN103194,DEV201973,ADDR300261,ADDR300389,2024-08-13,2024-08-23,1,0,0,515.69,0.0,0.0,0.0,515.69,0.0,0,0,0,0,90,1,3,2,0,4,0,3,1,982.22,2,Fashion,Debit Card,Social Commerce,Product not as described,Mass Market,828,10,8,2,0,none
ORD103201,CUST100827,TXN103201,DEV202503,ADDR301331,ADDR301331,2024-03-23,2024-03-27,3,0,0,2152.57,0.0,0.0,0.0,717.52,0.0,1,1,0,0,2,1,2,2,0,0,0,0,0,1453.38,1,Footwear,Net Banking,Mobile App,Size issue,Premium,72,4,1,3,0,none
ORD103204,CUST100827,TXN103204,DEV202623,ADDR301331,ADDR303165,2024-04-09,2024-04-15,5,1,1,10464.82,1453.38,0.1667,0.1667,2092.96,1453.38,0,3,1,1,8,2,2,1,0,1,0,1,1,1405.04,3,Sports,Credit Card,Mobile App,Changed mind,Premium,72,6,2,4,0,none
ORD103209,CUST100827,TXN103209,DEV202503,ADDR301331,ADDR301331,2024-12-12,2024-12-18,10,2,2,14181.79,2787.66,0.1818,0.1818,1418.18,1393.83,0,0,0,0,57,2,2,2,1,6,1,4,0,447.4,1,Fashion,EMI,Website,Size issue,Premium,72,6,2,4,0,none
ORD103211,CUST100828,TXN103211,DEV201134,ADDR301069,ADDR301069,2024-04-01,2024-04-05,2,0,0,543.95,0.0,0.0,0.0,271.98,0.0,1,2,0,0,1,2,1,2,0,0,0,0,0,289.07,1,Accessories,Net Banking,Mobile App,Quality issue,Mass Market,851,4,1,3,0,none
ORD103223,CUST100831,TXN103223,DEV202668,ADDR301223,ADDR301223,2024-11-05,2024-11-11,1,0,0,962.09,0.0,0.0,0.0,962.09,0.0,0,0,0,0,297,2,2,2,1,0,1,0,0,1185.84,2,Beauty,UPI,Website,Product not as described,High Value,898,6,3,3,0,none
ORD103227,CUST100834,TXN103227,DEV200984,ADDR300232,ADDR300232,2024-07-13,2024-07-22,1,0,0,274.76,0.0,0.0,0.0,274.76,0.0,0,0,0,0,94,1,1,1,0,0,0,0,0,538.05,3,Accessories,Debit Card,Website,Changed mind,Mass Market,827,9,5,4,0,none
ORD103241,CUST100836,TXN103241,DEV202705,ADDR301309,ADDR301309,2024-10-26,2024-11-02,10,2,0,9855.23,0.0,0.1818,0.0,985.52,0.0,0,2,0,0,26,2,1,1,2,2,0,0,0,1318.87,1,Electronics,Net Banking,Mobile App,Wrong product,High Value,1297,7,3,4,1,serial_return_abuse
ORD103247,CUST100838,TXN103247,DEV200940,ADDR302178,ADDR302178,2024-12-19,2024-12-24,4,0,0,3586.81,0.0,0.0,0.0,896.7,0.0,0,0,0,0,43,1,3,2,0,0,0,0,0,533.77,1,Electronics,Credit Card,Social Commerce,Quality issue,Budget,1484,5,4,1,0,none
ORD103252,CUST100839,TXN103252,DEV203148,ADDR302625,ADDR302625,2024-10-13,2024-10-18,3,0,0,676.48,0.0,0.0,0.0,225.49,0.0,0,0,0,0,73,7,8,9,6,6,4,4,0,1114.16,2,Beauty,Net Banking,Mobile App,Product not as described,Mass Market,787,5,1,4,1,coordinated_address_abuse
ORD103253,CUST100839,TXN103253,DEV203148,ADDR302625,ADDR302625,2024-11-27,2024-12-03,4,1,1,1790.64,1064.37,0.2,0.2,447.66,1064.37,0,0,0,0,51,7,8,9,9,9,5,5,0,755.16,1,Beauty,UPI,Mobile App,Duplicate order,Mass Market,787,6,2,4,1,coordinated_address_abuse
ORD103265,CUST100841,TXN103265,DEV202954,ADDR300104,ADDR300104,2024-10-01,2024-10-04,9,0,0,7130.03,0.0,0.0,0.0,792.23,0.0,0,4,0,0,20,1,1,1,0,0,0,0,0,1627.34,2,Footwear,UPI,Website,Product not as described,Mass Market,187,3,1,2,1,serial_return_abuse
ORD103267,CUST100841,TXN103267,DEV202954,ADDR300104,ADDR300104,2024-10-21,2024-10-31,11,1,1,10308.1,1602.17,0.0833,0.0833,937.1,1602.17,0,2,1,1,26,1,1,1,1,1,1,1,0,196.37,1,Beauty,Credit Card,Website,Duplicate order,Mass Market,187,10,6,4,1,serial_return_abuse
ORD103270,CUST100841,TXN103270,DEV202954,ADDR300104,ADDR300104,2024-12-24,2024-12-28,14,2,1,12099.52,1602.17,0.1333,0.0667,864.25,1602.17,0,1,0,0,10,1,1,1,2,2,1,1,0,923.17,1,Fashion,Credit Card,Marketplace,Changed mind,Mass Market,187,4,2,2,0,none
ORD103272,CUST100842,TXN103272,DEV202684,ADDR302037,ADDR302037,2024-01-25,2024-02-03,0,0,0,0.0,0.0,0.0,0.0,0.0,0.0,0,0,0,0,999,1,2,2,0,0,0,0,0,40.56,1,Grocery,EMI,Mobile App,Late delivery,Budget,363,9,8,1,0,none
ORD103278,CUST100845,TXN103278,DEV202364,ADDR302882,ADDR302882,2024-12-01,2024-12-08,0,0,0,0.0,0.0,0.0,0.0,0.0,0.0,0,0,0,0,999,1,7,7,0,1,0,0,0,424.68,1,Sports,UPI,Website,Size issue,Mass Market,971,7,6,1,0,none
ORD103298,CUST100852,TXN103298,DEV202900,ADDR302343,ADDR302343,2024-02-14,2024-02-22,1,0,0,1542.43,0.0,0.0,0.0,1542.43,0.0,0,0,0,0,36,1,1,1,0,0,0,0,0,502.43,1,Fashion,UPI,Marketplace,Wrong product,Mass Market,1302,8,5,3,0,none
ORD103308,CUST100852,TXN103308,DEV202900,ADDR302343,ADDR302343,2024-11-18,2024-11-26,11,1,1,15340.29,478.9,0.0833,0.0833,1394.57,478.9,0,3,0,0,10,1,3,3,1,2,1,2,0,784.78,1,Beauty,Wallet,Marketplace,Changed mind,Mass Market,1302,8,6,2,0,none
ORD103309,CUST100852,TXN103309,DEV202900,ADDR302343,ADDR302343,2024-12-15,2024-12-16,12,3,2,16125.07,1138.56,0.2308,0.1538,1343.76,569.28,0,2,2,1,28,1,3,3,3,4,2,3,0,1497.72,2,Footwear,Net Banking,Mobile App,Changed mind,Mass Market,1302,1,0,1,0,none
ORD103310,CUST100852,TXN103310,DEV202900,ADDR302343,ADDR302343,2024-12-25,2024-12-31,14,4,3,18222.79,2618.3,0.2667,0.2,1301.63,872.77,1,2,1,1,3,1,3,4,4,5,3,4,0,1315.21,1,Fashion,EMI,Mobile App,Size issue,Mass Market,1302,6,3,3,0,none
ORD103319,CUST100858,TXN103319,DEV201468,ADDR302077,ADDR302077,2024-02-25,2024-03-08,0,0,0,0.0,0.0,0.0,0.0,0.0,0.0,0,0,0,0,999,1,1,1,0,0,0,0,0,917.68,1,Fashion,Credit Card,Website,Changed mind,Budget,745,12,8,4,0,none
ORD103323,CUST100858,TXN103323,DEV201468,ADDR302077,ADDR302077,2024-12-22,2024-12-25,4,1,1,2638.56,671.34,0.2,0.2,659.64,671.34,0,1,0,0,27,1,2,3,1,1,1,1,0,534.19,2,Fashion,Wallet,Marketplace,Wrong product,Budget,745,3,0,3,0,none
ORD103335,CUST100866,TXN103335,DEV201059,ADDR302970,ADDR302970,2024-07-31,2024-08-06,1,0,0,628.43,0.0,0.0,0.0,628.43,0.0,0,0,0,0,191,1,2,3,0,1,0,1,0,200.0,1,Home,Debit Card,Marketplace,Quality issue,Mass Market,1295,6,2,4,0,none
ORD103337,CUST100866,TXN103337,DEV201059,ADDR302970,ADDR302970,2024-12-28,2025-01-04,3,1,1,1051.57,141.79,0.25,0.25,350.52,141.79,0,0,0,0,115,2,2,4,1,3,1,2,0,819.05,1,Fashion,Credit Card,Mobile App,Product not as described,Mass Market,1295,7,4,3,0,none
ORD103341,CUST100868,TXN103341,DEV201660,ADDR300330,ADDR300330,2024-08-29,2024-09-02,1,0,0,1365.51,0.0,0.0,0.0,1365.51,0.0,0,0,0,0,161,3,4,4,0,2,0,1,0,1015.73,1,Footwear,Debit Card,Mobile App,Size issue,Premium,440,4,2,2,0,none
ORD103342,CUST100869,TXN103342,DEV202289,ADDR303124,ADDR303124,2024-01-21,2024-01-31,0,0,0,0.0,0.0,0.0,0.0,0.0,0.0,0,0,0,0,999,1,1,1,0,0,0,0,0,645.72,1,Fashion,Net Banking,Marketplace,Size issue,Mass Market,1422,10,9,1,0,none
ORD103344,CUST100869,TXN103344,DEV202289,ADDR303124,ADDR303124,2024-05-11,2024-05-20,3,2,1,3146.85,645.72,0.5,0.25,1048.95,645.72,1,1,1,0,4,1,1,1,2,2,1,1,0,677.38,1,Fashion,Wallet,Social Commerce,Duplicate order,Mass Market,1422,9,5,4,0,none
ORD103345,CUST100869,TXN103345,DEV202289,ADDR303124,ADDR303124,2024-05-16,2024-05-19,3,1,1,3271.45,645.72,0.25,0.25,1090.48,645.72,0,1,0,0,8,1,1,1,1,1,1,1,0,552.78,3,Grocery,EMI,Mobile App,Damaged product,Mass Market,1422,3,1,2,0,none
ORD103346,CUST100869,TXN103346,DEV202289,ADDR303124,ADDR303124,2024-06-11,2024-06-19,5,3,3,4025.14,1598.8,0.5,0.5,805.03,532.93,1,1,1,2,2,1,1,1,3,3,3,3,0,1360.51,1,Electronics,EMI,Marketplace,Product not as described,Mass Market,1422,8,6,2,0,none
ORD103347,CUST100869,TXN103347,DEV202289,ADDR303124,ADDR303124,2024-06-17,2024-06-26,5,4,4,5184.74,2959.31,0.6667,0.6667,1036.95,739.83,0,1,1,2,15,1,1,1,4,4,4,4,0,200.91,1,Accessories,Debit Card,Mobile App,Changed mind,Mass Market,1422,9,7,2,0,none
ORD103349,CUST100869,TXN103349,DEV202289,ADDR303124,ADDR301000,2024-11-22,2024-11-30,7,5,5,7784.62,3160.22,0.625,0.625,1112.09,632.04,0,0,0,0,127,1,1,2,5,5,5,5,1,299.74,1,Home,Credit Card,Mobile App,Wrong product,Mass Market,1422,8,7,1,0,none
ORD103355,CUST100870,TXN103355,DEV200749,ADDR302784,ADDR302784,2024-04-11,2024-04-18,2,1,0,2393.54,0.0,0.3333,0.0,1196.77,0.0,0,1,1,0,26,2,1,1,1,1,0,0,0,1290.32,2,Fashion,UPI,Mobile App,Size issue,Mass Market,377,7,3,4,0,none
ORD103369,CUST100874,TXN103369,DEV200951,ADDR300366,ADDR300366,2024-10-17,2024-10-22,5,0,0,5456.22,0.0,0.0,0.0,1091.24,0.0,1,1,0,0,2,2,7,7,0,7,0,5,0,1241.28,1,Footwear,UPI,Website,Late delivery,Mass Market,60,5,2,3,1,serial_return_abuse
ORD103370,CUST100874,TXN103370,DEV200951,ADDR300366,ADDR302821,2024-10-20,2024-10-25,5,1,1,5541.29,1241.28,0.1667,0.1667,1108.26,1241.28,0,1,1,1,8,2,7,1,1,8,1,6,1,1156.21,1,Fashion,UPI,Mobile App,Changed mind,Mass Market,60,5,2,3,1,serial_return_abuse
ORD103371,CUST100874,TXN103371,DEV200951,ADDR300366,ADDR300366,2024-11-28,2024-11-30,6,2,2,6697.5,2397.49,0.2857,0.2857,1116.25,1198.74,0,0,0,0,41,2,8,8,2,9,2,7,0,1598.56,2,Home,Debit Card,Social Commerce,Wrong product,Mass Market,60,2,0,2,1,serial_return_abuse
ORD103376,CUST100875,TXN103376,DEV203048,ADDR301257,ADDR301257,2024-04-07,2024-04-18,4,0,0,4385.52,0.0,0.0,0.0,1096.38,0.0,0,0,0,0,40,1,1,1,0,0,0,0,0,290.4,1,Beauty,Wallet,Website,Damaged product,High Value,339,11,7,4,1,policy_exploitation
ORD103378,CUST100875,TXN103378,DEV203048,ADDR301257,ADDR301257,2024-09-11,2024-09-20,7,1,1,6908.0,282.47,0.125,0.125,986.86,282.47,1,1,0,0,4,1,1,1,1,1,1,1,0,521.65,1,Fashion,Debit Card,Mobile App,Changed mind,High Value,339,9,6,3,1,policy_exploitation
ORD103380,CUST100875,TXN103380,DEV203048,ADDR301257,ADDR301257,2024-11-09,2024-11-14,12,2,2,14807.04,804.12,0.1538,0.1538,1233.92,402.06,4,4,0,0,1,1,1,1,2,2,2,2,0,961.65,1,Fashion,UPI,Mobile App,Late delivery,High Value,339,5,2,3,1,policy_exploitation
ORD103385,CUST100875,TXN103385,DEV203048,ADDR301257,ADDR301257,2024-11-14,2024-11-21,13,4,3,15768.69,1765.77,0.2857,0.2143,1212.98,588.59,0,5,2,1,8,1,1,1,4,4,3,3,0,881.68,1,Fashion,UPI,Marketplace,Changed mind,High Value,339,7,4,3,0,none
ORD103396,CUST100876,TXN103396,DEV201722,ADDR301357,ADDR301357,2024-10-26,2024-11-05,9,0,0,6661.29,0.0,0.0,0.0,740.14,0.0,1,3,0,0,4,1,1,1,0,0,0,0,0,289.15,1,Home,Debit Card,Mobile App,Quality issue,Mass Market,665,10,8,2,0,none
ORD103410,CUST100882,TXN103410,DEV201955,ADDR300756,ADDR300756,2024-10-08,2024-10-21,5,0,0,4405.74,0.0,0.0,0.0,881.15,0.0,0,0,0,0,88,3,2,3,3,1,3,0,0,825.83,1,Fashion,Debit Card,Mobile App,Size issue,Premium,1571,13,11,2,0,none
ORD103413,CUST100883,TXN103413,DEV201522,ADDR301067,ADDR301067,2024-07-12,2024-07-20,1,0,0,1117.32,0.0,0.0,0.0,1117.32,0.0,0,0,0,0,139,2,1,1,0,0,0,0,0,1134.47,2,Home,Debit Card,Mobile App,Other,Premium,1540,8,4,4,0,none
ORD103422,CUST100884,TXN103422,DEV202398,ADDR301204,ADDR301204,2024-07-14,2024-07-21,8,1,0,5753.71,0.0,0.1111,0.0,719.21,0.0,0,0,0,0,50,1,2,2,1,4,0,3,0,1344.67,1,Footwear,Net Banking,Website,Changed mind,Budget,271,7,5,2,1,policy_exploitation
ORD103429,CUST100887,TXN103429,DEV200925,ADDR301880,ADDR301880,2024-04-14,2024-04-29,2,0,0,1886.33,0.0,0.0,0.0,943.16,0.0,0,1,0,0,28,1,3,3,0,0,0,0,0,1051.14,1,Fashion,UPI,Website,Size issue,Mass Market,541,15,12,3,0,none
ORD103432,CUST100887,TXN103432,DEV200925,ADDR301880,ADDR301880,2024-07-07,2024-07-22,6,2,1,6064.87,944.27,0.2857,0.1429,1010.81,944.27,0,2,1,0,8,1,4,4,2,2,1,1,0,1550.97,3,Fashion,Net Banking,Mobile App,Changed mind,Mass Market,541,15,11,4,0,none
ORD103436,CUST100887,TXN103436,DEV200925,ADDR301880,ADDR301880,2024-10-09,2024-10-25,11,3,2,10067.07,2079.07,0.25,0.1667,915.19,1039.53,1,3,0,0,1,1,4,4,3,3,2,2,0,252.06,1,Beauty,UPI,Mobile App,Quality issue,Mass Market,541,16,12,4,0,none
ORD103439,CUST100887,TXN103439,DEV200925,ADDR301880,ADDR301880,2024-11-05,2024-11-08,12,4,3,10319.13,2305.6,0.3077,0.2308,859.93,768.53,0,3,1,1,15,1,4,4,4,4,3,3,0,339.85,1,Fashion,Credit Card,Mobile App,Size issue,Mass Market,541,3,1,2,0,none
ORD103440,CUST100887,TXN103440,DEV200925,ADDR301880,ADDR301880,2024-12-14,2024-12-21,13,5,4,10658.98,2609.12,0.3571,0.2857,819.92,652.28,0,0,0,0,46,1,4,4,5,5,4,4,0,1538.45,1,Footwear,Debit Card,Marketplace,Product not as described,Mass Market,541,7,3,4,0,none
ORD103442,CUST100888,TXN103442,DEV201927,ADDR300219,ADDR300219,2024-07-20,2024-07-26,1,0,0,214.82,0.0,0.0,0.0,214.82,0.0,0,0,0,0,187,2,6,6,0,5,0,4,0,250.0,1,Beauty,Debit Card,Social Commerce,Quality issue,Budget,684,6,4,2,0,none
ORD103448,CUST100889,TXN103448,DEV202179,ADDR301998,ADDR301998,2024-11-03,2024-11-10,4,0,0,3061.73,0.0,0.0,0.0,765.43,0.0,0,2,0,0,11,5,5,5,0,0,0,0,0,1761.93,1,Fashion,Net Banking,Mobile App,Size issue,High Value,830,7,3,4,0,none
ORD103449,CUST100889,TXN103449,DEV202179,ADDR301998,ADDR301998,2024-12-10,2024-12-11,5,1,1,4823.66,1761.93,0.1667,0.1667,964.73,1761.93,0,0,0,1,38,5,5,5,1,1,1,1,0,573.25,1,Fashion,UPI,Website,Size issue,High Value,830,1,0,1,0,none
ORD103454,CUST100890,TXN103454,DEV202598,ADDR302390,ADDR301553,2024-12-05,2024-12-09,5,0,0,3150.65,0.0,0.0,0.0,630.13,0.0,1,1,0,0,3,2,1,1,0,0,0,0,1,2592.55,2,Electronics,UPI,Mobile App,Product not as described,Premium,791,4,1,3,0,none
ORD103467,CUST100897,TXN103467,DEV203119,ADDR300298,ADDR300298,2024-01-09,2024-01-12,1,0,0,84.11,0.0,0.0,0.0,84.11,0.0,1,1,0,0,7,1,1,1,0,0,0,0,0,951.45,3,Sports,UPI,Marketplace,Damaged product,Mass Market,609,3,2,1,0,none
ORD103478,CUST100902,TXN103478,DEV201403,ADDR301676,ADDR301676,2024-10-02,2024-10-07,0,0,0,0.0,0.0,0.0,0.0,0.0,0.0,0,0,0,0,999,1,2,2,0,0,0,0,0,900.67,1,Fashion,UPI,Mobile App,Size issue,High Value,147,5,3,2,0,none
ORD103480,CUST100903,TXN103480,DEV202332,ADDR301874,ADDR301874,2024-07-10,2024-07-15,1,0,0,1136.0,0.0,0.0,0.0,1136.0,0.0,0,0,0,0,170,1,1,1,0,0,0,0,0,1850.17,2,Fashion,EMI,Marketplace,Size issue,High Value,631,5,1,4,0,none
ORD103485,CUST100904,TXN103485,DEV200586,ADDR301295,ADDR301295,2024-04-26,2024-04-29,3,0,0,1179.41,0.0,0.0,0.0,393.14,0.0,0,1,0,0,30,1,1,1,0,0,0,0,0,887.35,1,Fashion,Net Banking,Mobile App,Size issue,Mass Market,526,3,1,2,0,none
ORD103487,CUST100904,TXN103487,DEV200586,ADDR301295,ADDR301295,2024-07-16,2024-07-19,5,1,1,2483.63,871.5,0.1667,0.1667,496.73,871.5,0,1,0,0,8,1,1,1,1,1,1,1,0,423.71,1,Fashion,Debit Card,Mobile App,Product not as described,Mass Market,526,3,1,2,0,none
ORD103488,CUST100904,TXN103488,DEV200586,ADDR301295,ADDR301295,2024-09-23,2024-09-29,7,2,2,3621.67,1295.21,0.25,0.25,517.38,647.6,1,1,0,0,3,1,1,1,2,2,2,2,0,993.4,1,Fashion,UPI,Mobile App,Damaged product,Mass Market,526,6,5,1,0,none
ORD103494,CUST100905,TXN103494,DEV202931,ADDR300738,ADDR300738,2024-08-25,2024-08-29,2,0,0,728.99,0.0,0.0,0.0,364.5,0.0,0,0,0,0,104,1,1,1,0,0,0,0,0,972.45,3,Sports,EMI,Marketplace,Changed mind,Mass Market,1375,4,0,4,0,none
ORD103518,CUST100912,TXN103518,DEV200237,ADDR300019,ADDR300019,2024-05-03,2024-05-12,0,0,0,0.0,0.0,0.0,0.0,0.0,0.0,0,0,0,0,999,2,3,3,0,1,0,1,0,711.2,1,Fashion,Debit Card,Website,Product not as described,Budget,722,9,7,2,0,none
ORD103520,CUST100914,TXN103520,DEV200857,ADDR303117,ADDR303117,2024-02-27,2024-03-03,0,0,0,0.0,0.0,0.0,0.0,0.0,0.0,0,0,0,0,999,1,1,1,0,0,0,0,0,325.86,1,Fashion,UPI,Mobile App,Product not as described,Mass Market,1391,5,4,1,0,none
ORD103525,CUST100914,TXN103525,DEV200857,ADDR303117,ADDR303117,2024-10-13,2024-10-18,5,1,1,2160.37,232.21,0.1667,0.1667,432.07,232.21,0,1,0,0,18,1,1,1,1,1,1,1,0,3061.32,2,Footwear,UPI,Mobile App,Wrong product,Mass Market,1391,5,4,1,0,none
ORD103535,CUST100917,TXN103535,DEV202360,ADDR303131,ADDR303131,2024-03-28,2024-04-05,0,0,0,0.0,0.0,0.0,0.0,0.0,0.0,0,0,0,0,999,1,1,1,0,0,0,0,0,540.17,1,Sports,Net Banking,Mobile App,Quality issue,Mass Market,459,8,4,4,0,none
ORD103540,CUST100917,TXN103540,DEV202360,ADDR303131,ADDR303131,2024-09-22,2024-10-06,5,1,1,2038.2,431.66,0.1667,0.1667,407.64,431.66,0,0,0,0,85,2,1,1,2,1,2,1,0,1016.1,3,Beauty,Credit Card,Mobile App,Other,Mass Market,459,14,10,4,0,none
ORD103552,CUST100918,TXN103552,DEV200648,ADDR302005,ADDR302042,2024-04-05,2024-04-13,7,0,0,3431.69,0.0,0.0,0.0,490.24,0.0,1,1,0,0,3,1,1,2,0,0,0,0,1,1131.44,2,Fashion,Debit Card,Mobile App,Wrong product,Mass Market,255,8,5,3,0,none
ORD103553,CUST100918,TXN103553,DEV200648,ADDR302005,ADDR302005,2024-04-10,2024-04-23,7,1,1,4157.11,1131.44,0.125,0.125,593.87,1131.44,0,1,1,1,18,1,1,1,1,1,1,1,0,406.02,1,Sports,Debit Card,Social Commerce,Damaged product,Mass Market,255,13,10,3,0,none
ORD103556,CUST100918,TXN103556,DEV200648,ADDR302005,ADDR302005,2024-11-08,2024-11-12,10,2,2,5640.57,1465.7,0.1818,0.1818,564.06,732.85,0,0,0,0,161,1,1,1,2,2,2,2,0,553.65,1,Sports,UPI,Social Commerce,Changed mind,Mass Market,255,4,2,2,0,none
ORD103564,CUST100920,TXN103564,DEV203127,ADDR303193,ADDR303193,2024-08-29,2024-09-09,3,2,0,1506.72,0.0,0.5,0.0,502.24,0.0,0,0,0,0,84,1,3,4,2,4,0,1,0,252.49,1,Accessories,UPI,Mobile App,Changed mind,High Value,631,11,8,3,0,none
ORD103565,CUST100920,TXN103565,DEV203127,ADDR303193,ADDR303193,2024-10-16,2024-10-21,4,3,1,1759.21,252.49,0.6,0.2,439.8,252.49,0,0,0,0,53,1,3,4,3,5,1,2,0,2699.0,1,Fashion,Debit Card,Mobile App,Size issue,High Value,631,5,1,4,0,none
ORD103566,CUST100921,TXN103566,DEV201518,ADDR303119,ADDR303119,2024-03-12,2024-03-28,0,0,0,0.0,0.0,0.0,0.0,0.0,0.0,0,0,0,0,999,1,3,3,0,0,0,0,0,633.43,1,Sports,Net Banking,Mobile App,Size issue,Budget,621,16,13,3,0,none
ORD103570,CUST100921,TXN103570,DEV201518,ADDR303119,ADDR303119,2024-09-16,2024-09-27,5,1,1,2988.47,482.25,0.1667,0.1667,597.69,482.25,0,1,0,0,9,1,3,3,1,6,1,5,0,347.83,1,Fashion,Debit Card,Marketplace,Size issue,Budget,621,11,9,2,0,none
ORD103580,CUST100924,TXN103580,DEV202516,ADDR301776,ADDR301776,2024-11-03,2024-11-08,4,0,0,1063.4,0.0,0.0,0.0,265.85,0.0,0,0,0,0,77,2,1,1,0,0,0,0,0,799.45,1,Fashion,Credit Card,Marketplace,Size issue,Premium,1415,5,1,4,0,none
ORD103586,CUST100926,TXN103586,DEV201652,ADDR301757,ADDR301757,2024-10-13,2024-10-17,2,1,0,2525.5,0.0,0.3333,0.0,1262.75,0.0,0,1,0,0,18,1,1,2,1,1,0,0,0,426.6,1,Sports,UPI,Mobile App,Size issue,Mass Market,849,4,1,3,0,none
ORD103589,CUST100927,TXN103589,DEV201955,ADDR301570,ADDR301570,2024-03-25,2024-03-31,0,0,0,0.0,0.0,0.0,0.0,0.0,0.0,0,0,0,0,999,2,1,1,0,0,0,0,0,474.88,1,Footwear,EMI,Mobile App,Size issue,Mass Market,1517,6,4,2,0,none
ORD103591,CUST100927,TXN103591,DEV201955,ADDR301570,ADDR301570,2024-05-28,2024-06-01,2,1,1,2466.36,474.88,0.3333,0.3333,1233.18,474.88,0,1,0,0,13,3,1,1,1,1,1,1,0,1846.32,2,Fashion,Credit Card,Mobile App,Product not as described,Mass Market,1517,4,0,4,0,none
ORD103592,CUST100927,TXN103592,DEV201955,ADDR301570,ADDR301570,2024-06-02,2024-06-12,3,2,2,4312.68,2211.51,0.5,0.5,1437.56,1105.76,0,2,1,1,15,3,1,1,2,2,2,2,0,1117.19,1,Fashion,Debit Card,Mobile App,Wrong product,Mass Market,1517,10,6,4,0,none
ORD103601,CUST100927,TXN103601,DEV201955,ADDR301570,ADDR301570,2024-11-23,2024-11-26,12,3,3,10703.95,3328.7,0.2308,0.2308,892.0,1109.57,0,2,0,0,13,3,1,1,4,3,4,3,0,324.02,1,Accessories,Debit Card,Mobile App,Duplicate order,Mass Market,1517,3,2,1,0,none
ORD103610,CUST100931,TXN103610,DEV200057,ADDR301319,ADDR301319,2024-06-21,2024-06-27,1,0,0,575.5,0.0,0.0,0.0,575.5,0.0,0,0,0,0,71,1,1,1,0,0,0,0,0,951.42,1,Electronics,Debit Card,Marketplace,Product not as described,Mass Market,1141,6,5,1,0,none
ORD103612,CUST100932,TXN103612,DEV203100,ADDR302175,ADDR302175,2024-01-09,2024-01-22,0,0,0,0.0,0.0,0.0,0.0,0.0,0.0,0,0,0,0,999,1,3,3,0,0,0,0,0,2031.04,1,Fashion,Net Banking,Mobile App,Changed mind,Premium,175,13,11,2,0,none
ORD103632,CUST100934,TXN103632,DEV201641,ADDR302616,ADDR302616,2024-09-28,2024-10-02,8,0,0,4884.1,0.0,0.0,0.0,610.51,0.0,0,0,0,0,71,2,5,5,0,2,0,2,0,3103.04,1,Electronics,Wallet,Website,Damaged product,Budget,1258,4,2,2,0,none
ORD103640,CUST100934,TXN103640,DEV201641,ADDR302616,ADDR302616,2024-12-07,2024-12-13,16,4,1,13245.33,2979.49,0.2353,0.0588,827.83,2979.49,0,4,3,0,12,2,6,6,4,6,1,3,0,1051.69,2,Fashion,Credit Card,Website,Size issue,Budget,1258,6,5,1,0,none
ORD103648,CUST100936,TXN103648,DEV201372,ADDR301222,ADDR301222,2024-08-17,2024-08-29,2,0,0,765.36,0.0,0.0,0.0,382.68,0.0,0,1,0,0,12,1,9,9,0,8,0,7,0,702.65,1,Electronics,UPI,Mobile App,Quality issue,Mass Market,990,12,8,4,0,none
ORD103655,CUST100940,TXN103655,DEV202566,ADDR303004,ADDR300828,2024-04-23,2024-05-06,0,0,0,0.0,0.0,0.0,0.0,0.0,0.0,0,0,0,0,999,2,2,5,0,0,0,0,1,321.34,1,Beauty,Debit Card,Mobile App,Changed mind,Mass Market,421,13,10,3,0,none
ORD103669,CUST100943,TXN103669,DEV202840,ADDR301410,ADDR301410,2024-11-07,2024-11-17,9,0,0,5608.61,0.0,0.0,0.0,623.18,0.0,0,2,0,0,14,3,1,1,0,0,0,0,0,221.57,1,Beauty,UPI,Mobile App,Changed mind,Budget,755,10,8,2,0,none
ORD103672,CUST100945,TXN103672,DEV200013,ADDR302957,ADDR302957,2024-05-15,2024-05-19,0,0,0,0.0,0.0,0.0,0.0,0.0,0.0,0,0,0,0,999,7,7,4,0,0,0,0,0,1183.75,3,Fashion,Credit Card,Marketplace,Quality issue,Budget,387,4,2,2,1,account_multiplication
ORD103673,CUST100945,TXN103673,DEV200013,ADDR302957,ADDR300645,2024-08-13,2024-08-20,2,1,1,1338.53,1020.98,0.3333,0.3333,669.26,1020.98,1,1,0,0,3,8,8,3,1,1,1,1,1,682.67,2,Fashion,UPI,Website,Changed mind,Budget,387,7,5,2,1,account_multiplication
ORD103678,CUST100945,TXN103678,DEV200013,ADDR302957,ADDR301808,2024-10-30,2024-11-02,6,2,2,3845.81,1690.44,0.2857,0.2857,640.97,845.22,0,0,0,0,42,10,10,1,3,3,3,3,1,739.93,1,Fashion,Debit Card,Website,Size issue,Budget,387,3,2,1,1,account_multiplication
ORD103696,CUST100950,TXN103696,DEV200267,ADDR300187,ADDR300187,2024-06-01,2024-06-07,3,0,0,2765.39,0.0,0.0,0.0,921.8,0.0,0,0,0,0,70,1,5,5,0,0,0,0,0,243.36,1,Sports,Credit Card,Marketplace,Damaged product,Budget,476,6,2,4,0,none
ORD103719,CUST100958,TXN103719,DEV201776,ADDR302813,ADDR302813,2024-02-05,2024-02-11,0,0,0,0.0,0.0,0.0,0.0,0.0,0.0,0,0,0,0,999,1,1,1,0,0,0,0,0,633.37,1,Electronics,UPI,Social Commerce,Product not as described,Premium,1412,6,2,4,0,none
ORD103727,CUST100960,TXN103727,DEV202007,ADDR301471,ADDR301471,2024-02-25,2024-02-27,0,0,0,0.0,0.0,0.0,0.0,0.0,0.0,0,0,0,0,999,1,1,1,0,0,0,0,0,2863.31,1,Fashion,UPI,Website,Damaged product,Mass Market,1503,2,0,2,1,serial_return_abuse
ORD103731,CUST100960,TXN103731,DEV202007,ADDR301471,ADDR300317,2024-05-14,2024-05-17,6,1,1,9163.89,2103.46,0.1429,0.1429,1527.31,2103.46,2,3,0,0,1,1,1,1,1,1,1,1,1,893.61,1,Fashion,Wallet,Marketplace,Product not as described,Mass Market,1503,3,0,3,1,serial_return_abuse
ORD103735,CUST100960,TXN103735,DEV202007,ADDR301471,ADDR301471,2024-05-20,2024-06-01,11,3,3,11774.49,3847.41,0.25,0.25,1070.41,1282.47,0,7,2,2,9,1,1,1,3,3,3,3,0,800.07,1,Electronics,Debit Card,Mobile App,Quality issue,Mass Market,1503,12,8,4,1,serial_return_abuse
ORD103738,CUST100960,TXN103738,DEV202007,ADDR301471,ADDR301471,2024-05-23,2024-05-26,11,2,2,11705.89,2978.74,0.1667,0.1667,1064.17,1489.37,4,7,1,1,5,1,1,1,2,2,2,2,0,868.67,1,Fashion,Debit Card,Social Commerce,Size issue,Mass Market,1503,3,2,1,1,serial_return_abuse
ORD103739,CUST100960,TXN103739,DEV202007,ADDR301471,ADDR301471,2024-06-26,2024-06-30,12,4,4,12574.56,4637.74,0.3077,0.3077,1047.88,1159.44,0,0,1,1,38,1,1,1,4,4,4,4,0,1022.28,3,Accessories,UPI,Marketplace,Damaged product,Mass Market,1503,4,2,2,1,serial_return_abuse
ORD103741,CUST100960,TXN103741,DEV202007,ADDR301471,ADDR301471,2024-08-15,2024-08-27,14,5,5,14674.82,5533.96,0.3333,0.3333,1048.2,1106.79,0,1,0,0,27,1,1,1,5,5,5,5,0,838.48,1,Fashion,Wallet,Mobile App,Size issue,Mass Market,1503,12,8,4,1,serial_return_abuse
ORD103748,CUST100961,TXN103748,DEV203072,ADDR300771,ADDR300771,2024-10-02,2024-10-05,0,0,0,0.0,0.0,0.0,0.0,0.0,0.0,0,0,0,0,999,3,1,1,4,0,1,0,0,491.06,1,Sports,Net Banking,Mobile App,Wrong product,Mass Market,1023,3,1,2,0,none
ORD103781,CUST100970,TXN103781,DEV203115,ADDR302181,ADDR302181,2024-07-13,2024-07-16,5,0,0,2900.26,0.0,0.0,0.0,580.05,0.0,0,0,0,0,133,3,3,2,2,2,2,2,0,691.6,1,Fashion,UPI,Mobile App,Quality issue,Mass Market,1566,3,2,1,1,coordinated_device_abuse
ORD103783,CUST100970,TXN103783,DEV203115,ADDR302181,ADDR302181,2024-10-18,2024-10-21,7,1,1,3963.25,523.83,0.125,0.125,566.18,523.83,0,1,0,0,27,3,3,2,3,3,3,3,0,500.5,1,Fashion,Net Banking,Mobile App,Size issue,Mass Market,1566,3,2,1,0,none
ORD103789,CUST100973,TXN103789,DEV201609,ADDR300731,ADDR300731,2024-08-27,2024-09-03,0,0,0,0.0,0.0,0.0,0.0,0.0,0.0,0,0,0,0,999,5,2,2,4,0,4,0,0,3782.39,2,Fashion,UPI,Mobile App,Size issue,Premium,783,7,6,1,0,none
ORD103790,CUST100973,TXN103790,DEV201609,ADDR300731,ADDR300731,2024-11-03,2024-11-18,2,1,1,4989.22,3000.56,0.3333,0.3333,2494.61,3000.56,0,1,0,0,15,5,2,2,5,2,5,1,0,1228.42,2,Electronics,Net Banking,Mobile App,Quality issue,Premium,783,15,13,2,0,none
ORD103803,CUST100979,TXN103803,DEV200196,ADDR302711,ADDR302711,2024-06-30,2024-07-04,0,0,0,0.0,0.0,0.0,0.0,0.0,0.0,0,0,0,0,999,1,2,2,0,0,0,0,0,266.53,1,Beauty,UPI,Marketplace,Product not as described,Budget,1237,4,3,1,0,none
ORD103813,CUST100980,TXN103813,DEV200442,ADDR302677,ADDR302677,2024-04-06,2024-04-14,7,0,0,3091.15,0.0,0.0,0.0,441.59,0.0,1,1,0,0,2,1,1,1,0,0,0,0,0,550.02,1,Fashion,Debit Card,Website,Size issue,Budget,1460,8,7,1,1,serial_return_abuse
ORD103814,CUST100980,TXN103814,DEV200442,ADDR302677,ADDR302677,2024-04-12,2024-04-16,7,1,0,3335.91,0.0,0.125,0.0,476.56,0.0,0,1,1,0,10,1,1,1,1,1,0,0,0,305.26,1,Fashion,Debit Card,Website,Size issue,Budget,1460,4,1,3,1,serial_return_abuse
ORD103815,CUST100980,TXN103815,DEV200442,ADDR302677,ADDR302677,2024-05-02,2024-05-06,8,2,2,3641.17,844.28,0.2222,0.2222,455.15,422.14,0,2,2,2,24,1,1,1,2,2,2,2,0,663.82,1,Electronics,UPI,Mobile App,Late delivery,Budget,1460,4,1,3,1,serial_return_abuse
ORD103819,CUST100980,TXN103819,DEV200442,ADDR302677,ADDR302677,2024-10-02,2024-10-08,12,4,3,6624.0,1326.83,0.3077,0.2308,552.0,442.28,0,0,0,0,42,2,3,3,4,4,3,3,0,318.31,1,Fashion,Wallet,Mobile App,Changed mind,Budget,1460,6,3,3,0,none
ORD103830,CUST100982,TXN103830,DEV202825,ADDR300474,ADDR300474,2024-06-06,2024-06-12,4,1,0,1499.81,0.0,0.2,0.0,374.95,0.0,0,2,1,0,13,1,1,1,1,1,0,0,0,733.96,1,Fashion,Credit Card,Mobile App,Size issue,Budget,85,6,5,1,0,none
ORD103837,CUST100983,TXN103837,DEV202704,ADDR300462,ADDR300462,2024-10-18,2024-10-27,1,0,0,671.7,0.0,0.0,0.0,671.7,0.0,0,0,0,0,52,7,8,8,2,2,2,2,0,1693.82,1,Electronics,Debit Card,Marketplace,Duplicate order,Budget,443,9,8,1,0,none
ORD103847,CUST100984,TXN103847,DEV201707,ADDR301819,ADDR301819,2024-10-12,2024-10-14,10,0,0,15316.87,0.0,0.0,0.0,1531.69,0.0,3,5,0,0,1,2,2,2,0,0,0,0,0,428.36,1,Fashion,UPI,Website,Size issue,Mass Market,999,2,0,2,1,policy_exploitation
ORD103848,CUST100984,TXN103848,DEV201707,ADDR301819,ADDR301819,2024-10-13,2024-10-18,11,2,0,10698.67,0.0,0.1667,0.0,972.61,0.0,2,6,2,0,4,2,2,2,2,2,0,0,0,5923.62,2,Electronics,Debit Card,Mobile App,Wrong product,Mass Market,999,5,1,4,1,policy_exploitation
ORD103849,CUST100984,TXN103849,DEV201707,ADDR301819,ADDR301819,2024-10-14,2024-10-19,11,3,0,15745.23,0.0,0.25,0.0,1431.38,0.0,2,6,3,0,6,2,2,2,3,3,0,0,0,877.06,1,Fashion,UPI,Mobile App,Changed mind,Mass Market,999,5,4,1,0,none
ORD103858,CUST100987,TXN103858,DEV201943,ADDR302874,ADDR302874,2024-07-18,2024-07-28,5,0,0,1658.0,0.0,0.0,0.0,331.6,0.0,0,1,0,0,30,1,2,2,0,0,0,0,0,703.78,2,Beauty,UPI,Mobile App,Quality issue,Premium,556,10,8,2,0,none
ORD103865,CUST100990,TXN103865,DEV200237,ADDR300986,ADDR300986,2024-06-16,2024-06-19,0,0,0,0.0,0.0,0.0,0.0,0.0,0.0,0,0,0,0,999,4,3,4,1,0,1,0,0,482.1,1,Electronics,Wallet,Mobile App,Changed mind,Budget,1258,3,1,2,1,account_multiplication
ORD103873,CUST100993,TXN103873,DEV201233,ADDR301723,ADDR301723,2024-11-12,2024-11-16,3,0,0,1783.0,0.0,0.0,0.0,594.33,0.0,0,1,0,0,20,4,3,3,0,2,0,2,0,2112.09,1,Electronics,Credit Card,Mobile App,Late delivery,Mass Market,562,4,1,3,0,none
ORD103877,CUST100994,TXN103877,DEV200482,ADDR300347,ADDR300347,2024-04-16,2024-04-21,3,0,0,3750.79,0.0,0.0,0.0,1250.26,0.0,0,0,0,0,57,2,3,3,1,1,1,1,0,2213.93,3,Fashion,UPI,Mobile App,Size issue,High Value,1298,5,1,4,0,none
ORD103886,CUST100995,TXN103886,DEV202710,ADDR300413,ADDR300413,2024-01-14,2024-01-18,0,0,0,0.0,0.0,0.0,0.0,0.0,0.0,0,0,0,0,999,2,1,1,1,0,0,0,0,1308.91,1,Fashion,Debit Card,Mobile App,Size issue,High Value,432,4,3,1,0,none
ORD103892,CUST100995,TXN103892,DEV202710,ADDR300413,ADDR300413,2024-04-11,2024-04-15,6,2,1,8513.28,980.31,0.2857,0.1429,1418.88,980.31,0,3,1,0,23,2,3,3,4,2,2,1,0,1772.49,1,Fashion,Net Banking,Mobile App,Product not as described,High Value,432,4,0,4,0,none
ORD103915,CUST101000,TXN103915,DEV200561,ADDR301715,ADDR301715,2024-02-15,2024-02-27,2,0,0,333.56,0.0,0.0,0.0,166.78,0.0,0,2,0,0,15,1,1,1,0,0,0,0,0,187.19,1,Accessories,Debit Card,Website,Quality issue,Budget,1281,12,10,2,0,none
ORD103927,CUST101005,TXN103927,DEV200482,ADDR301157,ADDR302060,2024-03-09,2024-03-11,1,0,0,1599.36,0.0,0.0,0.0,1599.36,0.0,0,0,0,0,66,2,1,2,0,0,0,0,1,600.0,2,Sports,Net Banking,Mobile App,Damaged product,Mass Market,1037,2,1,1,0,none
ORD103930,CUST101005,TXN103930,DEV200482,ADDR301157,ADDR301157,2024-10-06,2024-10-09,5,2,1,3124.98,576.98,0.3333,0.1667,625.0,576.98,1,2,0,0,1,2,1,1,3,2,2,1,0,744.46,1,Fashion,Credit Card,Mobile App,Product not as described,Mass Market,1037,3,0,3,1,serial_return_abuse
ORD103933,CUST101005,TXN103933,DEV200482,ADDR301157,ADDR301157,2024-10-17,2024-10-21,7,3,2,5295.82,1306.4,0.375,0.25,756.55,653.2,1,3,1,1,7,2,1,1,4,3,3,2,0,1629.82,1,Fashion,Credit Card,Mobile App,Size issue,Mass Market,1037,4,1,3,0,none
ORD103953,CUST101009,TXN103953,DEV202494,ADDR300818,ADDR300818,2024-04-09,2024-04-14,9,1,0,5643.02,0.0,0.1,0.0,627.0,0.0,4,8,1,0,4,1,1,1,1,1,0,0,0,737.05,2,Fashion,Net Banking,Mobile App,Size issue,Premium,559,5,1,4,1,refund_abuse
ORD103976,CUST101011,TXN103976,DEV202142,ADDR300826,ADDR300826,2024-09-30,2024-10-02,7,0,0,4318.53,0.0,0.0,0.0,616.93,0.0,0,1,0,0,18,2,2,3,1,3,1,3,0,236.88,2,Grocery,Credit Card,Website,Wrong product,Mass Market,261,2,1,1,1,refund_abuse
ORD103980,CUST101011,TXN103980,DEV202142,ADDR300826,ADDR300826,2024-11-13,2024-11-14,11,1,1,6864.2,229.33,0.0833,0.0833,624.02,229.33,0,2,0,0,8,2,2,3,2,4,2,4,0,300.0,1,Fashion,Debit Card,Website,Wrong product,Mass Market,261,1,0,1,1,refund_abuse
ORD104014,CUST101022,TXN104014,DEV201343,ADDR302616,ADDR302616,2024-04-05,2024-04-11,2,0,0,7073.82,0.0,0.0,0.0,3536.91,0.0,0,0,0,0,34,2,4,4,0,0,0,0,0,2381.81,1,Fashion,UPI,Website,Product not as described,Mass Market,965,6,3,3,0,none
ORD104016,CUST101022,TXN104016,DEV201343,ADDR302616,ADDR302616,2024-09-05,2024-09-14,5,1,1,11223.04,2163.21,0.1667,0.1667,2244.61,2163.21,0,1,0,0,8,2,5,5,1,1,1,1,0,275.91,1,Home,Debit Card,Mobile App,Changed mind,Mass Market,965,9,7,2,0,none
ORD104023,CUST101024,TXN104023,DEV200052,ADDR302751,ADDR302751,2024-02-08,2024-02-12,1,0,0,1287.9,0.0,0.0,0.0,1287.9,0.0,0,1,0,0,9,1,1,1,0,0,0,0,0,1342.45,2,Electronics,UPI,Website,Product not as described,Budget,950,4,3,1,1,serial_return_abuse
ORD104025,CUST101024,TXN104025,DEV200052,ADDR302751,ADDR302751,2024-11-22,2024-11-30,3,1,1,2908.93,1271.43,0.25,0.25,969.64,1271.43,0,0,0,0,193,1,2,3,1,1,1,1,0,160.93,1,Beauty,Wallet,Mobile App,Changed mind,Budget,950,8,5,3,1,serial_return_abuse
ORD104029,CUST101025,TXN104029,DEV200237,ADDR300986,ADDR300986,2024-10-03,2024-10-07,2,0,0,2014.64,0.0,0.0,0.0,1007.32,0.0,0,0,0,0,169,6,5,6,3,3,2,2,0,2862.73,1,Footwear,Debit Card,Website,Size issue,Budget,630,4,2,2,0,none
ORD104041,CUST101030,TXN104041,DEV200367,ADDR301671,ADDR301671,2024-04-28,2024-05-04,2,0,0,679.63,0.0,0.0,0.0,339.82,0.0,0,1,0,0,14,3,2,2,0,0,0,0,0,400.0,1,Footwear,Debit Card,Mobile App,Size issue,Mass Market,490,6,4,2,0,none
ORD104048,CUST101030,TXN104048,DEV200367,ADDR301671,ADDR301671,2024-09-30,2024-10-08,10,4,1,6566.27,400.0,0.3636,0.0909,656.63,400.0,1,1,0,0,5,5,4,4,5,5,2,2,0,489.21,3,Accessories,EMI,Website,Damaged product,Mass Market,490,8,7,1,0,none
ORD104050,CUST101030,TXN104050,DEV200367,ADDR301671,ADDR301802,2024-11-01,2024-11-08,12,5,2,7955.55,850.95,0.3846,0.1538,662.96,425.48,1,1,0,1,5,5,4,2,7,7,4,4,1,1266.57,3,Fashion,Wallet,Website,Size issue,Mass Market,490,7,3,4,0,none
ORD104054,CUST101030,TXN104054,DEV200367,ADDR301671,ADDR301671,2024-12-23,2024-12-26,15,8,3,9606.98,1823.0,0.5,0.1875,640.47,607.67,0,1,0,0,11,5,4,4,10,10,5,5,0,497.19,1,Fashion,UPI,Mobile App,Product not as described,Mass Market,490,3,0,3,0,none
ORD104058,CUST101033,TXN104058,DEV202963,ADDR302963,ADDR302963,2024-05-25,2024-05-29,0,0,0,0.0,0.0,0.0,0.0,0.0,0.0,0,0,0,0,999,1,1,1,0,0,0,0,0,412.78,1,Home,Net Banking,Marketplace,Wrong product,Budget,656,4,0,4,0,none
ORD104062,CUST101035,TXN104062,DEV202639,ADDR300946,ADDR300946,2024-03-24,2024-03-30,2,0,0,326.98,0.0,0.0,0.0,163.49,0.0,1,1,0,0,7,1,1,1,0,0,0,0,0,951.55,2,Home,Wallet,Mobile App,Changed mind,Budget,40,6,3,3,0,none
ORD104067,CUST101035,TXN104067,DEV202639,ADDR300946,ADDR300946,2024-09-04,2024-09-19,7,1,1,4214.66,794.92,0.125,0.125,602.09,794.92,0,0,0,0,32,1,1,1,1,1,1,1,0,926.27,2,Fashion,Credit Card,Marketplace,Size issue,Budget,40,15,13,2,0,none
ORD104070,CUST101035,TXN104070,DEV202639,ADDR300946,ADDR300946,2024-12-14,2024-12-24,10,3,2,7117.89,1721.19,0.2727,0.1818,711.79,860.6,0,1,0,0,11,1,1,1,3,3,2,2,0,488.18,1,Home,UPI,Mobile App,Changed mind,Budget,40,10,7,3,0,none
ORD104077,CUST101036,TXN104077,DEV201870,ADDR301212,ADDR301212,2024-06-21,2024-06-29,6,1,0,4534.24,0.0,0.1429,0.0,755.71,0.0,0,0,0,0,62,1,1,1,1,1,0,0,0,1944.29,2,Sports,Credit Card,Website,Size issue,Premium,488,8,7,1,0,none
ORD104079,CUST101036,TXN104079,DEV201870,ADDR301212,ADDR301212,2024-10-08,2024-10-20,9,2,1,8829.51,1736.62,0.2,0.1,981.06,1736.62,1,1,0,0,2,3,1,1,3,2,2,1,0,596.62,2,Beauty,Debit Card,Marketplace,Other,Premium,488,12,8,4,0,none
ORD104081,CUST101037,TXN104081,DEV201081,ADDR301901,ADDR301901,2024-11-06,2024-11-10,0,0,0,0.0,0.0,0.0,0.0,0.0,0.0,0,0,0,0,999,1,2,4,0,0,0,0,0,1453.71,1,Electronics,UPI,Mobile App,Other,Premium,1530,4,0,4,0,none
ORD104085,CUST101039,TXN104085,DEV200205,ADDR300408,ADDR300408,2024-01-14,2024-01-21,0,0,0,0.0,0.0,0.0,0.0,0.0,0.0,0,0,0,0,999,1,1,1,0,0,0,0,0,2566.89,3,Fashion,Debit Card,Mobile App,Product not as described,Premium,1393,7,3,4,1,serial_return_abuse
ORD104091,CUST101039,TXN104091,DEV200205,ADDR300408,ADDR300408,2024-04-30,2024-05-06,6,1,1,9573.42,2487.51,0.1429,0.1429,1595.57,2487.51,0,2,0,0,9,1,1,1,1,1,1,1,0,1278.71,2,Home,Credit Card,Mobile App,Damaged product,Premium,1393,6,4,2,1,serial_return_abuse
ORD104092,CUST101039,TXN104092,DEV200205,ADDR300408,ADDR300408,2024-05-18,2024-05-24,7,2,2,10852.13,3679.72,0.25,0.25,1550.3,1839.86,0,2,1,1,24,1,1,1,2,2,2,2,0,1356.05,2,Fashion,UPI,Mobile App,Product not as described,Premium,1393,6,4,2,0,none
ORD104094,CUST101039,TXN104094,DEV200205,ADDR300408,ADDR300408,2024-06-24,2024-06-27,10,3,3,12692.94,4865.84,0.2727,0.2727,1269.29,1621.95,1,1,0,0,1,1,1,1,3,3,3,3,0,883.34,1,Footwear,UPI,Mobile App,Quality issue,Premium,1393,3,0,3,1,serial_return_abuse
ORD104097,CUST101039,TXN104097,DEV200205,ADDR300408,ADDR300408,2024-10-08,2024-10-13,12,4,4,13752.5,5602.87,0.3077,0.3077,1146.04,1400.72,0,0,0,0,36,1,1,1,4,4,4,4,0,982.73,2,Footwear,UPI,Marketplace,Changed mind,Premium,1393,5,1,4,1,serial_return_abuse
ORD104099,CUST101039,TXN104099,DEV200205,ADDR300408,ADDR300408,2024-10-27,2024-10-28,15,5,5,24667.23,6519.31,0.3125,0.3125,1644.48,1303.86,1,3,1,1,1,1,1,1,5,5,5,5,0,298.86,1,Home,UPI,Website,Wrong product,Premium,1393,1,0,1,1,serial_return_abuse
ORD104103,CUST101039,TXN104103,DEV200205,ADDR300408,ADDR300408,2024-11-09,2024-11-13,18,6,6,28380.27,6763.6,0.3158,0.3158,1576.68,1127.27,1,5,1,2,7,1,1,1,6,6,6,6,0,545.93,2,Beauty,Net Banking,Social Commerce,Late delivery,Premium,1393,4,1,3,0,none
ORD104112,CUST101041,TXN104112,DEV201190,ADDR301475,ADDR301475,2024-07-01,2024-07-11,4,1,0,2844.41,0.0,0.2,0.0,711.1,0.0,1,2,0,0,5,2,1,1,2,1,1,0,0,1106.21,1,Electronics,Credit Card,Marketplace,Damaged product,Premium,486,10,9,1,0,none
ORD104115,CUST101041,TXN104115,DEV201190,ADDR301475,ADDR301475,2024-08-23,2024-08-30,6,2,1,4615.93,1106.21,0.2857,0.1429,769.32,1106.21,1,1,0,0,2,2,1,1,3,2,2,1,0,1105.57,3,Sports,UPI,Mobile App,Quality issue,Premium,486,7,6,1,1,policy_exploitation
ORD104118,CUST101041,TXN104118,DEV201190,ADDR301475,ADDR301475,2024-12-15,2024-12-20,8,3,2,6840.4,2054.44,0.3333,0.2222,855.05,1027.22,0,0,0,0,36,2,1,1,4,3,3,2,0,782.19,1,Fashion,UPI,Mobile App,Changed mind,Premium,486,5,3,2,0,none
ORD104121,CUST101042,TXN104121,DEV202772,ADDR301280,ADDR302146,2024-02-09,2024-02-13,1,0,0,471.43,0.0,0.0,0.0,471.43,0.0,0,1,0,0,12,1,1,1,0,0,0,0,1,491.37,1,Footwear,Net Banking,Mobile App,Changed mind,Premium,1560,4,0,4,0,none
ORD104123,CUST101042,TXN104123,DEV202772,ADDR301280,ADDR301280,2024-03-08,2024-03-14,3,2,1,1577.01,386.72,0.5,0.25,525.67,386.72,0,1,2,1,23,1,1,1,2,2,1,1,0,1221.46,1,Fashion,Credit Card,Website,Changed mind,Premium,1560,6,4,2,0,none
ORD104124,CUST101042,TXN104124,DEV202772,ADDR301280,ADDR301280,2024-04-10,2024-04-14,4,3,2,2798.47,1437.75,0.6,0.4,699.62,718.88,0,0,0,0,37,1,1,1,3,3,2,2,0,1082.96,1,Fashion,UPI,Marketplace,Product not as described,Premium,1560,4,2,2,1,serial_return_abuse
ORD104127,CUST101042,TXN104127,DEV202772,ADDR301280,ADDR301280,2024-07-03,2024-07-14,7,4,3,5523.27,2339.87,0.5,0.375,789.04,779.96,0,1,0,0,28,1,1,1,4,4,3,3,0,1022.83,1,Electronics,Debit Card,Website,Changed mind,Premium,1560,11,9,2,1,serial_return_abuse
ORD104128,CUST101042,TXN104128,DEV202772,ADDR301280,ADDR303081,2024-07-20,2024-07-24,8,5,4,6546.1,3227.53,0.5556,0.4444,818.26,806.88,0,1,1,1,21,1,1,3,5,5,4,4,1,4766.35,2,Electronics,UPI,Website,Wrong product,Premium,1560,4,3,1,1,serial_return_abuse
ORD104140,CUST101044,TXN104140,DEV200474,ADDR300389,ADDR300389,2024-06-04,2024-06-05,8,0,0,7653.62,0.0,0.0,0.0,956.7,0.0,4,4,0,0,1,1,1,1,0,0,0,0,0,600.0,2,Sports,Net Banking,Marketplace,Product not as described,Mass Market,1406,1,0,1,1,policy_exploitation
ORD104145,CUST101044,TXN104145,DEV200474,ADDR300389,ADDR300389,2024-11-16,2024-11-20,12,1,1,9991.7,559.1,0.0769,0.0769,832.64,559.1,0,0,0,0,38,1,1,2,1,1,1,1,0,587.42,1,Fashion,EMI,Website,Changed mind,Mass Market,1406,4,0,4,1,policy_exploitation
ORD104159,CUST101048,TXN104159,DEV202717,ADDR302650,ADDR302650,2024-03-03,2024-03-08,0,0,0,0.0,0.0,0.0,0.0,0.0,0.0,0,0,0,0,999,1,1,1,0,0,0,0,0,2405.24,1,Electronics,UPI,Social Commerce,Changed mind,Premium,1354,5,1,4,0,none
ORD104169,CUST101053,TXN104169,DEV201130,ADDR301098,ADDR301098,2024-07-03,2024-07-15,1,0,0,730.29,0.0,0.0,0.0,730.29,0.0,0,0,0,0,58,2,1,1,0,0,0,0,0,1267.31,1,Footwear,Debit Card,Mobile App,Size issue,Mass Market,737,12,11,1,0,none
ORD104172,CUST101053,TXN104172,DEV202546,ADDR301098,ADDR301098,2024-12-25,2024-12-31,4,1,1,3802.78,1267.31,0.2,0.2,950.7,1267.31,1,1,0,0,7,1,1,1,0,1,0,1,0,2710.36,1,Fashion,UPI,Website,Size issue,Mass Market,737,6,5,1,0,none
ORD104175,CUST101056,TXN104175,DEV200626,ADDR301531,ADDR301531,2024-05-10,2024-05-19,0,0,0,0.0,0.0,0.0,0.0,0.0,0.0,0,0,0,0,999,4,5,6,2,2,1,1,0,894.26,1,Sports,Debit Card,Website,Size issue,Premium,1500,9,7,2,0,none
ORD104207,CUST101066,TXN104207,DEV202148,ADDR302749,ADDR302749,2024-03-06,2024-03-14,0,0,0,0.0,0.0,0.0,0.0,0.0,0.0,0,0,0,0,999,1,5,5,0,1,0,0,0,459.83,1,Accessories,UPI,Marketplace,Wrong product,Mass Market,796,8,5,3,0,none
ORD104219,CUST101068,TXN104219,DEV202851,ADDR302975,ADDR302975,2024-04-21,2024-04-25,7,1,0,7808.04,0.0,0.125,0.0,1115.43,0.0,0,2,1,0,13,2,1,1,1,1,0,0,0,419.8,2,Accessories,Net Banking,Mobile App,Other,Mass Market,453,4,3,1,0,none
ORD104222,CUST101068,TXN104222,DEV202851,ADDR302975,ADDR302975,2024-10-15,2024-10-18,10,2,1,9770.71,417.77,0.1818,0.0909,977.07,417.77,0,0,0,0,121,2,1,1,2,2,1,1,0,336.73,1,Fashion,UPI,Mobile App,Size issue,Mass Market,453,3,1,2,0,none
ORD104243,CUST101077,TXN104243,DEV202803,ADDR302978,ADDR302978,2024-10-12,2024-10-16,2,0,0,3569.21,0.0,0.0,0.0,1784.6,0.0,1,1,0,0,4,3,5,5,0,0,0,0,0,3722.69,2,Footwear,EMI,Mobile App,Size issue,Premium,1231,4,0,4,0,none
ORD104255,CUST101081,TXN104255,DEV202847,ADDR301230,ADDR301230,2024-03-09,2024-03-13,3,0,0,808.92,0.0,0.0,0.0,269.64,0.0,0,0,0,0,44,2,3,3,0,0,0,0,0,2083.85,1,Electronics,UPI,Website,Wrong product,Premium,1367,4,3,1,0,none
ORD104260,CUST101081,TXN104260,DEV202847,ADDR301230,ADDR301230,2024-08-01,2024-08-11,8,1,1,6892.29,2083.85,0.1111,0.1111,861.54,2083.85,0,1,0,0,27,2,5,5,1,3,1,2,0,3114.06,2,Fashion,UPI,Mobile App,Quality issue,Premium,1367,10,7,3,0,none
ORD104262,CUST101081,TXN104262,DEV202847,ADDR301230,ADDR301230,2024-08-29,2024-09-12,11,2,2,14295.82,4827.71,0.1667,0.1667,1299.62,2413.86,1,2,0,0,2,2,5,5,2,4,2,3,0,3547.08,1,Fashion,UPI,Mobile App,Size issue,Premium,1367,14,12,2,0,none
ORD104265,CUST101081,TXN104265,DEV202847,ADDR301230,ADDR301230,2024-10-06,2024-10-08,13,4,3,18209.46,8141.45,0.2857,0.2143,1400.73,2713.82,0,2,2,1,25,2,5,5,4,6,3,4,0,1324.96,1,Fashion,UPI,Mobile App,Size issue,Premium,1367,2,0,2,0,none
ORD104269,CUST101081,TXN104269,DEV202847,ADDR301230,ADDR301230,2024-12-15,2024-12-24,17,5,4,22180.71,9466.41,0.2778,0.2222,1304.75,2366.6,0,0,0,0,41,3,5,5,5,9,4,6,0,1454.63,1,Footwear,Net Banking,Marketplace,Size issue,Premium,1367,9,8,1,0,none
ORD104294,CUST101086,TXN104294,DEV201287,ADDR300050,ADDR300050,2024-04-19,2024-05-03,0,0,0,0.0,0.0,0.0,0.0,0.0,0.0,0,0,0,0,999,1,2,2,0,0,0,0,0,308.5,1,Accessories,UPI,Website,Changed mind,High Value,579,14,10,4,0,none
ORD104314,CUST101091,TXN104314,DEV200449,ADDR300626,ADDR300626,2024-10-26,2024-11-06,3,0,0,1330.0,0.0,0.0,0.0,443.33,0.0,0,0,0,0,111,3,3,3,4,4,4,4,0,610.35,1,Footwear,UPI,Mobile App,Product not as described,Budget,973,11,9,2,1,account_multiplication
ORD104333,CUST101097,TXN104333,DEV202142,ADDR302819,ADDR302819,2024-04-01,2024-04-08,0,0,0,0.0,0.0,0.0,0.0,0.0,0.0,0,0,0,0,999,2,1,1,0,0,0,0,0,2178.84,1,Fashion,UPI,Marketplace,Quality issue,Mass Market,1598,7,5,2,0,none
ORD104336,CUST101099,TXN104336,DEV202523,ADDR302911,ADDR302911,2024-09-09,2024-09-14,0,0,0,0.0,0.0,0.0,0.0,0.0,0.0,0,0,0,0,999,2,11,11,0,9,0,6,0,2173.74,3,Footwear,UPI,Mobile App,Size issue,Premium,938,5,1,4,0,none
ORD104345,CUST101103,TXN104345,DEV201416,ADDR302718,ADDR302718,2024-08-01,2024-08-05,3,0,0,1257.62,0.0,0.0,0.0,419.21,0.0,0,0,0,0,35,1,1,1,0,0,0,0,0,290.9,2,Accessories,Net Banking,Marketplace,Quality issue,Budget,1198,4,0,4,1,refund_abuse
ORD104349,CUST101103,TXN104349,DEV201416,ADDR302718,ADDR302718,2024-10-24,2024-10-29,7,1,1,2515.89,286.97,0.125,0.125,359.41,286.97,0,3,0,0,11,1,1,1,1,1,1,1,0,659.09,1,Fashion,Credit Card,Mobile App,Quality issue,Budget,1198,5,1,4,0,none
ORD104350,CUST101104,TXN104350,DEV202770,ADDR302627,ADDR302627,2024-05-23,2024-05-28,0,0,0,0.0,0.0,0.0,0.0,0.0,0.0,0,0,0,0,999,1,3,3,0,3,0,2,0,306.67,1,Fashion,UPI,Mobile App,Quality issue,Budget,622,5,2,3,0,none
ORD104352,CUST101104,TXN104352,DEV202770,ADDR302627,ADDR302627,2024-09-28,2024-10-02,2,1,1,573.87,306.67,0.3333,0.3333,286.94,306.67,0,0,0,0,97,1,3,3,1,8,1,6,0,67.69,1,Grocery,Wallet,Marketplace,Damaged product,Budget,622,4,1,3,0,none
ORD104359,CUST101108,TXN104359,DEV200237,ADDR300986,ADDR300986,2024-10-02,2024-10-07,2,1,0,697.93,0.0,0.3333,0.0,348.96,0.0,1,1,0,0,2,6,5,6,3,3,2,2,0,917.16,1,Fashion,UPI,Mobile App,Size issue,Budget,738,5,2,3,1,account_multiplication
ORD104361,CUST101109,TXN104361,DEV202635,ADDR300642,ADDR300642,2024-01-02,2024-01-07,2,0,0,2236.81,0.0,0.0,0.0,1118.4,0.0,2,2,0,0,2,1,1,1,0,0,0,0,0,437.12,1,Footwear,UPI,Marketplace,Product not as described,Budget,333,5,2,3,1,serial_return_abuse
ORD104365,CUST101109,TXN104365,DEV202635,ADDR300642,ADDR300642,2024-01-08,2024-01-11,4,1,1,3395.27,434.99,0.2,0.2,848.82,434.99,2,4,1,1,4,1,1,1,1,1,1,1,0,380.74,1,Fashion,Credit Card,Mobile App,Size issue,Budget,333,3,1,2,1,serial_return_abuse
ORD104366,CUST101109,TXN104366,DEV202635,ADDR300642,ADDR300642,2024-02-22,2024-02-27,5,2,2,3776.01,815.73,0.3333,0.3333,755.2,407.86,0,0,0,0,50,2,1,1,2,2,2,2,0,401.67,1,Footwear,Debit Card,Website,Changed mind,Budget,333,5,4,1,1,serial_return_abuse
ORD104379,CUST101114,TXN104379,DEV202833,ADDR302384,ADDR302384,2024-11-04,2024-11-09,0,0,0,0.0,0.0,0.0,0.0,0.0,0.0,0,0,0,0,999,2,4,4,0,2,0,2,0,298.68,1,Fashion,EMI,Mobile App,Size issue,Budget,582,5,4,1,0,none
ORD104381,CUST101115,TXN104381,DEV202013,ADDR301313,ADDR301313,2024-11-01,2024-11-05,1,0,0,147.78,0.0,0.0,0.0,147.78,0.0,0,0,0,0,190,1,1,1,0,0,0,0,0,138.61,1,Grocery,Credit Card,Social Commerce,Wrong product,Mass Market,735,4,0,4,0,none
ORD104385,CUST101118,TXN104385,DEV202076,ADDR300912,ADDR300912,2024-10-16,2024-10-28,1,0,0,594.39,0.0,0.0,0.0,594.39,0.0,0,0,0,0,72,1,1,1,0,0,0,0,0,5233.74,2,Fashion,Net Banking,Website,Size issue,Mass Market,698,12,11,1,0,none
ORD104428,CUST101133,TXN104428,DEV200146,ADDR302282,ADDR302282,2024-06-09,2024-06-12,1,1,0,1200.0,0.0,0.5,0.0,1200.0,0.0,0,0,0,0,45,1,1,1,1,1,0,0,0,431.5,1,Beauty,Credit Card,Mobile App,Damaged product,Mass Market,820,3,0,3,0,none
ORD104438,CUST101140,TXN104438,DEV201247,ADDR302082,ADDR302082,2024-03-13,2024-03-15,0,0,0,0.0,0.0,0.0,0.0,0.0,0.0,0,0,0,0,999,2,2,2,1,0,1,0,0,815.65,1,Electronics,Net Banking,Mobile App,Wrong product,Mass Market,1343,2,0,2,0,none
ORD104440,CUST101141,TXN104440,DEV202303,ADDR300847,ADDR300847,2024-05-28,2024-06-04,1,0,0,1536.24,0.0,0.0,0.0,1536.24,0.0,0,0,0,0,150,1,3,3,0,0,0,0,0,165.98,1,Accessories,UPI,Mobile App,Product not as described,Premium,592,7,3,4,0,none
ORD104441,CUST101141,TXN104441,DEV202303,ADDR300847,ADDR300847,2024-10-02,2024-10-03,2,1,1,1702.22,165.98,0.3333,0.3333,851.11,165.98,0,0,0,0,128,2,5,5,1,5,1,5,0,133.39,1,Grocery,UPI,Mobile App,Wrong product,Premium,592,1,0,1,0,none
ORD104460,CUST101149,TXN104460,DEV201359,ADDR302294,ADDR302294,2024-05-24,2024-06-01,4,0,0,1395.82,0.0,0.0,0.0,348.96,0.0,0,3,0,0,11,1,1,1,0,0,0,0,0,1110.6,2,Fashion,EMI,Marketplace,Quality issue,Budget,1478,8,7,1,1,serial_return_abuse
ORD104469,CUST101150,TXN104469,DEV202163,ADDR301356,ADDR301356,2024-01-28,2024-02-04,1,0,0,368.52,0.0,0.0,0.0,368.52,0.0,1,1,0,0,3,1,2,2,0,2,0,1,0,611.39,1,Beauty,Credit Card,Website,Quality issue,Premium,951,7,6,1,0,none
ORD104484,CUST101152,TXN104484,DEV201647,ADDR302880,ADDR302880,2024-08-06,2024-08-17,1,0,0,5160.87,0.0,0.0,0.0,5160.87,0.0,0,0,0,0,124,2,4,4,0,1,0,1,0,915.75,1,Home,Credit Card,Mobile App,Changed mind,Premium,731,11,7,4,0,none
ORD104489,CUST101156,TXN104489,DEV201777,ADDR300701,ADDR300701,2024-03-23,2024-03-25,0,0,0,0.0,0.0,0.0,0.0,0.0,0.0,0,0,0,0,999,3,3,4,0,0,0,0,0,846.56,1,Electronics,Credit Card,Mobile App,Other,Mass Market,634,2,0,2,0,none
ORD104503,CUST101157,TXN104503,DEV201488,ADDR302932,ADDR302932,2024-10-27,2024-10-28,4,0,0,7683.64,0.0,0.0,0.0,1920.91,0.0,0,0,0,0,109,2,1,1,0,0,0,0,0,494.76,1,Sports,UPI,Mobile App,Quality issue,High Value,1113,1,0,1,0,none
ORD104519,CUST101163,TXN104519,DEV202698,ADDR300908,ADDR300908,2024-02-29,2024-03-10,0,0,0,0.0,0.0,0.0,0.0,0.0,0.0,0,0,0,0,999,1,1,1,0,0,0,0,0,622.21,1,Fashion,Credit Card,Social Commerce,Changed mind,Mass Market,662,10,7,3,0,none
ORD104530,CUST101163,TXN104530,DEV202698,ADDR300908,ADDR300908,2024-10-25,2024-10-26,11,3,1,9723.56,603.56,0.25,0.0833,883.96,603.56,0,4,1,0,10,2,1,1,3,3,1,1,0,857.4,1,Fashion,Credit Card,Website,Damaged product,Mass Market,662,1,0,1,0,none
ORD104531,CUST101163,TXN104531,DEV202698,ADDR300908,ADDR302601,2024-11-09,2024-11-17,12,4,2,10580.96,1423.37,0.3077,0.1538,881.75,711.68,0,1,1,1,23,2,1,1,4,4,2,2,1,468.48,2,Accessories,Debit Card,Website,Damaged product,Mass Market,662,8,7,1,0,none
ORD104536,CUST101164,TXN104536,DEV200008,ADDR301398,ADDR301398,2024-01-24,2024-01-28,0,0,0,0.0,0.0,0.0,0.0,0.0,0.0,0,0,0,0,999,1,1,1,0,0,0,0,0,1821.41,1,Fashion,Credit Card,Website,Product not as described,Premium,1592,4,2,2,1,serial_return_abuse
ORD104565,CUST101168,TXN104565,DEV201195,ADDR302243,ADDR302243,2024-10-04,2024-10-09,7,0,0,9758.65,0.0,0.0,0.0,1394.09,0.0,0,1,0,0,25,2,2,2,0,2,0,1,0,204.45,1,Beauty,UPI,Website,Product not as described,Premium,505,5,2,3,0,none
ORD104568,CUST101168,TXN104568,DEV201195,ADDR302243,ADDR302243,2024-10-22,2024-10-25,10,1,1,10804.26,162.8,0.0909,0.0909,1080.43,162.8,1,3,1,1,4,2,2,2,1,3,1,2,0,1405.76,1,Fashion,EMI,Mobile App,Changed mind,Premium,505,3,2,1,0,none
ORD104571,CUST101169,TXN104571,DEV201675,ADDR302837,ADDR302837,2024-02-29,2024-03-05,1,0,0,104.01,0.0,0.0,0.0,104.01,0.0,0,0,0,0,55,3,2,2,0,0,0,0,0,799.63,2,Sports,UPI,Marketplace,Quality issue,Budget,285,5,1,4,0,none
ORD104577,CUST101169,TXN104577,DEV201675,ADDR302837,ADDR302837,2024-07-28,2024-07-31,7,2,1,4944.3,799.63,0.25,0.125,706.33,799.63,0,1,0,0,29,5,6,6,3,3,1,1,0,638.95,1,Home,Credit Card,Mobile App,Duplicate order,Budget,285,3,1,2,0,none
ORD104580,CUST101169,TXN104580,DEV201675,ADDR302837,ADDR302837,2024-09-15,2024-09-18,10,3,2,7837.81,1396.81,0.2727,0.1818,783.78,698.4,0,0,0,0,33,5,7,7,4,4,2,3,0,446.41,1,Sports,UPI,Mobile App,Duplicate order,Budget,285,3,1,2,0,none
ORD104583,CUST101169,TXN104583,DEV201675,ADDR302837,ADDR302837,2024-10-20,2024-10-26,15,5,3,10726.71,1686.26,0.3125,0.1875,715.11,562.09,2,4,1,0,3,5,7,7,6,7,3,5,0,1237.95,1,Fashion,Wallet,Mobile App,Size issue,Budget,285,6,5,1,0,none
ORD104597,CUST101171,TXN104597,DEV202875,ADDR300435,ADDR300435,2024-08-25,2024-08-27,8,1,0,6148.77,0.0,0.1111,0.0,768.6,0.0,0,0,0,0,58,2,2,2,1,1,0,0,0,339.99,1,Beauty,UPI,Marketplace,Other,Mass Market,1064,2,1,1,0,none
ORD104612,CUST101172,TXN104612,DEV200187,ADDR300672,ADDR300672,2024-12-09,2024-12-13,11,2,0,8048.9,0.0,0.1667,0.0,731.72,0.0,1,2,1,0,4,1,1,1,2,2,0,0,0,2261.16,2,Footwear,UPI,Mobile App,Product not as described,Mass Market,579,4,3,1,0,none
ORD104615,CUST101173,TXN104615,DEV202016,ADDR300575,ADDR300575,2024-04-15,2024-04-16,1,0,0,1071.71,0.0,0.0,0.0,1071.71,0.0,0,0,0,0,51,1,1,1,0,0,0,0,0,540.84,1,Fashion,Credit Card,Mobile App,Size issue,Mass Market,856,1,0,1,0,none
ORD104640,CUST101182,TXN104640,DEV201872,ADDR300780,ADDR300780,2024-11-28,2024-12-03,8,0,0,6118.51,0.0,0.0,0.0,764.81,0.0,0,1,0,0,11,2,1,1,0,0,0,0,0,644.98,2,Beauty,UPI,Website,Size issue,Mass Market,511,5,1,4,0,none
ORD104647,CUST101185,TXN104647,DEV200441,ADDR303101,ADDR303101,2024-06-29,2024-07-07,3,0,0,761.67,0.0,0.0,0.0,253.89,0.0,0,1,0,0,10,1,5,4,0,1,0,1,0,1663.54,1,Electronics,Wallet,Mobile App,Changed mind,Mass Market,235,8,6,2,0,none
ORD104659,CUST101188,TXN104659,DEV202593,ADDR302753,ADDR302753,2024-08-06,2024-08-13,5,1,0,3485.64,0.0,0.1667,0.0,697.13,0.0,0,0,0,0,94,1,1,1,1,1,0,0,0,591.36,1,Home,UPI,Mobile App,Quality issue,Premium,429,7,3,4,0,none
ORD104660,CUST101188,TXN104660,DEV202593,ADDR302753,ADDR302753,2024-09-21,2024-09-28,6,2,1,4077.0,591.36,0.2857,0.1429,679.5,591.36,0,0,0,0,53,1,1,1,2,2,1,1,0,695.33,1,Fashion,Debit Card,Website,Quality issue,Premium,429,7,6,1,0,none
ORD104663,CUST101188,TXN104663,DEV202593,ADDR302753,ADDR302753,2024-12-05,2024-12-16,9,3,2,6302.82,1108.99,0.3,0.2,700.31,554.5,0,0,0,0,33,1,1,1,3,3,2,2,0,589.2,2,Beauty,Debit Card,Mobile App,Damaged product,Premium,429,11,7,4,0,none
ORD104670,CUST101191,TXN104670,DEV200947,ADDR300563,ADDR300563,2024-05-20,2024-05-26,0,0,0,0.0,0.0,0.0,0.0,0.0,0.0,0,0,0,0,999,1,3,3,0,0,0,0,0,752.78,1,Fashion,Wallet,Marketplace,Size issue,Mass Market,1117,6,5,1,0,none
ORD104671,CUST101192,TXN104671,DEV202786,ADDR302952,ADDR300109,2024-02-18,2024-02-25,0,0,0,0.0,0.0,0.0,0.0,0.0,0.0,0,0,0,0,999,2,2,1,0,0,0,0,1,1562.5,2,Fashion,Credit Card,Marketplace,Changed mind,Mass Market,171,7,4,3,1,coordinated_device_abuse
ORD104674,CUST101194,TXN104674,DEV202413,ADDR302065,ADDR302065,2024-12-24,2024-12-29,0,0,0,0.0,0.0,0.0,0.0,0.0,0.0,0,0,0,0,999,1,3,3,0,1,0,1,0,220.62,1,Beauty,Wallet,Mobile App,Late delivery,Mass Market,576,5,3,2,0,none
ORD104677,CUST101197,TXN104677,DEV200017,ADDR302172,ADDR302172,2024-02-13,2024-02-24,0,0,0,0.0,0.0,0.0,0.0,0.0,0.0,0,0,0,0,999,1,1,1,0,0,0,0,0,572.62,1,Home,Debit Card,Marketplace,Quality issue,Mass Market,38,11,8,3,0,none
ORD104711,CUST101209,TXN104711,DEV200953,ADDR302175,ADDR302175,2024-09-07,2024-09-11,8,1,0,2879.45,0.0,0.1111,0.0,359.93,0.0,1,1,0,0,3,4,5,5,1,3,0,1,0,426.16,1,Beauty,Debit Card,Mobile App,Changed mind,Budget,302,4,1,3,0,none
ORD104712,CUST101209,TXN104712,DEV200953,ADDR302175,ADDR302175,2024-09-08,2024-09-14,8,2,0,2888.94,0.0,0.2222,0.0,361.12,0.0,1,1,1,0,7,4,5,5,2,4,0,1,0,416.67,1,Fashion,Wallet,Website,Quality issue,Budget,302,6,5,1,0,none
ORD104719,CUST101213,TXN104719,DEV202064,ADDR301575,ADDR301575,2024-01-13,2024-01-22,1,0,0,256.75,0.0,0.0,0.0,256.75,0.0,1,1,0,0,5,1,1,1,0,0,0,0,0,500.0,1,Electronics,Net Banking,Website,Late delivery,Mass Market,837,9,6,3,1,refund_abuse
ORD104727,CUST101213,TXN104727,DEV202064,ADDR301575,ADDR301575,2024-10-19,2024-10-24,8,1,1,7925.86,461.55,0.1111,0.1111,990.73,461.55,0,0,0,0,201,1,1,1,1,1,1,1,0,369.12,1,Fashion,Net Banking,Website,Product not as described,Mass Market,837,5,4,1,1,refund_abuse
ORD104728,CUST101214,TXN104728,DEV201714,ADDR302494,ADDR302494,2024-12-18,2024-12-24,0,0,0,0.0,0.0,0.0,0.0,0.0,0.0,0,0,0,0,999,2,3,3,1,3,0,3,0,819.51,1,Fashion,UPI,Marketplace,Size issue,Mass Market,1567,6,4,2,0,none
ORD104738,CUST101218,TXN104738,DEV202720,ADDR301928,ADDR301928,2024-01-31,2024-02-12,1,0,0,190.03,0.0,0.0,0.0,190.03,0.0,1,1,0,0,6,1,2,2,0,0,0,0,0,1234.6,1,Fashion,Credit Card,Social Commerce,Size issue,Budget,1567,12,9,3,0,none
ORD104743,CUST101218,TXN104743,DEV202720,ADDR301928,ADDR301928,2024-09-17,2024-09-22,5,1,1,4300.37,1066.01,0.1667,0.1667,860.07,1066.01,0,0,0,0,165,2,4,4,1,1,1,1,0,1088.6,1,Fashion,Debit Card,Mobile App,Product not as described,Budget,1567,5,4,1,0,none
ORD104744,CUST101218,TXN104744,DEV202720,ADDR301928,ADDR301928,2024-09-22,2024-09-26,7,2,1,7208.85,1066.01,0.25,0.125,1029.84,1066.01,1,2,1,0,1,2,4,4,2,2,1,1,0,828.66,1,Electronics,Net Banking,Mobile App,Quality issue,Budget,1567,4,1,3,0,none
ORD104745,CUST101218,TXN104745,DEV202720,ADDR301928,ADDR301928,2024-09-25,2024-09-27,8,3,2,6454.43,2078.56,0.3333,0.2222,806.8,1039.28,2,3,2,1,1,2,4,4,3,3,2,2,0,1819.88,1,Electronics,Credit Card,Marketplace,Quality issue,Budget,1567,2,1,1,0,none
ORD104749,CUST101218,TXN104749,DEV202720,ADDR301928,ADDR301928,2024-11-10,2024-11-16,12,4,4,9751.92,4638.04,0.3077,0.3077,812.66,1159.51,1,2,0,0,5,2,5,5,4,4,4,4,0,756.57,2,Home,Credit Card,Marketplace,Quality issue,Budget,1567,6,4,2,0,none
ORD104756,CUST101222,TXN104756,DEV201690,ADDR302467,ADDR302467,2024-08-26,2024-09-05,1,0,0,340.6,0.0,0.0,0.0,340.6,0.0,0,0,0,0,46,2,1,1,0,0,0,0,0,515.91,1,Fashion,Credit Card,Mobile App,Quality issue,Mass Market,1394,10,9,1,0,none
ORD104761,CUST101223,TXN104761,DEV202867,ADDR303065,ADDR303065,2024-05-17,2024-05-20,4,0,0,2682.1,0.0,0.0,0.0,670.52,0.0,0,0,0,0,40,1,1,1,0,0,0,0,0,881.79,2,Fashion,Wallet,Website,Quality issue,Budget,137,3,2,1,1,serial_return_abuse
ORD104763,CUST101223,TXN104763,DEV201063,ADDR303065,ADDR303065,2024-07-16,2024-07-19,6,1,1,3633.2,758.99,0.1429,0.1429,605.53,758.99,1,1,0,0,7,1,1,1,0,1,0,1,0,995.26,1,Fashion,UPI,Marketplace,Product not as described,Budget,137,3,1,2,0,none
ORD104764,CUST101223,TXN104764,DEV202867,ADDR303065,ADDR303065,2024-08-10,2024-08-12,7,2,2,4628.46,1576.92,0.25,0.25,661.21,788.46,0,1,1,1,27,1,1,1,1,2,1,2,0,960.6,2,Fashion,Debit Card,Mobile App,Size issue,Budget,137,2,1,1,0,none
ORD104765,CUST101223,TXN104765,DEV202867,ADDR303065,ADDR303065,2024-09-03,2024-09-06,9,3,3,5762.03,2302.57,0.3,0.3,640.23,767.52,1,2,1,1,1,1,1,1,2,3,2,3,0,166.0,2,Grocery,Debit Card,Marketplace,Late delivery,Budget,137,3,2,1,0,none
ORD104769,CUST101223,TXN104769,DEV201063,ADDR303065,ADDR303065,2024-09-07,2024-09-13,13,4,4,15828.77,2459.45,0.2857,0.2857,1217.6,614.86,3,5,1,2,3,1,1,1,1,4,1,4,0,859.24,1,Fashion,UPI,Website,Size issue,Budget,137,6,5,1,0,none
ORD104773,CUST101224,TXN104773,DEV201053,ADDR300665,ADDR300665,2024-01-17,2024-01-26,0,0,0,0.0,0.0,0.0,0.0,0.0,0.0,0,0,0,0,999,1,1,1,0,0,0,0,0,2871.95,1,Sports,EMI,Website,Size issue,Premium,1459,9,5,4,0,none
ORD104775,CUST101224,TXN104775,DEV201053,ADDR300665,ADDR300665,2024-11-05,2024-11-11,3,1,1,3471.47,2659.46,0.25,0.25,1157.16,2659.46,1,1,0,0,6,1,3,3,1,2,1,2,0,324.63,1,Beauty,UPI,Website,Damaged product,Premium,1459,6,4,2,0,none
ORD104777,CUST101225,TXN104777,DEV202098,ADDR301224,ADDR301224,2024-08-04,2024-08-11,0,0,0,0.0,0.0,0.0,0.0,0.0,0.0,0,0,0,0,999,1,2,2,0,0,0,0,0,4553.82,1,Electronics,Credit Card,Mobile App,Wrong product,Premium,1114,7,4,3,0,none
ORD104779,CUST101226,TXN104779,DEV202873,ADDR302243,ADDR302243,2024-07-31,2024-08-03,1,0,0,402.72,0.0,0.0,0.0,402.72,0.0,0,0,0,0,142,2,2,2,0,0,0,0,0,347.06,1,Home,Wallet,Mobile App,Duplicate order,Budget,1439,3,2,1,0,none
ORD104784,CUST101227,TXN104784,DEV201285,ADDR302915,ADDR302915,2024-05-17,2024-05-23,2,0,0,5047.33,0.0,0.0,0.0,2523.66,0.0,0,0,0,0,49,2,4,4,0,0,0,0,0,2509.1,2,Fashion,UPI,Website,Size issue,Mass Market,1153,6,2,4,0,none
ORD104792,CUST101231,TXN104792,DEV202556,ADDR302926,ADDR302690,2024-01-28,2024-02-05,0,0,0,0.0,0.0,0.0,0.0,0.0,0.0,0,0,0,0,999,1,1,1,0,0,0,0,1,519.99,1,Beauty,Credit Card,Marketplace,Damaged product,Mass Market,337,8,5,3,0,none
ORD104793,CUST101231,TXN104793,DEV202556,ADDR302926,ADDR302926,2024-02-27,2024-03-06,1,1,1,519.99,482.66,0.5,0.5,519.99,482.66,0,0,1,1,38,1,1,1,1,1,1,1,0,3430.6,2,Fashion,EMI,Website,Size issue,Mass Market,337,8,5,3,0,none
ORD104804,CUST101232,TXN104804,DEV201190,ADDR302812,ADDR302812,2024-06-13,2024-06-18,0,0,0,0.0,0.0,0.0,0.0,0.0,0.0,0,0,0,0,999,2,1,1,1,0,0,0,0,1181.06,2,Fashion,Net Banking,Website,Changed mind,Mass Market,425,5,1,4,0,none
ORD104810,CUST101232,TXN104810,DEV201190,ADDR302812,ADDR302812,2024-12-27,2025-01-01,6,1,1,6662.8,1151.51,0.1429,0.1429,1110.47,1151.51,1,3,0,0,7,2,1,1,5,1,4,1,0,379.58,1,Fashion,Wallet,Marketplace,Size issue,Mass Market,425,5,4,1,0,none
ORD104811,CUST101233,TXN104811,DEV202449,ADDR301544,ADDR301544,2024-01-24,2024-02-03,0,0,0,0.0,0.0,0.0,0.0,0.0,0.0,0,0,0,0,999,3,3,3,1,1,0,0,0,791.14,1,Fashion,UPI,Marketplace,Damaged product,Budget,365,10,7,3,0,none
ORD104816,CUST101233,TXN104816,DEV202449,ADDR301544,ADDR301544,2024-12-13,2024-12-18,5,2,1,5368.17,621.98,0.3333,0.1667,1073.63,621.98,0,0,1,0,37,9,8,8,12,19,5,8,0,324.48,1,Footwear,UPI,Marketplace,Other,Budget,365,5,3,2,0,none
ORD104821,CUST101234,TXN104821,DEV201414,ADDR302754,ADDR302754,2024-03-14,2024-03-24,3,0,0,925.7,0.0,0.0,0.0,308.57,0.0,0,0,0,0,33,1,1,1,0,0,0,0,0,982.21,1,Fashion,Net Banking,Social Commerce,Changed mind,Mass Market,723,10,8,2,0,none
ORD104824,CUST101234,TXN104824,DEV201414,ADDR302754,ADDR302754,2024-05-12,2024-05-14,6,1,1,5637.91,875.26,0.1429,0.1429,939.65,875.26,0,0,0,0,32,1,1,1,1,1,1,1,0,1278.63,1,Sports,Net Banking,Website,Changed mind,Mass Market,723,2,0,2,0,none
ORD104830,CUST101234,TXN104830,DEV201414,ADDR302754,ADDR302754,2024-11-14,2024-11-18,12,3,2,19313.0,2153.89,0.2308,0.1538,1609.42,1076.95,0,1,0,0,25,1,1,1,3,3,2,2,0,925.86,1,Sports,Net Banking,Mobile App,Quality issue,Mass Market,723,4,3,1,0,none
ORD104831,CUST101234,TXN104831,DEV201414,ADDR302754,ADDR302754,2024-11-23,2024-12-01,13,4,3,20238.86,3057.18,0.2857,0.2143,1556.84,1019.06,0,1,1,1,17,1,1,1,4,4,3,3,0,1055.68,2,Fashion,Debit Card,Website,Size issue,Mass Market,723,8,6,2,0,none
ORD104840,CUST101238,TXN104840,DEV202843,ADDR302608,ADDR302608,2024-02-07,2024-02-16,0,0,0,0.0,0.0,0.0,0.0,0.0,0.0,0,0,0,0,999,1,1,1,0,0,0,0,0,1116.81,1,Fashion,Credit Card,Social Commerce,Other,Mass Market,1275,9,7,2,0,none
ORD104841,CUST101238,TXN104841,DEV202843,ADDR302608,ADDR302608,2024-04-22,2024-04-24,1,1,1,1116.81,1070.89,0.5,0.5,1116.81,1070.89,0,0,0,0,77,1,1,1,1,1,1,1,0,203.6,1,Accessories,Debit Card,Marketplace,Damaged product,Mass Market,1275,2,0,2,0,none
ORD104843,CUST101238,TXN104843,DEV202843,ADDR302608,ADDR302608,2024-06-06,2024-06-10,3,2,2,1839.7,1252.49,0.5,0.5,613.23,626.24,0,1,0,0,29,1,1,1,2,2,2,2,0,300.0,1,Fashion,UPI,Mobile App,Late delivery,Mass Market,1275,4,1,3,0,none
ORD104848,CUST101238,TXN104848,DEV202843,ADDR302608,ADDR302608,2024-09-10,2024-09-14,8,3,3,5545.2,1531.28,0.3333,0.3333,693.15,510.43,0,1,0,0,24,1,2,2,3,3,3,3,0,1689.25,1,Electronics,UPI,Website,Damaged product,Mass Market,1275,4,0,4,0,none
ORD104857,CUST101241,TXN104857,DEV200472,ADDR303116,ADDR303116,2024-07-21,2024-07-30,0,0,0,0.0,0.0,0.0,0.0,0.0,0.0,0,0,0,0,999,1,1,1,0,0,0,0,0,740.05,1,Beauty,Net Banking,Mobile App,Product not as described,Mass Market,1065,9,6,3,0,none
ORD104860,CUST101243,TXN104860,DEV201442,ADDR302303,ADDR302303,2024-06-09,2024-06-15,0,0,0,0.0,0.0,0.0,0.0,0.0,0.0,0,0,0,0,999,1,1,1,0,0,0,0,0,303.19,1,Fashion,Debit Card,Marketplace,Size issue,Budget,194,6,5,1,0,none
ORD104872,CUST101244,TXN104872,DEV201967,ADDR302387,ADDR302387,2024-08-26,2024-09-04,5,1,0,6228.12,0.0,0.1667,0.0,1245.62,0.0,0,0,0,0,65,1,2,2,1,1,0,0,0,5905.87,1,Footwear,Debit Card,Website,Damaged product,Premium,1181,9,6,3,0,none
ORD104874,CUST101244,TXN104874,DEV201967,ADDR302387,ADDR302387,2024-10-03,2024-10-06,7,2,1,12256.83,4653.82,0.25,0.125,1750.98,4653.82,1,1,0,1,4,1,2,2,2,2,1,1,0,368.52,1,Fashion,UPI,Mobile App,Changed mind,Premium,1181,3,2,1,0,none
ORD104888,CUST101246,TXN104888,DEV202908,ADDR301709,ADDR301709,2024-07-26,2024-07-31,10,0,0,11514.96,0.0,0.0,0.0,1151.5,0.0,0,0,0,0,80,1,1,1,0,0,0,0,0,1932.06,1,Fashion,UPI,Marketplace,Wrong product,Mass Market,401,5,3,2,1,refund_abuse
ORD104899,CUST101247,TXN104899,DEV200246,ADDR301411,ADDR301411,2024-02-24,2024-03-04,3,0,0,1406.04,0.0,0.0,0.0,468.68,0.0,0,0,0,0,32,1,3,3,0,2,0,0,0,714.7,1,Fashion,Debit Card,Website,Size issue,Mass Market,531,9,5,4,0,none
ORD104901,CUST101247,TXN104901,DEV200246,ADDR301411,ADDR301411,2024-05-02,2024-05-06,5,1,1,3613.35,714.7,0.1667,0.1667,722.67,714.7,0,1,0,0,20,1,3,3,1,4,1,2,0,1171.24,2,Fashion,UPI,Website,Size issue,Mass Market,531,4,3,1,0,none
ORD104905,CUST101250,TXN104905,DEV201730,ADDR300052,ADDR300052,2024-01-23,2024-01-29,0,0,0,0.0,0.0,0.0,0.0,0.0,0.0,0,0,0,0,999,1,1,1,0,0,0,0,0,393.44,1,Fashion,UPI,Mobile App,Size issue,Premium,1258,6,3,3,1,serial_return_abuse
ORD104911,CUST101250,TXN104911,DEV201730,ADDR300052,ADDR300052,2024-02-20,2024-02-22,8,1,1,11533.39,350.43,0.1111,0.1111,1441.67,350.43,5,8,1,1,1,1,1,1,1,1,1,1,0,449.53,1,Fashion,UPI,Social Commerce,Other,Premium,1258,2,1,1,0,none
ORD104917,CUST101250,TXN104917,DEV201730,ADDR300052,ADDR300052,2024-02-26,2024-02-28,12,2,2,13572.56,799.96,0.1538,0.1538,1131.05,399.98,5,11,2,2,3,1,1,1,2,2,2,2,0,245.68,1,Home,Credit Card,Mobile App,Changed mind,Premium,1258,2,0,2,1,serial_return_abuse
ORD104932,CUST101251,TXN104932,DEV202141,ADDR300436,ADDR300436,2024-01-23,2024-01-27,1,0,0,1317.09,0.0,0.0,0.0,1317.09,0.0,0,1,0,0,16,1,1,1,0,0,0,0,0,458.74,1,Fashion,Net Banking,Marketplace,Damaged product,High Value,1582,4,2,2,1,policy_exploitation
ORD104940,CUST101251,TXN104940,DEV202141,ADDR300436,ADDR300436,2024-10-31,2024-11-03,10,1,1,9544.84,458.74,0.0909,0.0909,954.48,458.74,3,3,0,0,1,1,2,5,1,2,1,1,0,777.9,1,Fashion,Debit Card,Marketplace,Changed mind,High Value,1582,3,0,3,1,policy_exploitation
ORD104948,CUST101252,TXN104948,DEV200103,ADDR301560,ADDR301172,2024-07-13,2024-07-23,3,0,0,1626.81,0.0,0.0,0.0,542.27,0.0,0,1,0,0,17,1,3,1,0,1,0,1,1,517.69,1,Home,Wallet,Mobile App,Product not as described,Mass Market,1537,10,6,4,0,none
ORD104950,CUST101252,TXN104950,DEV200103,ADDR301560,ADDR301560,2024-10-31,2024-11-08,5,1,1,4345.82,433.68,0.1667,0.1667,869.16,433.68,0,1,0,0,26,2,3,3,1,2,1,2,0,245.56,1,Home,UPI,Website,Wrong product,Mass Market,1537,8,5,3,0,none
ORD104952,CUST101253,TXN104952,DEV200595,ADDR300217,ADDR300217,2024-01-06,2024-01-15,1,0,0,494.58,0.0,0.0,0.0,494.58,0.0,0,1,0,0,13,1,1,1,0,0,0,0,0,1510.57,1,Footwear,UPI,Mobile App,Product not as described,Mass Market,505,9,8,1,0,none
ORD104956,CUST101254,TXN104956,DEV202745,ADDR300231,ADDR300231,2024-04-22,2024-04-27,0,0,0,0.0,0.0,0.0,0.0,0.0,0.0,0,0,0,0,999,1,1,1,0,0,0,0,0,720.16,1,Footwear,Credit Card,Marketplace,Size issue,Premium,180,5,3,2,0,none
ORD104962,CUST101255,TXN104962,DEV200818,ADDR301093,ADDR301093,2024-10-05,2024-10-10,6,0,0,4443.2,0.0,0.0,0.0,740.53,0.0,1,1,0,0,2,2,1,1,0,0,0,0,0,439.53,1,Fashion,Credit Card,Mobile App,Size issue,Mass Market,378,5,2,3,0,none
ORD104966,CUST101255,TXN104966,DEV200818,ADDR301093,ADDR301093,2024-11-03,2024-11-20,10,1,1,6759.56,362.01,0.0909,0.0909,675.96,362.01,0,1,0,0,15,2,1,1,1,1,1,1,0,624.88,2,Beauty,UPI,Mobile App,Quality issue,Mass Market,378,17,14,3,0,none
ORD104968,CUST101255,TXN104968,DEV200818,ADDR301093,ADDR301093,2024-11-26,2024-12-02,12,2,2,8113.34,986.89,0.1538,0.1538,676.11,493.44,1,3,1,1,3,2,1,1,2,2,2,2,0,633.68,2,Accessories,Wallet,Mobile App,Quality issue,Mass Market,378,6,2,4,0,none
ORD104980,CUST101256,TXN104980,DEV203072,ADDR300659,ADDR300659,2024-09-26,2024-10-02,9,2,0,3641.83,0.0,0.2,0.0,404.65,0.0,0,0,0,0,46,3,3,3,3,2,1,0,0,1027.18,2,Home,Debit Card,Marketplace,Damaged product,Mass Market,1237,6,4,2,0,none
ORD104995,CUST101260,TXN104995,DEV200685,ADDR302908,ADDR302908,2024-02-17,2024-02-21,0,0,0,0.0,0.0,0.0,0.0,0.0,0.0,0,0,0,0,999,1,2,2,0,0,0,0,0,463.27,1,Fashion,UPI,Mobile App,Wrong product,Mass Market,1233,4,2,2,1,serial_return_abuse
ORD105004,CUST101260,TXN105004,DEV200685,ADDR302908,ADDR301085,2024-11-05,2024-11-11,11,1,1,5220.89,442.66,0.0833,0.0833,474.63,442.66,2,5,0,0,5,2,3,2,2,6,2,5,1,1109.72,2,Fashion,UPI,Marketplace,Changed mind,Mass Market,1233,6,5,1,1,serial_return_abuse
ORD105006,CUST101260,TXN105006,DEV200685,ADDR302908,ADDR302908,2024-11-06,2024-11-16,11,2,2,5795.57,1352.56,0.1667,0.1667,526.87,676.28,0,5,1,1,11,2,3,2,3,7,3,6,0,535.04,1,Fashion,Wallet,Mobile App,Size issue,Mass Market,1233,10,7,3,1,serial_return_abuse
ORD105023,CUST101264,TXN105023,DEV201193,ADDR302901,ADDR302901,2024-06-08,2024-06-18,4,1,0,4265.05,0.0,0.2,0.0,1066.26,0.0,1,3,1,0,2,3,3,3,1,1,0,0,0,643.98,1,Fashion,EMI,Mobile App,Quality issue,High Value,1529,10,8,2,0,none
ORD105026,CUST101264,TXN105026,DEV201193,ADDR302901,ADDR302901,2024-06-27,2024-06-30,5,2,1,4909.03,495.82,0.3333,0.1667,981.81,495.82,0,4,2,1,14,3,3,3,2,2,1,1,0,1394.74,1,Fashion,UPI,Mobile App,Quality issue,High Value,1529,3,1,2,0,none
ORD105027,CUST101264,TXN105027,DEV201193,ADDR302901,ADDR302901,2024-07-10,2024-07-16,6,3,2,6303.77,1890.56,0.4286,0.2857,1050.63,945.28,0,2,3,2,19,3,3,3,3,3,2,2,0,1087.54,1,Footwear,Credit Card,Website,Size issue,High Value,1529,6,3,3,1,policy_exploitation
ORD105028,CUST101264,TXN105028,DEV201193,ADDR302901,ADDR302901,2024-07-19,2024-07-22,7,4,3,7391.31,2848.1,0.5,0.375,1055.9,949.37,0,2,2,2,12,3,3,3,4,4,3,3,0,1254.87,1,Fashion,UPI,Website,Product not as described,High Value,1529,3,1,2,0,none
ORD105046,CUST101269,TXN105046,DEV200970,ADDR300480,ADDR300480,2024-11-05,2024-11-17,10,1,0,4950.11,0.0,0.0909,0.0,495.01,0.0,0,1,0,0,30,2,11,10,1,17,0,9,0,886.98,2,Fashion,Debit Card,Website,Quality issue,Budget,786,12,11,1,0,none
ORD105052,CUST101270,TXN105052,DEV200537,ADDR301469,ADDR301469,2024-05-06,2024-05-12,3,0,0,1084.95,0.0,0.0,0.0,361.65,0.0,0,0,0,0,66,2,1,1,0,0,0,0,0,181.11,2,Accessories,Credit Card,Mobile App,Quality issue,Budget,618,6,2,4,0,none
ORD105057,CUST101271,TXN105057,DEV201853,ADDR300419,ADDR300419,2024-01-29,2024-02-04,0,0,0,0.0,0.0,0.0,0.0,0.0,0.0,0,0,0,0,999,1,1,1,0,0,0,0,0,73.82,1,Grocery,Credit Card,Website,Damaged product,Budget,1358,6,5,1,0,none
ORD105058,CUST101271,TXN105058,DEV201853,ADDR300419,ADDR300419,2024-02-28,2024-03-01,1,1,1,73.82,45.32,0.5,0.5,73.82,45.32,0,0,1,1,32,1,1,1,1,1,1,1,0,284.94,1,Home,Credit Card,Marketplace,Quality issue,Budget,1358,2,0,2,0,none
ORD105066,CUST101274,TXN105066,DEV203028,ADDR302301,ADDR302301,2024-12-22,2024-12-23,0,0,0,0.0,0.0,0.0,0.0,0.0,0.0,0,0,0,0,999,1,1,2,0,0,0,0,0,1818.36,2,Accessories,UPI,Website,Damaged product,Mass Market,192,1,0,1,0,none
ORD105073,CUST101275,TXN105073,DEV200918,ADDR303040,ADDR303040,2024-11-03,2024-11-05,6,0,0,2106.54,0.0,0.0,0.0,351.09,0.0,0,1,0,0,10,2,1,1,0,0,0,0,0,1334.15,1,Fashion,EMI,Marketplace,Size issue,Budget,485,2,0,2,0,none
ORD105117,CUST101285,TXN105117,DEV201562,ADDR301587,ADDR301587,2024-11-30,2024-12-07,11,0,0,8349.23,0.0,0.0,0.0,759.02,0.0,0,4,0,0,11,4,2,3,1,0,1,0,0,530.26,1,Fashion,Credit Card,Marketplace,Changed mind,Budget,1410,7,3,4,1,refund_abuse
ORD105120,CUST101287,TXN105120,DEV202272,ADDR300767,ADDR300767,2024-11-22,2024-12-03,0,0,0,0.0,0.0,0.0,0.0,0.0,0.0,0,0,0,0,999,1,2,3,0,2,0,2,0,2243.5,1,Electronics,UPI,Website,Quality issue,High Value,339,11,9,2,0,none
ORD105122,CUST101288,TXN105122,DEV202167,ADDR301029,ADDR301029,2024-06-13,2024-06-14,1,0,0,4142.49,0.0,0.0,0.0,4142.49,0.0,0,1,0,0,18,7,8,8,2,2,2,2,0,100.0,1,Accessories,Debit Card,Mobile App,Changed mind,Mass Market,1359,1,0,1,1,account_multiplication
ORD105125,CUST101288,TXN105125,DEV202167,ADDR301029,ADDR301780,2024-08-08,2024-08-10,4,1,1,5413.79,93.12,0.2,0.2,1353.45,93.12,0,0,0,0,49,8,9,5,3,3,3,3,1,380.7,1,Fashion,Net Banking,Mobile App,Size issue,Mass Market,1359,2,0,2,0,none
ORD105142,CUST101296,TXN105142,DEV200487,ADDR301814,ADDR301814,2024-01-15,2024-01-20,0,0,0,0.0,0.0,0.0,0.0,0.0,0.0,0,0,0,0,999,1,2,2,0,0,0,0,0,1305.49,1,Fashion,UPI,Mobile App,Changed mind,Mass Market,489,5,4,1,0,none
ORD105167,CUST101305,TXN105167,DEV200792,ADDR301204,ADDR301204,2024-02-05,2024-02-08,2,0,0,3130.65,0.0,0.0,0.0,1565.32,0.0,0,2,0,0,23,2,2,2,0,0,0,0,0,4192.08,2,Electronics,Wallet,Mobile App,Damaged product,Mass Market,733,3,2,1,1,serial_return_abuse
ORD105169,CUST101305,TXN105169,DEV200792,ADDR301204,ADDR301204,2024-03-26,2024-03-28,4,1,1,8377.97,3641.99,0.2,0.2,2094.49,3641.99,0,0,0,0,40,2,2,2,1,1,1,1,0,384.52,1,Home,Debit Card,Website,Late delivery,Mass Market,733,2,0,2,0,none
ORD105170,CUST101305,TXN105170,DEV200792,ADDR301204,ADDR301204,2024-04-14,2024-04-20,5,2,2,8762.49,4026.39,0.3333,0.3333,1752.5,2013.2,0,1,1,1,25,2,2,2,2,3,2,2,0,505.7,1,Beauty,Credit Card,Marketplace,Changed mind,Mass Market,733,6,4,2,0,none
ORD105174,CUST101305,TXN105174,DEV200792,ADDR301204,ADDR301204,2024-08-13,2024-08-15,9,3,3,10251.65,4451.91,0.3,0.3,1139.07,1483.97,1,2,0,0,2,2,2,2,3,5,3,4,0,1108.32,1,Fashion,Debit Card,Mobile App,Changed mind,Mass Market,733,2,0,2,1,serial_return_abuse
ORD105180,CUST101305,TXN105180,DEV200792,ADDR301204,ADDR301204,2024-12-01,2024-12-04,15,5,4,22288.15,5476.08,0.3125,0.25,1485.88,1369.02,1,2,0,0,5,2,2,2,5,8,4,5,0,851.04,1,Fashion,Debit Card,Website,Wrong product,Mass Market,733,3,2,1,1,serial_return_abuse
ORD105181,CUST101305,TXN105181,DEV200792,ADDR301204,ADDR301204,2024-12-27,2024-12-31,16,7,5,23139.19,6201.23,0.4118,0.2941,1446.2,1240.25,0,1,2,1,30,2,2,2,7,10,5,6,0,619.24,1,Fashion,UPI,Mobile App,Size issue,Mass Market,733,4,0,4,0,none
ORD105183,CUST101307,TXN105183,DEV203056,ADDR300573,ADDR300573,2024-03-31,2024-04-04,0,0,0,0.0,0.0,0.0,0.0,0.0,0.0,0,0,0,0,999,1,7,7,0,1,0,1,0,280.56,1,Home,UPI,Marketplace,Damaged product,Budget,1455,4,3,1,0,none
ORD105187,CUST101308,TXN105187,DEV202796,ADDR300305,ADDR300305,2024-05-04,2024-05-09,1,0,0,338.69,0.0,0.0,0.0,338.69,0.0,0,0,0,0,127,2,1,1,0,0,0,0,0,1512.52,1,Electronics,Credit Card,Mobile App,Quality issue,Mass Market,1438,5,3,2,0,none
ORD105209,CUST101317,TXN105209,DEV201143,ADDR302279,ADDR302279,2024-10-13,2024-10-28,0,0,0,0.0,0.0,0.0,0.0,0.0,0.0,0,0,0,0,999,1,1,1,0,0,0,0,0,595.4,2,Beauty,Credit Card,Mobile App,Product not as described,Budget,888,15,12,3,0,none
ORD105211,CUST101319,TXN105211,DEV201013,ADDR300599,ADDR300599,2024-02-10,2024-02-17,0,0,0,0.0,0.0,0.0,0.0,0.0,0.0,0,0,0,0,999,1,1,1,0,0,0,0,0,306.81,1,Home,Credit Card,Marketplace,Product not as described,Mass Market,65,7,4,3,0,none
ORD105218,CUST101320,TXN105218,DEV200659,ADDR302392,ADDR302392,2024-06-07,2024-06-08,3,0,0,367.19,0.0,0.0,0.0,122.4,0.0,0,1,0,0,11,1,3,3,0,0,0,0,0,1117.73,2,Electronics,Debit Card,Website,Product not as described,Budget,1218,1,0,1,0,none
ORD105229,CUST101320,TXN105229,DEV200659,ADDR302392,ADDR302392,2024-12-26,2024-12-30,15,2,1,9413.93,1067.11,0.125,0.0625,627.6,1067.11,3,8,0,0,3,2,3,3,3,3,2,2,0,162.24,1,Home,Credit Card,Mobile App,Changed mind,Budget,1218,4,3,1,1,refund_abuse
ORD105244,CUST101323,TXN105244,DEV202971,ADDR301910,ADDR301910,2024-01-04,2024-01-07,0,0,0,0.0,0.0,0.0,0.0,0.0,0.0,0,0,0,0,999,1,1,1,0,0,0,0,0,4093.65,3,Electronics,UPI,Website,Product not as described,Mass Market,115,3,2,1,0,none
ORD105254,CUST101323,TXN105254,DEV202971,ADDR301910,ADDR301910,2024-11-02,2024-11-11,11,2,1,13193.48,3157.19,0.1667,0.0833,1199.41,3157.19,1,2,0,0,6,1,1,1,2,2,1,1,0,1484.09,1,Electronics,Credit Card,Social Commerce,Late delivery,Mass Market,115,9,7,2,0,none
ORD105257,CUST101324,TXN105257,DEV200876,ADDR300634,ADDR300634,2024-01-20,2024-02-04,1,0,0,1293.9,0.0,0.0,0.0,1293.9,0.0,1,1,0,0,1,1,1,1,0,0,0,0,0,400.0,1,Footwear,UPI,Marketplace,Size issue,Mass Market,1552,15,13,2,1,serial_return_abuse
ORD105261,CUST101324,TXN105261,DEV200876,ADDR300634,ADDR300634,2024-10-08,2024-10-11,4,2,1,3061.87,400.0,0.4,0.2,765.47,400.0,0,0,0,0,178,2,1,1,2,2,2,1,0,1585.3,2,Electronics,Debit Card,Website,Damaged product,Mass Market,1552,3,2,1,1,serial_return_abuse
ORD105266,CUST101324,TXN105266,DEV202906,ADDR300634,ADDR300634,2024-10-29,2024-11-01,10,3,2,7538.09,1865.55,0.2727,0.1818,753.81,932.78,5,6,1,1,1,2,1,1,1,3,0,2,0,846.38,1,Footwear,UPI,Website,Size issue,Mass Market,1552,3,2,1,1,serial_return_abuse
ORD105278,CUST101328,TXN105278,DEV200208,ADDR303168,ADDR303168,2024-01-27,2024-02-08,0,0,0,0.0,0.0,0.0,0.0,0.0,0.0,0,0,0,0,999,1,1,1,0,0,0,0,0,1214.55,1,Fashion,Debit Card,Marketplace,Changed mind,Mass Market,602,12,8,4,0,none
ORD105280,CUST101328,TXN105280,DEV200208,ADDR303168,ADDR303168,2024-11-25,2024-12-04,2,1,1,1514.55,972.28,0.3333,0.3333,757.28,972.28,0,1,0,0,21,1,4,4,1,2,1,2,0,1982.98,2,Electronics,Credit Card,Mobile App,Quality issue,Mass Market,602,9,6,3,0,none
ORD105284,CUST101330,TXN105284,DEV202711,ADDR301233,ADDR301233,2024-04-18,2024-04-23,1,0,0,225.31,0.0,0.0,0.0,225.31,0.0,0,1,0,0,12,2,1,1,0,0,0,0,0,1277.12,2,Sports,Debit Card,Mobile App,Duplicate order,Mass Market,1099,5,3,2,0,none
ORD105286,CUST101330,TXN105286,DEV202711,ADDR301233,ADDR301233,2024-06-12,2024-06-17,3,1,1,1552.43,1081.89,0.25,0.25,517.48,1081.89,0,1,0,0,10,2,1,1,1,1,1,1,0,390.82,1,Beauty,Credit Card,Mobile App,Changed mind,Mass Market,1099,5,3,2,0,none
ORD105289,CUST101332,TXN105289,DEV202253,ADDR301466,ADDR301466,2024-01-31,2024-02-09,0,0,0,0.0,0.0,0.0,0.0,0.0,0.0,0,0,0,0,999,2,1,1,0,0,0,0,0,991.47,1,Fashion,Net Banking,Marketplace,Size issue,Budget,448,9,6,3,1,serial_return_abuse
ORD105292,CUST101332,TXN105292,DEV202253,ADDR301466,ADDR301466,2024-06-02,2024-06-06,3,1,1,1658.76,991.47,0.25,0.25,552.92,991.47,0,0,0,0,52,2,1,1,1,1,1,1,0,774.85,1,Electronics,Wallet,Mobile App,Damaged product,Budget,448,4,0,4,0,none
ORD105297,CUST101332,TXN105297,DEV202253,ADDR301466,ADDR301466,2024-10-09,2024-10-13,9,2,2,10304.29,1657.4,0.2,0.2,1144.92,828.7,1,2,0,0,2,3,1,1,2,2,2,2,0,518.01,1,Fashion,UPI,Website,Changed mind,Budget,448,4,2,2,1,serial_return_abuse
ORD105299,CUST101332,TXN105299,DEV202253,ADDR301466,ADDR301466,2024-10-19,2024-10-23,10,3,3,10822.3,2129.03,0.2727,0.2727,1082.23,709.68,0,2,1,1,12,3,1,1,3,3,3,3,0,497.12,1,Beauty,Debit Card,Website,Product not as described,Budget,448,4,2,2,1,serial_return_abuse
ORD105300,CUST101332,TXN105300,DEV202253,ADDR301466,ADDR301466,2024-10-31,2024-11-02,11,4,4,11319.42,2626.15,0.3333,0.3333,1029.04,656.54,0,3,2,2,14,3,1,1,4,4,4,4,0,486.72,2,Fashion,UPI,Website,Changed mind,Budget,448,2,1,1,1,serial_return_abuse
ORD105301,CUST101332,TXN105301,DEV202253,ADDR301466,ADDR301466,2024-11-28,2024-12-03,12,5,5,11806.14,3025.41,0.3846,0.3846,983.84,605.08,0,0,0,1,33,3,1,1,5,5,5,5,0,692.05,1,Sports,Credit Card,Website,Changed mind,Budget,448,5,3,2,1,serial_return_abuse
ORD105306,CUST101334,TXN105306,DEV200013,ADDR302957,ADDR301107,2024-10-21,2024-10-27,3,0,0,2638.85,0.0,0.0,0.0,879.62,0.0,0,0,0,0,125,10,10,2,2,2,2,2,1,1100.97,2,Fashion,Credit Card,Mobile App,Damaged product,Budget,959,6,3,3,1,account_multiplication
ORD105315,CUST101338,TXN105315,DEV202132,ADDR300279,ADDR300279,2024-01-04,2024-01-10,0,0,0,0.0,0.0,0.0,0.0,0.0,0.0,0,0,0,0,999,1,1,1,0,0,0,0,0,3153.74,2,Footwear,Wallet,Website,Changed mind,Premium,1441,6,2,4,0,none
ORD105325,CUST101340,TXN105325,DEV200449,ADDR300626,ADDR300626,2024-02-02,2024-02-06,0,0,0,0.0,0.0,0.0,0.0,0.0,0.0,0,0,0,0,999,1,1,1,0,0,0,0,0,43.38,1,Grocery,UPI,Website,Late delivery,Budget,1357,4,0,4,1,account_multiplication
ORD105326,CUST101341,TXN105326,DEV201703,ADDR302224,ADDR302224,2024-04-03,2024-04-09,0,0,0,0.0,0.0,0.0,0.0,0.0,0.0,0,0,0,0,999,1,1,1,0,0,0,0,0,150.0,1,Beauty,Credit Card,Website,Product not as described,Mass Market,1144,6,3,3,0,none
ORD105329,CUST101341,TXN105329,DEV201703,ADDR302224,ADDR300713,2024-11-06,2024-11-11,3,1,1,899.84,111.39,0.25,0.25,299.95,111.39,0,1,0,0,23,2,1,1,1,1,1,1,1,707.18,2,Home,Net Banking,Website,Duplicate order,Mass Market,1144,5,1,4,0,none
ORD105330,CUST101342,TXN105330,DEV202199,ADDR301652,ADDR301652,2024-04-02,2024-04-08,0,0,0,0.0,0.0,0.0,0.0,0.0,0.0,0,0,0,0,999,3,1,1,0,0,0,0,0,1495.07,2,Footwear,Credit Card,Website,Changed mind,Budget,393,6,3,3,0,none
ORD105336,CUST101342,TXN105336,DEV202199,ADDR301652,ADDR301652,2024-12-19,2024-12-27,7,1,1,4957.45,1495.07,0.125,0.125,708.21,1495.07,1,1,0,0,5,3,2,3,1,1,1,1,0,1906.93,1,Electronics,UPI,Website,Quality issue,Budget,393,8,7,1,0,none
ORD105337,CUST101342,TXN105337,DEV202199,ADDR301652,ADDR301652,2024-12-22,2024-12-28,7,2,1,6505.72,1495.07,0.25,0.125,929.39,1495.07,0,1,1,0,9,3,2,3,2,2,1,1,0,358.66,1,Fashion,Debit Card,Mobile App,Size issue,Budget,393,6,4,2,1,policy_exploitation
ORD105338,CUST101343,TXN105338,DEV200376,ADDR301431,ADDR301203,2024-05-16,2024-05-20,0,0,0,0.0,0.0,0.0,0.0,0.0,0.0,0,0,0,0,999,3,1,2,2,0,2,0,1,737.05,2,Fashion,Credit Card,Social Commerce,Wrong product,Premium,1218,4,0,4,0,none
ORD105349,CUST101348,TXN105349,DEV201202,ADDR300894,ADDR300894,2024-02-21,2024-02-29,1,0,0,1024.37,0.0,0.0,0.0,1024.37,0.0,0,0,0,0,54,3,1,1,0,0,0,0,0,283.04,1,Beauty,Wallet,Marketplace,Late delivery,Budget,869,8,4,4,0,none
ORD105356,CUST101350,TXN105356,DEV203082,ADDR302532,ADDR302532,2024-07-31,2024-08-06,4,1,0,1808.02,0.0,0.2,0.0,452.0,0.0,0,0,0,0,59,3,4,4,1,1,0,0,0,907.4,1,Fashion,Net Banking,Website,Changed mind,Mass Market,777,6,2,4,0,none
ORD105362,CUST101350,TXN105362,DEV203082,ADDR302532,ADDR302532,2024-10-16,2024-11-01,10,2,1,4863.54,901.04,0.1818,0.0909,486.35,901.04,0,1,0,0,22,3,4,4,2,2,1,1,0,944.96,2,Fashion,Debit Card,Social Commerce,Other,Mass Market,777,16,12,4,1,policy_exploitation
ORD105367,CUST101353,TXN105367,DEV202659,ADDR300036,ADDR300036,2024-04-21,2024-04-29,1,0,0,1985.86,0.0,0.0,0.0,1985.86,0.0,0,1,0,0,14,3,1,1,0,0,0,0,0,392.19,1,Sports,Wallet,Website,Size issue,Budget,1158,8,6,2,0,none
ORD105383,CUST101358,TXN105383,DEV202513,ADDR302544,ADDR302544,2024-07-20,2024-07-27,0,0,0,0.0,0.0,0.0,0.0,0.0,0.0,0,0,0,0,999,3,1,2,1,0,1,0,0,305.02,1,Home,UPI,Marketplace,Wrong product,Budget,1239,7,6,1,0,none
ORD105390,CUST101359,TXN105390,DEV201013,ADDR301928,ADDR301928,2024-12-11,2024-12-13,6,0,0,8189.06,0.0,0.0,0.0,1364.84,0.0,0,0,0,0,68,4,6,6,2,5,1,5,0,300.0,2,Beauty,Debit Card,Mobile App,Quality issue,Mass Market,238,2,1,1,0,none
ORD105392,CUST101361,TXN105392,DEV201794,ADDR301314,ADDR301314,2024-03-21,2024-04-01,0,0,0,0.0,0.0,0.0,0.0,0.0,0.0,0,0,0,0,999,4,2,2,0,0,0,0,0,689.96,1,Electronics,Net Banking,Marketplace,Product not as described,Mass Market,1493,11,8,3,0,none
ORD105394,CUST101361,TXN105394,DEV202795,ADDR301314,ADDR301314,2024-05-24,2024-06-04,2,1,1,961.69,441.42,0.3333,0.3333,480.84,441.42,0,0,0,0,45,1,2,2,0,1,0,1,0,3005.73,1,Electronics,UPI,Website,Damaged product,Mass Market,1493,11,9,2,0,none
ORD105396,CUST101361,TXN105396,DEV202795,ADDR301314,ADDR301314,2024-07-12,2024-07-24,4,2,2,4636.38,3078.41,0.4,0.4,1159.1,1539.2,0,1,0,0,23,2,2,2,1,3,1,3,0,435.08,1,Footwear,Credit Card,Website,Size issue,Mass Market,1493,12,10,2,0,none
ORD105407,CUST101362,TXN105407,DEV200299,ADDR300012,ADDR300012,2024-10-08,2024-10-18,4,0,0,4123.86,0.0,0.0,0.0,1030.96,0.0,0,1,0,0,20,2,3,4,1,2,1,2,0,400.01,1,Footwear,UPI,Mobile App,Changed mind,Budget,308,10,6,4,1,serial_return_abuse
ORD105409,CUST101362,TXN105409,DEV200299,ADDR300012,ADDR300012,2024-11-13,2024-11-15,6,1,1,5010.59,314.68,0.1429,0.1429,835.1,314.68,0,1,1,1,9,2,3,4,2,3,2,3,0,384.82,1,Home,UPI,Marketplace,Changed mind,Budget,308,2,1,1,0,none
ORD105430,CUST101369,TXN105430,DEV201535,ADDR302106,ADDR302106,2024-04-20,2024-04-29,0,0,0,0.0,0.0,0.0,0.0,0.0,0.0,0,0,0,0,999,1,1,1,0,0,0,0,0,1822.04,3,Fashion,UPI,Website,Size issue,High Value,931,9,5,4,0,none
ORD105433,CUST101370,TXN105433,DEV202083,ADDR301825,ADDR301825,2024-03-19,2024-03-25,0,0,0,0.0,0.0,0.0,0.0,0.0,0.0,0,0,0,0,999,1,1,1,0,0,0,0,0,532.97,1,Home,Debit Card,Website,Quality issue,Mass Market,1388,6,5,1,0,none
ORD105436,CUST101373,TXN105436,DEV201352,ADDR300994,ADDR300994,2024-11-04,2024-11-09,0,0,0,0.0,0.0,0.0,0.0,0.0,0.0,0,0,0,0,999,3,3,3,3,3,3,3,0,315.9,1,Beauty,Credit Card,Marketplace,Changed mind,Premium,608,5,4,1,0,none
ORD105443,CUST101374,TXN105443,DEV201214,ADDR302668,ADDR302668,2024-11-21,2024-11-26,6,0,0,3527.04,0.0,0.0,0.0,587.84,0.0,0,0,0,0,35,1,1,2,0,0,0,0,0,521.75,1,Fashion,UPI,Marketplace,Changed mind,Premium,351,5,4,1,0,none
ORD105462,CUST101380,TXN105462,DEV203178,ADDR302210,ADDR302210,2024-01-03,2024-01-06,0,0,0,0.0,0.0,0.0,0.0,0.0,0.0,0,0,0,0,999,2,1,1,0,0,0,0,0,387.31,1,Fashion,Credit Card,Mobile App,Other,Budget,872,3,1,2,0,none
ORD105463,CUST101380,TXN105463,DEV203178,ADDR302210,ADDR302210,2024-08-21,2024-08-25,1,1,1,387.31,301.93,0.5,0.5,387.31,301.93,0,0,0,0,235,4,3,3,2,1,2,1,0,121.68,1,Beauty,UPI,Mobile App,Wrong product,Budget,872,4,1,3,0,none
ORD105465,CUST101380,TXN105465,DEV203178,ADDR302210,ADDR302210,2024-10-23,2024-10-29,3,2,2,904.34,396.33,0.5,0.5,301.45,198.17,0,1,0,0,24,4,3,3,3,2,3,2,0,97.51,1,Grocery,UPI,Social Commerce,Product not as described,Budget,872,6,5,1,0,none
ORD105470,CUST101381,TXN105470,DEV203167,ADDR302203,ADDR302203,2024-04-27,2024-05-01,1,0,0,45.44,0.0,0.0,0.0,45.44,0.0,0,0,0,0,52,1,1,1,0,0,0,0,0,819.14,1,Fashion,EMI,Social Commerce,Size issue,Budget,1044,4,0,4,1,refund_abuse
ORD105492,CUST101385,TXN105492,DEV202342,ADDR302291,ADDR302291,2024-07-23,2024-07-30,4,1,0,3721.14,0.0,0.2,0.0,930.28,0.0,0,0,0,0,72,1,4,4,1,3,0,2,0,381.04,1,Home,Net Banking,Mobile App,Damaged product,Mass Market,1108,7,5,2,0,none
ORD105495,CUST101385,TXN105495,DEV202342,ADDR302291,ADDR302291,2024-11-09,2024-11-22,7,2,1,5722.8,261.77,0.25,0.125,817.54,261.77,0,1,0,0,26,1,4,4,2,5,1,3,0,440.54,1,Fashion,UPI,Marketplace,Size issue,Mass Market,1108,13,11,2,0,none
ORD105501,CUST101387,TXN105501,DEV202578,ADDR303168,ADDR303168,2024-11-19,2024-11-22,4,0,0,11359.5,0.0,0.0,0.0,2839.88,0.0,0,2,0,0,10,1,4,4,0,1,0,1,0,270.64,1,Beauty,Credit Card,Marketplace,Damaged product,Premium,154,3,2,1,0,none
ORD105528,CUST101392,TXN105528,DEV202050,ADDR303120,ADDR303120,2024-10-22,2024-11-05,0,0,0,0.0,0.0,0.0,0.0,0.0,0.0,0,0,0,0,999,6,6,6,7,7,3,3,0,993.47,1,Fashion,UPI,Website,Damaged product,Mass Market,359,14,12,2,1,coordinated_device_abuse
ORD105533,CUST101396,TXN105533,DEV201571,ADDR301713,ADDR301713,2024-02-27,2024-03-02,1,0,0,370.13,0.0,0.0,0.0,370.13,0.0,0,0,0,0,56,1,1,1,0,0,0,0,0,693.81,1,Accessories,Debit Card,Marketplace,Damaged product,Premium,209,4,0,4,0,none
ORD105547,CUST101399,TXN105547,DEV202423,ADDR301127,ADDR301127,2024-07-23,2024-07-27,3,1,0,2520.42,0.0,0.25,0.0,840.14,0.0,0,0,0,0,106,4,4,4,2,2,0,0,0,5591.85,2,Sports,Credit Card,Mobile App,Quality issue,Premium,779,4,2,2,0,none
ORD105562,CUST101400,TXN105562,DEV201880,ADDR302936,ADDR302936,2024-10-04,2024-10-07,11,1,0,6351.1,0.0,0.0833,0.0,577.37,0.0,0,2,0,0,15,2,2,2,0,1,0,0,0,419.2,1,Fashion,Debit Card,Mobile App,Size issue,Budget,564,3,1,2,0,none
ORD105567,CUST101400,TXN105567,DEV201880,ADDR302936,ADDR302936,2024-11-06,2024-11-15,18,2,1,10449.54,346.52,0.1053,0.0526,580.53,346.52,2,5,0,0,2,2,2,2,1,2,1,1,0,895.12,1,Fashion,Credit Card,Mobile App,Wrong product,Budget,564,9,6,3,0,none
ORD105568,CUST101400,TXN105568,DEV201880,ADDR302936,ADDR302936,2024-11-12,2024-11-22,19,3,2,11686.28,1045.62,0.15,0.1,615.07,522.81,1,5,1,1,4,2,2,2,2,3,2,2,0,81.12,1,Accessories,Net Banking,Mobile App,Changed mind,Budget,564,10,8,2,0,none
ORD105582,CUST101405,TXN105582,DEV200288,ADDR302355,ADDR302355,2024-12-23,2024-12-29,4,0,0,3296.95,0.0,0.0,0.0,824.24,0.0,0,1,0,0,8,2,1,1,0,0,0,0,0,1011.56,1,Fashion,Credit Card,Mobile App,Changed mind,Premium,143,6,4,2,0,none
ORD105593,CUST101411,TXN105593,DEV203129,ADDR302208,ADDR302208,2024-12-22,2024-12-29,5,0,0,4423.11,0.0,0.0,0.0,884.62,0.0,1,1,0,0,7,2,9,9,0,6,0,2,0,2037.03,2,Fashion,UPI,Social Commerce,Changed mind,Premium,649,7,5,2,0,none
ORD105604,CUST101415,TXN105604,DEV201595,ADDR302757,ADDR302757,2024-09-01,2024-09-05,6,0,0,4499.97,0.0,0.0,0.0,750.0,0.0,0,1,0,0,27,2,2,2,0,0,0,0,0,486.72,2,Fashion,UPI,Social Commerce,Changed mind,Budget,469,4,0,4,0,none
ORD105618,CUST101419,TXN105618,DEV200024,ADDR302627,ADDR303145,2024-03-10,2024-03-11,2,0,0,2294.39,0.0,0.0,0.0,1147.2,0.0,1,1,0,0,2,1,1,1,0,0,0,0,1,953.36,1,Beauty,Debit Card,Mobile App,Product not as described,Mass Market,1000,1,0,1,0,none
ORD105623,CUST101419,TXN105623,DEV200024,ADDR302627,ADDR302627,2024-09-15,2024-09-18,7,2,1,5867.07,731.39,0.25,0.125,838.15,731.39,0,0,0,0,70,1,3,3,2,7,1,4,0,835.56,2,Fashion,Debit Card,Mobile App,Damaged product,Mass Market,1000,3,1,2,0,none
ORD105629,CUST101421,TXN105629,DEV200259,ADDR303096,ADDR303096,2024-01-03,2024-01-09,1,0,0,181.78,0.0,0.0,0.0,181.78,0.0,1,1,0,0,7,1,1,1,0,0,0,0,0,336.52,1,Fashion,Debit Card,Mobile App,Damaged product,Budget,518,6,3,3,1,serial_return_abuse
ORD105634,CUST101421,TXN105634,DEV200259,ADDR303096,ADDR303096,2024-04-12,2024-04-26,8,2,1,9554.33,267.9,0.2222,0.1111,1194.29,267.9,1,3,1,0,7,1,1,1,2,2,1,1,0,1228.35,2,Fashion,UPI,Mobile App,Product not as described,Budget,518,14,12,2,1,serial_return_abuse
ORD105635,CUST101421,TXN105635,DEV200259,ADDR303096,ADDR303096,2024-04-16,2024-04-24,8,1,1,10324.44,267.9,0.1111,0.1111,1290.56,267.9,1,3,0,0,5,1,1,1,1,1,1,1,0,458.24,1,Fashion,UPI,Mobile App,Damaged product,Budget,518,8,7,1,0,none
ORD105639,CUST101421,TXN105639,DEV200259,ADDR303096,ADDR303096,2024-06-16,2024-06-22,11,3,2,11286.91,606.61,0.25,0.1667,1026.08,303.3,0,2,0,0,21,1,1,1,3,3,2,2,0,1195.07,3,Footwear,EMI,Mobile App,Size issue,Budget,518,6,2,4,1,serial_return_abuse
ORD105648,CUST101421,TXN105648,DEV200259,ADDR303096,ADDR303096,2024-10-29,2024-11-01,20,5,3,17538.85,1734.88,0.2381,0.1429,876.94,578.29,0,4,0,0,9,1,1,1,5,5,3,3,0,811.65,2,Footwear,Credit Card,Mobile App,Product not as described,Budget,518,3,2,1,1,serial_return_abuse
ORD105650,CUST101421,TXN105650,DEV200259,ADDR303096,ADDR303096,2024-11-05,2024-11-13,24,6,4,19488.38,2512.42,0.24,0.16,812.02,628.1,2,5,1,1,1,1,1,1,6,6,4,4,0,187.0,1,Accessories,Credit Card,Marketplace,Wrong product,Budget,518,8,4,4,0,none
ORD105653,CUST101422,TXN105653,DEV200994,ADDR302291,ADDR302291,2024-07-03,2024-07-13,0,0,0,0.0,0.0,0.0,0.0,0.0,0.0,0,0,0,0,999,1,4,4,0,2,0,1,0,1752.63,3,Footwear,Credit Card,Website,Size issue,Budget,946,10,7,3,0,none
ORD105664,CUST101425,TXN105664,DEV201713,ADDR302384,ADDR302384,2024-09-29,2024-10-03,5,0,0,2044.89,0.0,0.0,0.0,408.98,0.0,0,1,0,0,18,1,2,2,0,0,0,0,0,510.71,1,Fashion,UPI,Mobile App,Duplicate order,Mass Market,1394,4,3,1,0,none
ORD105666,CUST101425,TXN105666,DEV201713,ADDR302384,ADDR302384,2024-10-22,2024-11-02,8,1,1,3833.48,440.14,0.1111,0.1111,479.18,440.14,1,2,1,1,6,1,3,3,1,1,1,1,0,475.56,1,Footwear,Net Banking,Mobile App,Size issue,Mass Market,1394,11,8,3,1,serial_return_abuse
ORD105669,CUST101426,TXN105669,DEV201537,ADDR301845,ADDR300023,2024-11-16,2024-11-17,0,0,0,0.0,0.0,0.0,0.0,0.0,0.0,0,0,0,0,999,2,5,3,0,3,0,1,1,377.04,1,Grocery,UPI,Mobile App,Wrong product,Premium,69,1,0,1,0,none
ORD105675,CUST101427,TXN105675,DEV203055,ADDR302398,ADDR302398,2024-07-27,2024-08-06,5,0,0,1292.56,0.0,0.0,0.0,258.51,0.0,0,0,0,0,62,1,1,1,0,0,0,0,0,598.55,2,Fashion,Debit Card,Mobile App,Size issue,Budget,1554,10,6,4,0,none
ORD105679,CUST101427,TXN105679,DEV203055,ADDR302398,ADDR301885,2024-10-19,2024-10-25,11,2,1,4768.7,598.55,0.1667,0.0833,433.52,598.55,2,4,1,0,2,1,1,2,2,2,1,1,1,405.6,1,Electronics,Debit Card,Mobile App,Changed mind,Budget,1554,6,2,4,0,none
ORD105683,CUST101427,TXN105683,DEV203055,ADDR302398,ADDR302398,2024-11-03,2024-11-12,13,3,2,6393.13,995.82,0.2143,0.1429,491.78,497.91,0,4,2,1,17,1,1,1,3,3,2,2,0,388.12,1,Home,Debit Card,Social Commerce,Damaged product,Budget,1554,9,5,4,0,none
ORD105693,CUST101430,TXN105693,DEV200346,ADDR301328,ADDR301328,2024-08-21,2024-08-31,5,0,0,2588.59,0.0,0.0,0.0,517.72,0.0,2,3,0,0,2,1,5,5,0,2,0,1,0,1402.8,2,Fashion,Debit Card,Marketplace,Wrong product,High Value,1077,10,9,1,0,none
ORD105696,CUST101430,TXN105696,DEV200346,ADDR301328,ADDR301328,2024-10-06,2024-10-11,6,1,1,3991.39,1176.02,0.1429,0.1429,665.23,1176.02,0,0,0,0,43,1,5,5,1,3,1,2,0,153.43,1,Grocery,Debit Card,Marketplace,Quality issue,High Value,1077,5,3,2,0,none
ORD105700,CUST101430,TXN105700,DEV200346,ADDR301328,ADDR301328,2024-11-16,2024-11-30,10,3,2,7840.08,1316.0,0.2727,0.1818,784.01,658.0,0,0,1,0,33,1,6,6,3,6,2,3,0,1465.82,1,Electronics,Debit Card,Website,Damaged product,High Value,1077,14,12,2,0,none
ORD105702,CUST101431,TXN105702,DEV202967,ADDR300323,ADDR300323,2024-01-07,2024-01-10,1,0,0,783.23,0.0,0.0,0.0,783.23,0.0,1,1,0,0,6,1,1,1,0,0,0,0,0,1699.07,2,Sports,Debit Card,Marketplace,Product not as described,Premium,543,3,1,2,0,none
ORD105716,CUST101433,TXN105716,DEV201187,ADDR302809,ADDR302809,2024-06-03,2024-06-07,2,0,0,485.65,0.0,0.0,0.0,242.82,0.0,0,0,0,0,51,1,2,2,0,0,0,0,0,1011.75,1,Fashion,Debit Card,Mobile App,Quality issue,Budget,104,4,2,2,0,none
ORD105718,CUST101433,TXN105718,DEV201187,ADDR302809,ADDR302809,2024-08-16,2024-08-28,4,1,1,3746.77,743.09,0.2,0.2,936.69,743.09,0,1,0,0,15,1,2,2,1,1,1,1,0,2056.7,3,Sports,Net Banking,Mobile App,Late delivery,Budget,104,12,9,3,0,none
ORD105729,CUST101437,TXN105729,DEV202645,ADDR300554,ADDR300554,2024-10-04,2024-10-13,0,0,0,0.0,0.0,0.0,0.0,0.0,0.0,0,0,0,0,999,3,4,4,0,0,0,0,0,889.55,1,Home,UPI,Mobile App,Product not as described,High Value,646,9,6,3,0,none
ORD105732,CUST101438,TXN105732,DEV203134,ADDR301792,ADDR301792,2024-06-27,2024-07-09,3,0,0,2819.03,0.0,0.0,0.0,939.68,0.0,0,1,0,0,11,1,2,2,0,1,0,0,0,61.42,1,Grocery,UPI,Website,Late delivery,Premium,1549,12,10,2,0,none
ORD105740,CUST101439,TXN105740,DEV201562,ADDR301618,ADDR301618,2024-05-17,2024-05-23,2,0,0,2018.54,0.0,0.0,0.0,1009.27,0.0,0,0,0,0,92,3,1,2,0,0,0,0,0,484.55,1,Accessories,EMI,Website,Damaged product,Mass Market,1490,6,4,2,0,none
ORD105752,CUST101442,TXN105752,DEV202787,ADDR301729,ADDR301729,2024-12-04,2024-12-08,0,0,0,0.0,0.0,0.0,0.0,0.0,0.0,0,0,0,0,999,6,5,6,5,4,3,2,0,213.53,1,Grocery,Debit Card,Social Commerce,Damaged product,Mass Market,882,4,2,2,1,account_multiplication
ORD105758,CUST101444,TXN105758,DEV201352,ADDR300994,ADDR300994,2024-06-23,2024-07-09,2,0,0,1554.54,0.0,0.0,0.0,777.27,0.0,0,1,0,0,17,2,2,2,0,0,0,0,0,736.73,1,Fashion,Debit Card,Mobile App,Changed mind,High Value,291,16,13,3,0,none
ORD105762,CUST101444,TXN105762,DEV201352,ADDR300994,ADDR300994,2024-10-02,2024-10-07,6,1,1,3939.95,630.01,0.1429,0.1429,656.66,630.01,0,1,0,0,10,2,2,2,1,1,1,1,0,2887.27,2,Footwear,UPI,Marketplace,Changed mind,High Value,291,5,2,3,0,none
ORD105763,CUST101444,TXN105763,DEV201352,ADDR300994,ADDR302446,2024-10-07,2024-10-17,7,2,2,6827.22,3517.28,0.25,0.25,975.32,1758.64,0,2,1,1,15,2,2,1,2,2,2,2,1,293.78,1,Home,Net Banking,Mobile App,Size issue,High Value,291,10,8,2,0,none
ORD105770,CUST101450,TXN105770,DEV202185,ADDR300900,ADDR300900,2024-01-28,2024-02-01,0,0,0,0.0,0.0,0.0,0.0,0.0,0.0,0,0,0,0,999,1,1,1,0,0,0,0,0,259.64,1,Grocery,UPI,Mobile App,Damaged product,Mass Market,1026,4,1,3,0,none
ORD105771,CUST101450,TXN105771,DEV202185,ADDR300900,ADDR300900,2024-02-25,2024-03-02,1,1,1,259.64,202.6,0.5,0.5,259.64,202.6,0,0,1,1,34,1,1,1,1,1,1,1,0,1459.84,1,Fashion,Wallet,Mobile App,Size issue,Mass Market,1026,6,5,1,0,none
ORD105778,CUST101451,TXN105778,DEV201405,ADDR302911,ADDR302911,2024-01-29,2024-02-02,0,0,0,0.0,0.0,0.0,0.0,0.0,0.0,0,0,0,0,999,3,4,4,0,1,0,1,0,769.84,2,Beauty,Wallet,Website,Product not as described,Mass Market,699,4,3,1,0,none
ORD105779,CUST101451,TXN105779,DEV201405,ADDR302911,ADDR302911,2024-02-06,2024-02-09,2,1,1,1487.43,687.99,0.3333,0.3333,743.72,687.99,1,2,1,1,2,3,4,4,1,2,1,2,0,588.97,1,Fashion,Credit Card,Mobile App,Quality issue,Mass Market,699,3,2,1,0,none
ORD105783,CUST101451,TXN105783,DEV201405,ADDR302911,ADDR302911,2024-04-18,2024-04-21,5,3,2,3043.14,1276.96,0.5,0.3333,608.63,638.48,0,0,0,0,60,3,6,6,3,5,2,3,0,1898.88,3,Fashion,UPI,Marketplace,Late delivery,Mass Market,699,3,2,1,0,none
ORD105801,CUST101454,TXN105801,DEV200558,ADDR303058,ADDR303058,2024-02-07,2024-02-11,0,0,0,0.0,0.0,0.0,0.0,0.0,0.0,0,0,0,0,999,1,1,1,0,0,0,0,0,143.19,2,Grocery,Credit Card,Website,Wrong product,Budget,158,4,2,2,0,none
ORD105820,CUST101456,TXN105820,DEV201208,ADDR302597,ADDR302597,2024-10-11,2024-10-16,6,0,0,2119.61,0.0,0.0,0.0,353.27,0.0,0,0,0,0,31,4,1,1,2,0,1,0,0,1699.27,1,Footwear,Debit Card,Mobile App,Product not as described,Mass Market,708,5,3,2,1,serial_return_abuse
ORD105821,CUST101456,TXN105821,DEV201208,ADDR302597,ADDR302597,2024-10-17,2024-10-21,7,1,1,3818.88,1298.01,0.125,0.125,545.55,1298.01,0,1,1,1,10,4,1,1,3,1,2,1,0,902.65,1,Fashion,UPI,Marketplace,Wrong product,Mass Market,708,4,0,4,1,serial_return_abuse
ORD105831,CUST101460,TXN105831,DEV202653,ADDR301528,ADDR301528,2024-08-08,2024-08-09,3,0,0,649.81,0.0,0.0,0.0,216.6,0.0,0,0,0,0,96,1,1,1,0,0,0,0,0,1185.01,1,Fashion,UPI,Marketplace,Size issue,Mass Market,914,1,0,1,1,serial_return_abuse
ORD105834,CUST101460,TXN105834,DEV202653,ADDR301528,ADDR301528,2024-10-26,2024-10-28,7,1,1,4745.13,977.55,0.125,0.125,677.88,977.55,1,3,0,0,1,1,2,3,1,1,1,1,0,1101.05,1,Fashion,Debit Card,Website,Quality issue,Mass Market,914,2,1,1,1,serial_return_abuse
ORD105854,CUST101465,TXN105854,DEV202969,ADDR300635,ADDR300635,2024-10-20,2024-11-04,7,0,0,3953.65,0.0,0.0,0.0,564.81,0.0,0,1,0,0,30,3,3,4,0,0,0,0,0,175.29,1,Beauty,UPI,Mobile App,Duplicate order,Mass Market,1038,15,13,2,0,none
ORD105855,CUST101465,TXN105855,DEV202969,ADDR300635,ADDR300635,2024-11-05,2024-11-15,9,1,1,4730.23,146.98,0.1,0.1,525.58,146.98,1,2,1,1,4,3,3,4,1,1,1,1,0,1445.45,1,Electronics,Debit Card,Marketplace,Damaged product,Mass Market,1038,10,9,1,0,none
ORD105856,CUST101465,TXN105856,DEV202969,ADDR300635,ADDR300635,2024-11-11,2024-11-21,10,2,2,5974.39,1589.47,0.1818,0.1818,597.44,794.74,1,2,2,2,5,3,3,4,2,2,2,2,0,601.29,1,Fashion,Debit Card,Website,Changed mind,Mass Market,1038,10,6,4,0,none
ORD105869,CUST101469,TXN105869,DEV201288,ADDR302308,ADDR302308,2024-03-29,2024-04-01,1,0,0,1202.69,0.0,0.0,0.0,1202.69,0.0,0,1,0,0,18,1,4,4,0,2,0,2,0,623.58,1,Sports,Debit Card,Marketplace,Size issue,Premium,237,3,1,2,0,none
ORD105890,CUST101474,TXN105890,DEV202306,ADDR302722,ADDR302722,2024-01-25,2024-01-28,1,0,0,181.03,0.0,0.0,0.0,181.03,0.0,0,1,0,0,26,1,2,2,0,1,0,0,0,694.31,1,Fashion,Debit Card,Marketplace,Changed mind,Mass Market,810,3,0,3,1,serial_return_abuse
ORD105904,CUST101475,TXN105904,DEV203036,ADDR302973,ADDR302973,2024-02-03,2024-02-11,0,0,0,0.0,0.0,0.0,0.0,0.0,0.0,0,0,0,0,999,2,1,1,0,0,0,0,0,1213.97,2,Fashion,UPI,Mobile App,Size issue,Budget,477,8,4,4,0,none
ORD105906,CUST101475,TXN105906,DEV203036,ADDR302973,ADDR302973,2024-12-04,2024-12-08,2,1,1,3342.14,1016.03,0.3333,0.3333,1671.07,1016.03,0,0,0,0,193,2,2,2,1,3,1,3,0,286.57,1,Home,Credit Card,Social Commerce,Late delivery,Budget,477,4,3,1,0,none
ORD105918,CUST101480,TXN105918,DEV200659,ADDR300753,ADDR300753,2024-10-28,2024-10-31,2,0,0,883.03,0.0,0.0,0.0,441.52,0.0,1,2,0,0,2,2,3,3,2,1,1,1,0,2881.31,3,Fashion,Credit Card,Marketplace,Size issue,Premium,593,3,0,3,0,none
ORD105935,CUST101487,TXN105935,DEV202748,ADDR302323,ADDR302323,2024-06-20,2024-06-21,5,1,0,3734.11,0.0,0.1667,0.0,746.82,0.0,0,0,0,0,64,1,1,1,1,1,0,0,0,1042.38,1,Fashion,Debit Card,Mobile App,Size issue,High Value,778,1,0,1,0,none
ORD105943,CUST101488,TXN105943,DEV200222,ADDR303076,ADDR303076,2024-01-18,2024-01-29,0,0,0,0.0,0.0,0.0,0.0,0.0,0.0,0,0,0,0,999,1,1,1,0,0,0,0,0,1341.86,1,Electronics,Debit Card,Marketplace,Damaged product,Premium,913,11,10,1,0,none
ORD105961,CUST101492,TXN105961,DEV200299,ADDR301190,ADDR301190,2024-10-07,2024-10-15,7,0,0,4090.79,0.0,0.0,0.0,584.4,0.0,1,4,0,0,7,2,1,2,0,0,0,0,0,1062.97,3,Beauty,Net Banking,Website,Product not as described,Budget,158,8,4,4,1,refund_abuse
ORD105963,CUST101492,TXN105963,DEV200299,ADDR301190,ADDR301190,2024-11-26,2024-12-04,8,1,1,5153.76,1062.97,0.1111,0.1111,644.22,1062.97,0,0,0,0,57,2,1,2,3,1,3,1,0,1216.8,3,Electronics,Debit Card,Website,Quality issue,Budget,158,8,5,3,0,none
ORD105965,CUST101493,TXN105965,DEV202751,ADDR300275,ADDR300275,2024-04-02,2024-04-08,0,0,0,0.0,0.0,0.0,0.0,0.0,0.0,0,0,0,0,999,1,1,1,0,0,0,0,0,209.15,1,Home,UPI,Mobile App,Damaged product,Mass Market,87,6,5,1,0,none
ORD105983,CUST101498,TXN105983,DEV200525,ADDR302749,ADDR302749,2024-04-03,2024-04-05,3,0,0,3677.71,0.0,0.0,0.0,1225.9,0.0,0,1,0,0,13,1,6,6,0,2,0,1,0,440.67,1,Fashion,UPI,Mobile App,Changed mind,High Value,1124,2,1,1,1,serial_return_abuse
ORD105991,CUST101499,TXN105991,DEV202684,ADDR300960,ADDR300960,2024-02-08,2024-02-12,1,0,0,481.13,0.0,0.0,0.0,481.13,0.0,1,1,0,0,1,2,1,1,1,0,1,0,0,280.83,1,Accessories,Net Banking,Mobile App,Damaged product,Premium,933,4,2,2,0,none
ORD105995,CUST101499,TXN105995,DEV202684,ADDR300960,ADDR300960,2024-06-09,2024-06-15,7,1,1,11607.02,280.83,0.125,0.125,1658.15,280.83,3,3,0,0,1,2,1,1,2,1,2,1,0,1456.79,1,Sports,UPI,Website,Changed mind,Premium,933,6,5,1,1,refund_abuse
ORD106002,CUST101501,TXN106002,DEV202537,ADDR300285,ADDR300285,2024-02-02,2024-02-07,0,0,0,0.0,0.0,0.0,0.0,0.0,0.0,0,0,0,0,999,2,1,1,0,0,0,0,0,147.67,1,Accessories,Wallet,Website,Other,Mass Market,797,5,3,2,0,none
ORD106009,CUST101503,TXN106009,DEV203137,ADDR302316,ADDR302316,2024-07-27,2024-07-29,5,0,0,3551.19,0.0,0.0,0.0,710.24,0.0,0,0,0,0,50,1,4,4,0,1,0,1,0,452.38,1,Home,UPI,Marketplace,Quality issue,Mass Market,633,2,1,1,0,none
ORD106045,CUST101510,TXN106045,DEV202321,ADDR301492,ADDR301492,2024-09-24,2024-10-06,6,0,0,4649.95,0.0,0.0,0.0,774.99,0.0,0,0,0,0,43,1,1,1,0,0,0,0,0,325.49,1,Fashion,Wallet,Website,Product not as described,Mass Market,552,12,9,3,0,none
ORD106047,CUST101510,TXN106047,DEV202321,ADDR301492,ADDR301492,2024-12-26,2025-01-08,8,1,1,5175.44,325.49,0.1111,0.1111,646.93,325.49,0,0,0,0,93,1,1,1,1,1,1,1,0,757.37,1,Fashion,Net Banking,Mobile App,Product not as described,Mass Market,552,13,9,4,0,none
ORD106070,CUST101516,TXN106070,DEV203030,ADDR302624,ADDR302624,2024-02-24,2024-02-28,0,0,0,0.0,0.0,0.0,0.0,0.0,0.0,0,0,0,0,999,1,1,1,0,0,0,0,0,906.44,1,Fashion,Credit Card,Website,Product not as described,Budget,1150,4,3,1,0,none
ORD106071,CUST101517,TXN106071,DEV201786,ADDR301133,ADDR301133,2024-12-23,2024-12-31,0,0,0,0.0,0.0,0.0,0.0,0.0,0.0,0,0,0,0,999,1,1,1,0,0,0,0,0,1392.96,1,Fashion,Debit Card,Mobile App,Wrong product,Budget,1438,8,4,4,1,policy_exploitation
ORD106078,CUST101520,TXN106078,DEV201009,ADDR302533,ADDR302533,2024-10-21,2024-11-01,0,0,0,0.0,0.0,0.0,0.0,0.0,0.0,0,0,0,0,999,5,7,7,6,6,5,5,0,958.48,1,Footwear,Debit Card,Mobile App,Size issue,Budget,690,11,8,3,0,none
ORD106087,CUST101523,TXN106087,DEV201469,ADDR303173,ADDR303173,2024-03-06,2024-03-18,1,0,0,515.14,0.0,0.0,0.0,515.14,0.0,0,0,0,0,77,1,2,2,0,0,0,0,0,1925.09,3,Electronics,Debit Card,Mobile App,Wrong product,Budget,173,12,9,3,0,none
ORD106097,CUST101528,TXN106097,DEV201149,ADDR300573,ADDR300573,2024-02-13,2024-02-23,0,0,0,0.0,0.0,0.0,0.0,0.0,0.0,0,0,0,0,999,1,3,3,0,0,0,0,0,1866.5,2,Fashion,UPI,Social Commerce,Size issue,Budget,719,10,7,3,0,none
ORD106110,CUST101537,TXN106110,DEV200242,ADDR300816,ADDR300816,2024-02-08,2024-02-16,0,0,0,0.0,0.0,0.0,0.0,0.0,0.0,0,0,0,0,999,1,1,1,0,0,0,0,0,289.83,1,Fashion,UPI,Mobile App,Changed mind,Budget,871,8,5,3,0,none
ORD106113,CUST101537,TXN106113,DEV200242,ADDR300816,ADDR300816,2024-08-25,2024-09-04,3,1,1,1151.61,249.88,0.25,0.25,383.87,249.88,0,0,0,0,174,1,6,7,1,1,1,1,0,473.2,1,Electronics,Credit Card,Website,Damaged product,Budget,871,10,7,3,0,none
ORD106116,CUST101537,TXN106116,DEV200242,ADDR300816,ADDR300816,2024-10-13,2024-10-17,6,2,2,4649.63,692.46,0.2857,0.2857,774.94,346.23,0,2,0,0,14,1,6,7,2,2,2,2,0,1052.12,3,Footwear,UPI,Mobile App,Damaged product,Budget,871,4,2,2,0,none
ORD106120,CUST101540,TXN106120,DEV202587,ADDR300127,ADDR300127,2024-06-28,2024-07-10,1,1,0,3382.95,0.0,0.5,0.0,3382.95,0.0,0,0,0,0,139,1,1,2,1,1,0,0,0,515.77,1,Home,Credit Card,Website,Changed mind,Premium,498,12,8,4,0,none
ORD106126,CUST101541,TXN106126,DEV201350,ADDR303087,ADDR303087,2024-10-07,2024-10-19,0,0,0,0.0,0.0,0.0,0.0,0.0,0.0,0,0,0,0,999,3,3,3,0,0,0,0,0,648.44,1,Fashion,Debit Card,Mobile App,Wrong product,Mass Market,890,12,10,2,0,none
ORD106128,CUST101542,TXN106128,DEV201271,ADDR302371,ADDR302371,2024-03-20,2024-03-23,1,0,0,106.61,0.0,0.0,0.0,106.61,0.0,0,1,0,0,30,1,1,1,0,0,0,0,0,2091.13,2,Electronics,EMI,Mobile App,Quality issue,Premium,1065,3,2,1,0,none
ORD106131,CUST101542,TXN106131,DEV201271,ADDR302371,ADDR302371,2024-09-18,2024-09-22,4,2,1,3250.62,1823.08,0.4,0.2,812.66,1823.08,0,0,0,0,46,1,1,1,1,2,1,1,0,799.56,1,Fashion,Debit Card,Website,Size issue,Premium,1065,4,0,4,0,none
ORD106133,CUST101542,TXN106133,DEV202383,ADDR302371,ADDR302371,2024-11-19,2024-11-22,7,3,2,5624.58,2551.53,0.375,0.25,803.51,1275.76,1,1,0,0,2,2,1,1,2,3,1,2,0,184.26,1,Beauty,UPI,Mobile App,Product not as described,Premium,1065,3,1,2,0,none
ORD106145,CUST101546,TXN106145,DEV200150,ADDR302259,ADDR302259,2024-12-15,2024-12-27,6,0,0,6719.28,0.0,0.0,0.0,1119.88,0.0,1,3,0,0,4,1,1,1,0,0,0,0,0,1334.07,3,Sports,UPI,Website,Changed mind,Budget,1535,12,10,2,0,none
ORD106155,CUST101548,TXN106155,DEV202210,ADDR301933,ADDR301933,2024-07-30,2024-08-02,5,1,0,3528.46,0.0,0.1667,0.0,705.69,0.0,0,1,0,0,29,1,1,1,1,1,0,0,0,5637.12,2,Fashion,UPI,Mobile App,Product not as described,Mass Market,700,3,1,2,0,none
ORD106164,CUST101549,TXN106164,DEV202678,ADDR303175,ADDR303175,2024-08-02,2024-08-10,2,0,0,3634.51,0.0,0.0,0.0,1817.26,0.0,0,2,0,0,13,1,1,1,0,0,0,0,0,1587.3,1,Fashion,Debit Card,Mobile App,Wrong product,Budget,698,8,5,3,0,none
ORD106173,CUST101552,TXN106173,DEV203162,ADDR302415,ADDR302415,2024-02-18,2024-02-24,5,0,0,6298.71,0.0,0.0,0.0,1259.74,0.0,3,4,0,0,1,1,1,1,0,0,0,0,0,837.81,1,Sports,EMI,Mobile App,Changed mind,Budget,883,6,4,2,1,policy_exploitation
ORD106175,CUST101552,TXN106175,DEV203162,ADDR302415,ADDR302415,2024-02-19,2024-02-25,5,1,1,5999.99,823.52,0.1667,0.1667,1200.0,823.52,3,4,1,1,2,1,1,1,1,1,1,1,0,1136.53,1,Electronics,UPI,Website,Damaged product,Budget,883,6,3,3,1,policy_exploitation
ORD106176,CUST101552,TXN106176,DEV203162,ADDR302415,ADDR302415,2024-02-23,2024-02-28,5,2,2,5532.05,1879.06,0.3333,0.3333,1106.41,939.53,0,4,2,2,9,1,1,1,2,2,2,2,0,1604.47,2,Fashion,Credit Card,Social Commerce,Changed mind,Budget,883,5,2,3,1,policy_exploitation
ORD106209,CUST101561,TXN106209,DEV203101,ADDR302105,ADDR302105,2024-12-23,2024-12-29,0,0,0,0.0,0.0,0.0,0.0,0.0,0.0,0,0,0,0,999,1,1,1,0,0,0,0,0,692.79,1,Fashion,Debit Card,Marketplace,Size issue,Mass Market,216,6,4,2,0,none
ORD106210,CUST101562,TXN106210,DEV200574,ADDR301827,ADDR301827,2024-04-24,2024-05-01,0,0,0,0.0,0.0,0.0,0.0,0.0,0.0,0,0,0,0,999,1,1,1,0,0,0,0,0,1133.55,2,Footwear,Debit Card,Marketplace,Quality issue,Budget,393,7,6,1,0,none
ORD106213,CUST101563,TXN106213,DEV200652,ADDR300733,ADDR300733,2024-02-06,2024-02-13,7,0,0,5419.66,0.0,0.0,0.0,774.24,0.0,6,7,0,0,1,1,1,1,0,0,0,0,0,324.48,1,Footwear,UPI,Mobile App,Size issue,Budget,1269,7,5,2,0,none
ORD106215,CUST101563,TXN106215,DEV200652,ADDR300733,ADDR300733,2024-02-09,2024-02-19,7,2,1,5411.82,324.48,0.25,0.125,773.12,324.48,1,7,2,1,7,1,1,1,2,2,1,1,0,332.32,2,Beauty,UPI,Marketplace,Late delivery,Budget,1269,10,8,2,1,policy_exploitation
ORD106216,CUST101563,TXN106216,DEV200652,ADDR300733,ADDR300733,2024-02-10,2024-02-16,7,1,1,3831.4,324.48,0.125,0.125,547.34,324.48,3,7,1,1,4,1,1,1,1,1,1,1,0,1912.74,2,Fashion,Credit Card,Marketplace,Size issue,Budget,1269,6,3,3,1,policy_exploitation
ORD106222,CUST101563,TXN106222,DEV200652,ADDR300733,ADDR300733,2024-07-21,2024-07-24,11,4,3,6276.43,2405.73,0.3333,0.25,570.58,801.91,0,0,0,0,118,1,1,1,4,4,3,3,0,698.71,1,Fashion,Wallet,Website,Wrong product,Budget,1269,3,0,3,1,policy_exploitation
ORD106242,CUST101564,TXN106242,DEV202319,ADDR302317,ADDR302317,2024-10-22,2024-10-26,10,1,0,2886.71,0.0,0.0909,0.0,288.67,0.0,1,3,0,0,4,1,1,1,1,1,0,0,0,152.54,1,Accessories,EMI,Marketplace,Wrong product,Budget,686,4,2,2,0,none
ORD106246,CUST101565,TXN106246,DEV201405,ADDR302911,ADDR302911,2024-05-27,2024-06-11,2,0,0,3338.21,0.0,0.0,0.0,1669.1,0.0,0,0,0,0,90,4,7,7,4,6,3,4,0,164.61,1,Accessories,UPI,Mobile App,Other,Mass Market,892,15,11,4,0,none
ORD106252,CUST101565,TXN106252,DEV201405,ADDR302911,ADDR302911,2024-10-01,2024-10-12,9,1,1,6838.72,164.61,0.1,0.1,759.86,164.61,1,4,0,0,5,6,11,11,5,10,4,7,0,285.17,1,Home,UPI,Marketplace,Damaged product,Mass Market,892,11,9,2,0,none
ORD106265,CUST101567,TXN106265,DEV203014,ADDR302998,ADDR302998,2024-12-20,2024-12-27,2,0,0,694.01,0.0,0.0,0.0,347.0,0.0,0,0,0,0,130,1,1,1,0,0,0,0,0,600.0,2,Fashion,Credit Card,Website,Changed mind,Mass Market,231,7,5,2,1,policy_exploitation
ORD106269,CUST101570,TXN106269,DEV203118,ADDR301997,ADDR301997,2024-05-26,2024-06-03,0,0,0,0.0,0.0,0.0,0.0,0.0,0.0,0,0,0,0,999,1,1,1,0,0,0,0,0,100.0,1,Accessories,Credit Card,Mobile App,Damaged product,Mass Market,813,8,4,4,0,none
ORD106284,CUST101574,TXN106284,DEV201095,ADDR301198,ADDR301198,2024-02-29,2024-03-05,0,0,0,0.0,0.0,0.0,0.0,0.0,0.0,0,0,0,0,999,2,2,2,1,1,1,1,0,874.93,1,Electronics,Debit Card,Mobile App,Quality issue,Budget,344,5,2,3,0,none
ORD106291,CUST101576,TXN106291,DEV202121,ADDR301479,ADDR302748,2024-02-18,2024-02-24,0,0,0,0.0,0.0,0.0,0.0,0.0,0.0,0,0,0,0,999,1,1,1,0,0,0,0,1,543.29,1,Home,Debit Card,Website,Damaged product,High Value,239,6,3,3,0,none
ORD106292,CUST101576,TXN106292,DEV202121,ADDR301479,ADDR301479,2024-04-10,2024-04-11,1,1,1,543.29,386.09,0.5,0.5,543.29,386.09,0,0,0,0,53,1,1,1,1,1,1,1,0,847.73,1,Beauty,UPI,Mobile App,Other,High Value,239,1,0,1,0,none
ORD106298,CUST101576,TXN106298,DEV202121,ADDR301479,ADDR301479,2024-10-19,2024-10-26,7,2,2,12053.42,1168.65,0.25,0.25,1721.92,584.32,0,0,0,0,56,1,1,1,2,2,2,2,0,1876.96,1,Fashion,Credit Card,Website,Late delivery,High Value,239,7,3,4,0,none
ORD106301,CUST101576,TXN106301,DEV202121,ADDR301479,ADDR301479,2024-12-24,2025-01-03,10,3,3,14520.66,3003.81,0.2727,0.2727,1452.07,1001.27,0,0,0,0,51,1,1,1,3,3,3,3,0,849.04,1,Home,Net Banking,Mobile App,Quality issue,High Value,239,10,7,3,0,none
ORD106307,CUST101578,TXN106307,DEV202525,ADDR301010,ADDR301010,2024-08-18,2024-08-21,1,0,0,659.78,0.0,0.0,0.0,659.78,0.0,0,0,0,0,132,1,2,2,0,1,0,1,0,879.78,1,Footwear,UPI,Website,Product not as described,Mass Market,388,3,1,2,0,none
ORD106310,CUST101579,TXN106310,DEV201240,ADDR302045,ADDR302045,2024-06-27,2024-06-30,1,0,0,485.36,0.0,0.0,0.0,485.36,0.0,0,0,0,0,32,2,2,2,0,0,0,0,0,1070.42,1,Electronics,UPI,Mobile App,Wrong product,Budget,1189,3,1,2,0,none
ORD106313,CUST101579,TXN106313,DEV201240,ADDR302045,ADDR300716,2024-10-15,2024-10-21,4,1,1,2653.27,1070.42,0.2,0.2,663.32,1070.42,0,0,0,0,46,3,3,2,2,2,1,1,1,651.76,1,Footwear,Net Banking,Mobile App,Changed mind,Budget,1189,6,5,1,0,none
ORD106315,CUST101581,TXN106315,DEV201829,ADDR303091,ADDR303091,2024-11-21,2024-11-29,0,0,0,0.0,0.0,0.0,0.0,0.0,0.0,0,0,0,0,999,2,5,5,2,2,0,2,0,1149.25,1,Sports,Credit Card,Mobile App,Size issue,Budget,1373,8,5,3,0,none
ORD106316,CUST101582,TXN106316,DEV200163,ADDR302656,ADDR302656,2024-01-21,2024-01-31,0,0,0,0.0,0.0,0.0,0.0,0.0,0.0,0,0,0,0,999,1,1,1,0,0,0,0,0,1007.58,1,Fashion,Credit Card,Mobile App,Late delivery,Premium,1531,10,8,2,0,none
ORD106317,CUST101583,TXN106317,DEV201327,ADDR300422,ADDR300422,2024-01-11,2024-01-15,0,0,0,0.0,0.0,0.0,0.0,0.0,0.0,0,0,0,0,999,1,1,1,0,0,0,0,0,573.68,1,Fashion,UPI,Mobile App,Changed mind,Premium,1440,4,2,2,0,none
ORD106319,CUST101585,TXN106319,DEV202595,ADDR301120,ADDR302846,2024-01-06,2024-01-14,0,0,0,0.0,0.0,0.0,0.0,0.0,0.0,0,0,0,0,999,1,1,1,0,0,0,0,1,663.89,1,Fashion,Net Banking,Mobile App,Changed mind,Budget,642,8,5,3,1,refund_abuse
ORD106339,CUST101589,TXN106339,DEV202335,ADDR300712,ADDR300712,2024-01-03,2024-01-08,0,0,0,0.0,0.0,0.0,0.0,0.0,0.0,0,0,0,0,999,1,1,1,0,0,0,0,0,1080.5,2,Electronics,Debit Card,Mobile App,Quality issue,Mass Market,1599,5,4,1,0,none
ORD106341,CUST101589,TXN106341,DEV202335,ADDR300712,ADDR302301,2024-02-27,2024-03-10,2,1,1,2496.8,839.59,0.3333,0.3333,1248.4,839.59,0,1,0,0,17,1,2,1,1,1,1,1,1,547.46,2,Accessories,UPI,Mobile App,Product not as described,Mass Market,1599,12,8,4,0,none
ORD106357,CUST101593,TXN106357,DEV202407,ADDR302676,ADDR302676,2024-02-05,2024-02-06,1,0,0,2243.22,0.0,0.0,0.0,2243.22,0.0,1,1,0,0,5,1,1,1,0,0,0,0,0,2096.86,3,Home,UPI,Marketplace,Wrong product,Budget,873,1,0,1,1,refund_abuse
ORD106368,CUST101593,TXN106368,DEV202407,ADDR302676,ADDR302676,2024-11-02,2024-11-03,12,1,1,18608.88,2096.86,0.0769,0.0769,1550.74,2096.86,2,3,0,0,3,1,1,2,1,1,1,1,0,323.51,1,Fashion,Debit Card,Mobile App,Late delivery,Budget,873,1,0,1,1,refund_abuse
ORD106369,CUST101593,TXN106369,DEV202407,ADDR302676,ADDR302676,2024-11-14,2024-11-19,13,2,2,18932.39,2420.37,0.1429,0.1429,1456.34,1210.18,0,3,1,1,17,1,2,3,2,2,2,2,0,283.63,1,Beauty,Debit Card,Mobile App,Damaged product,Budget,873,5,1,4,1,refund_abuse
ORD106371,CUST101594,TXN106371,DEV200318,ADDR302116,ADDR302116,2024-03-26,2024-04-04,0,0,0,0.0,0.0,0.0,0.0,0.0,0.0,0,0,0,0,999,1,2,2,0,0,0,0,0,1031.56,1,Footwear,Debit Card,Mobile App,Changed mind,Budget,588,9,7,2,0,none
ORD106373,CUST101594,TXN106373,DEV200318,ADDR302116,ADDR302116,2024-06-12,2024-06-13,2,1,1,2730.21,1003.4,0.3333,0.3333,1365.1,1003.4,1,1,0,0,1,1,2,2,1,1,1,1,0,411.57,1,Home,Debit Card,Mobile App,Damaged product,Budget,588,1,0,1,0,none
ORD106375,CUST101594,TXN106375,DEV200318,ADDR302116,ADDR302116,2024-09-17,2024-09-21,4,2,2,3201.48,1414.97,0.4,0.4,800.37,707.48,1,1,0,0,7,1,2,2,2,2,2,2,0,520.94,1,Beauty,Wallet,Marketplace,Late delivery,Budget,588,4,2,2,0,none
ORD106384,CUST101596,TXN106384,DEV200912,ADDR302115,ADDR302115,2024-04-03,2024-04-08,2,0,0,1377.96,0.0,0.0,0.0,688.98,0.0,0,1,0,0,25,1,2,2,0,0,0,0,0,678.2,1,Footwear,Credit Card,Mobile App,Late delivery,Premium,293,5,1,4,0,none
ORD106387,CUST101596,TXN106387,DEV200912,ADDR302115,ADDR302115,2024-05-29,2024-06-10,5,2,1,3341.12,629.45,0.3333,0.1667,668.22,629.45,0,1,1,0,24,1,2,2,2,2,1,1,0,1445.76,1,Fashion,Debit Card,Mobile App,Product not as described,Premium,293,12,9,3,0,none
ORD106400,CUST101602,TXN106400,DEV200027,ADDR302055,ADDR302055,2024-07-01,2024-07-04,3,0,0,605.87,0.0,0.0,0.0,201.96,0.0,0,0,0,0,49,1,1,2,0,0,0,0,0,396.91,1,Sports,UPI,Mobile App,Changed mind,Budget,1300,3,2,1,0,none
ORD106404,CUST101602,TXN106404,DEV200027,ADDR302055,ADDR302055,2024-10-14,2024-10-21,7,2,1,7043.35,396.91,0.25,0.125,1006.19,396.91,0,1,1,0,17,1,1,2,2,2,1,1,0,590.8,2,Sports,UPI,Marketplace,Size issue,Budget,1300,7,4,3,1,serial_return_abuse
ORD106412,CUST101603,TXN106412,DEV200569,ADDR301801,ADDR301801,2024-04-06,2024-04-14,3,0,0,627.46,0.0,0.0,0.0,209.15,0.0,0,1,0,0,10,1,1,1,0,0,0,0,0,2086.94,2,Electronics,EMI,Website,Damaged product,Budget,51,8,4,4,1,serial_return_abuse
ORD106416,CUST101603,TXN106416,DEV200569,ADDR301801,ADDR301801,2024-10-30,2024-11-01,7,1,1,4624.24,1808.14,0.125,0.125,660.61,1808.14,0,1,0,0,20,1,2,2,1,1,1,1,0,283.33,1,Fashion,UPI,Mobile App,Changed mind,Budget,51,2,0,2,1,serial_return_abuse
ORD106417,CUST101603,TXN106417,DEV200569,ADDR301801,ADDR301801,2024-11-14,2024-11-22,9,2,2,5875.09,2036.72,0.2,0.2,652.79,1018.36,1,2,1,1,5,1,2,2,2,2,2,2,0,121.68,1,Beauty,Net Banking,Website,Changed mind,Budget,51,8,4,4,0,none
ORD106422,CUST101603,TXN106422,DEV200569,ADDR301801,ADDR301801,2024-12-12,2024-12-17,13,3,3,7197.8,2137.86,0.2143,0.2143,553.68,712.62,1,4,1,1,6,1,2,2,3,3,3,3,0,463.11,1,Electronics,UPI,Mobile App,Wrong product,Budget,51,5,4,1,1,serial_return_abuse
ORD106434,CUST101608,TXN106434,DEV202087,ADDR302021,ADDR302021,2024-01-12,2024-01-18,1,0,0,122.84,0.0,0.0,0.0,122.84,0.0,1,1,0,0,6,2,3,3,0,1,0,1,0,758.56,1,Fashion,UPI,Website,Changed mind,Premium,1452,6,5,1,1,coordinated_device_abuse
ORD106449,CUST101612,TXN106449,DEV202707,ADDR300943,ADDR300943,2024-08-28,2024-09-07,2,1,0,1644.56,0.0,0.3333,0.0,822.28,0.0,0,0,0,0,78,1,1,1,1,1,0,0,0,844.55,1,Sports,Credit Card,Mobile App,Quality issue,Mass Market,1302,10,9,1,0,none
ORD106450,CUST101612,TXN106450,DEV202707,ADDR300943,ADDR300943,2024-10-26,2024-11-02,3,2,1,2489.11,624.91,0.5,0.25,829.7,624.91,0,0,0,0,66,1,1,1,2,2,1,1,0,752.22,1,Sports,UPI,Mobile App,Other,Mass Market,1302,7,4,3,0,none
ORD106468,CUST101619,TXN106468,DEV200863,ADDR302419,ADDR302419,2024-07-07,2024-07-09,3,0,0,2437.11,0.0,0.0,0.0,812.37,0.0,0,0,0,0,71,1,1,1,0,0,0,0,0,1050.81,1,Fashion,Credit Card,Social Commerce,Product not as described,Mass Market,964,2,0,2,0,none
ORD106469,CUST101619,TXN106469,DEV200863,ADDR302419,ADDR302419,2024-07-26,2024-08-05,5,1,1,3661.23,1050.81,0.1667,0.1667,732.25,1050.81,1,2,1,1,1,1,1,1,1,1,1,1,0,1092.57,1,Sports,UPI,Marketplace,Damaged product,Mass Market,964,10,8,2,0,none
ORD106472,CUST101619,TXN106472,DEV200863,ADDR302419,ADDR302419,2024-09-18,2024-09-24,8,2,2,6001.95,2115.31,0.2222,0.2222,750.24,1057.66,1,2,0,0,4,1,1,1,2,2,2,2,0,937.25,1,Footwear,Credit Card,Website,Size issue,Mass Market,964,6,2,4,0,none
ORD106487,CUST101621,TXN106487,DEV202134,ADDR302291,ADDR302291,2024-04-25,2024-05-01,1,0,0,366.55,0.0,0.0,0.0,366.55,0.0,0,1,0,0,13,3,3,3,1,0,1,0,0,2261.76,1,Sports,Credit Card,Website,Changed mind,Premium,1063,6,2,4,1,policy_exploitation
ORD106497,CUST101624,TXN106497,DEV200523,ADDR302349,ADDR302349,2024-03-22,2024-03-27,2,0,0,528.77,0.0,0.0,0.0,264.38,0.0,0,0,0,0,39,1,2,2,0,0,0,0,0,863.23,1,Fashion,EMI,Mobile App,Changed mind,Mass Market,729,5,4,1,1,refund_abuse
ORD106499,CUST101624,TXN106499,DEV200523,ADDR302349,ADDR302349,2024-04-29,2024-05-04,4,1,1,2621.7,769.33,0.2,0.2,655.42,769.33,0,1,0,0,29,1,2,2,1,1,1,1,0,1129.28,1,Fashion,UPI,Mobile App,Wrong product,Mass Market,729,5,2,3,1,refund_abuse
ORD106501,CUST101624,TXN106501,DEV200523,ADDR302349,ADDR302349,2024-06-29,2024-07-06,6,2,2,4667.37,1870.64,0.2857,0.2857,777.9,935.32,0,1,0,0,26,1,2,2,2,2,2,2,0,115.06,1,Grocery,UPI,Mobile App,Late delivery,Mass Market,729,7,3,4,1,refund_abuse
ORD106531,CUST101629,TXN106531,DEV202344,ADDR300601,ADDR300601,2024-03-30,2024-04-05,0,0,0,0.0,0.0,0.0,0.0,0.0,0.0,0,0,0,0,999,1,1,2,0,0,0,0,0,592.17,1,Fashion,UPI,Mobile App,Size issue,Budget,754,6,4,2,0,none
ORD106537,CUST101629,TXN106537,DEV202344,ADDR300601,ADDR300601,2024-08-22,2024-08-27,8,1,1,4010.41,575.89,0.1111,0.1111,501.3,575.89,3,4,0,0,3,1,1,2,1,1,1,1,0,699.08,1,Sports,UPI,Marketplace,Wrong product,Budget,754,5,4,1,0,none
ORD106546,CUST101631,TXN106546,DEV201576,ADDR301563,ADDR301563,2024-03-25,2024-03-26,2,0,0,849.57,0.0,0.0,0.0,424.78,0.0,0,0,0,0,32,2,2,2,0,0,0,0,0,1419.16,2,Fashion,Wallet,Mobile App,Size issue,Budget,181,1,0,1,0,none
ORD106547,CUST101631,TXN106547,DEV201576,ADDR301563,ADDR301563,2024-10-22,2024-10-28,3,1,1,2268.73,1413.79,0.25,0.25,756.24,1413.79,0,0,0,0,217,5,4,2,2,2,1,1,0,1873.41,2,Electronics,UPI,Website,Product not as described,Budget,181,6,4,2,0,none
ORD106552,CUST101633,TXN106552,DEV202116,ADDR301660,ADDR301660,2024-08-10,2024-08-23,3,0,0,1711.32,0.0,0.0,0.0,570.44,0.0,0,0,0,0,65,1,1,1,0,0,0,0,0,1369.85,1,Fashion,UPI,Website,Product not as described,Budget,195,13,9,4,0,none
ORD106558,CUST101633,TXN106558,DEV202116,ADDR301660,ADDR301660,2024-11-23,2024-12-08,10,1,1,6558.64,1061.91,0.0909,0.0909,655.86,1061.91,0,1,0,0,12,1,1,1,1,1,1,1,0,1124.26,2,Fashion,UPI,Mobile App,Wrong product,Budget,195,15,12,3,0,none
ORD106560,CUST101634,TXN106560,DEV202454,ADDR302308,ADDR302308,2024-02-28,2024-03-05,0,0,0,0.0,0.0,0.0,0.0,0.0,0.0,0,0,0,0,999,1,3,3,0,1,0,1,0,131.89,1,Grocery,Debit Card,Website,Changed mind,Mass Market,861,6,4,2,1,refund_abuse
ORD106564,CUST101634,TXN106564,DEV202454,ADDR302308,ADDR302308,2024-11-13,2024-11-25,5,1,1,3815.11,131.89,0.1667,0.1667,763.02,131.89,0,1,0,0,9,1,6,5,1,6,1,4,0,200.0,1,Home,Net Banking,Mobile App,Wrong product,Mass Market,861,12,8,4,1,refund_abuse
ORD106567,CUST101634,TXN106567,DEV202454,ADDR302308,ADDR302308,2024-12-15,2024-12-20,11,2,2,9819.84,322.16,0.1667,0.1667,892.71,161.08,5,5,1,1,2,1,6,5,2,7,2,5,0,748.92,1,Electronics,Credit Card,Website,Product not as described,Mass Market,861,5,3,2,1,refund_abuse
ORD106572,CUST101634,TXN106572,DEV202454,ADDR302308,ADDR302308,2024-12-24,2024-12-26,12,3,2,10568.76,322.16,0.2308,0.1538,880.73,161.08,0,6,1,1,8,1,6,5,3,8,2,5,0,514.16,1,Footwear,UPI,Website,Size issue,Mass Market,861,2,1,1,1,refund_abuse
ORD106579,CUST101636,TXN106579,DEV202947,ADDR302981,ADDR302981,2024-08-11,2024-08-18,3,0,0,3042.97,0.0,0.0,0.0,1014.32,0.0,0,0,0,0,119,1,3,3,0,1,0,1,0,368.52,2,Beauty,Debit Card,Marketplace,Wrong product,Premium,230,7,3,4,0,none
ORD106580,CUST101636,TXN106580,DEV202947,ADDR302981,ADDR302981,2024-11-09,2024-11-23,4,1,1,3411.49,368.52,0.2,0.2,852.87,368.52,0,0,0,0,104,1,4,4,1,2,1,2,0,2615.0,1,Electronics,UPI,Website,Late delivery,Premium,230,14,10,4,0,none
ORD106581,CUST101636,TXN106581,DEV202947,ADDR302981,ADDR302981,2024-12-23,2024-12-30,5,2,2,6026.49,2928.16,0.3333,0.3333,1205.3,1464.08,0,0,0,0,51,1,4,4,2,3,2,3,0,3092.36,2,Electronics,Credit Card,Social Commerce,Late delivery,Premium,230,7,4,3,0,none
ORD106583,CUST101637,TXN106583,DEV202735,ADDR302837,ADDR302837,2024-07-22,2024-07-27,2,0,0,559.86,0.0,0.0,0.0,279.93,0.0,2,2,0,0,5,2,6,6,0,2,0,1,0,455.76,1,Fashion,Credit Card,Mobile App,Changed mind,Mass Market,473,5,2,3,0,none
ORD106588,CUST101637,TXN106588,DEV202735,ADDR302837,ADDR302837,2024-10-05,2024-10-15,7,1,1,4185.19,378.1,0.125,0.125,597.88,378.1,0,2,0,0,9,3,7,7,1,6,1,4,0,362.91,1,Beauty,Credit Card,Social Commerce,Quality issue,Mass Market,473,10,6,4,0,none
ORD106592,CUST101638,TXN106592,DEV202950,ADDR301442,ADDR301442,2024-07-01,2024-07-11,1,0,0,80.35,0.0,0.0,0.0,80.35,0.0,1,1,0,0,6,6,5,5,4,4,3,3,0,1448.28,2,Home,UPI,Mobile App,Other,High Value,1128,10,9,1,0,none
ORD106597,CUST101639,TXN106597,DEV202710,ADDR301161,ADDR301161,2024-01-05,2024-01-11,0,0,0,0.0,0.0,0.0,0.0,0.0,0.0,0,0,0,0,999,1,1,1,0,0,0,0,0,148.07,1,Accessories,Wallet,Mobile App,Changed mind,Budget,809,6,4,2,0,none
ORD106599,CUST101639,TXN106599,DEV202710,ADDR301161,ADDR301161,2024-04-01,2024-04-14,3,1,1,1844.47,106.23,0.25,0.25,614.82,106.23,1,1,0,0,2,2,1,1,3,1,2,1,0,2855.63,3,Sports,UPI,Mobile App,Size issue,Budget,809,13,9,4,1,serial_return_abuse
ORD106605,CUST101639,TXN106605,DEV202710,ADDR301161,ADDR301161,2024-09-29,2024-10-07,9,2,2,6830.65,2920.83,0.2,0.2,758.96,1460.42,1,1,0,0,5,4,1,1,5,2,4,2,0,985.54,1,Fashion,Debit Card,Mobile App,Changed mind,Budget,809,8,7,1,1,serial_return_abuse
ORD106613,CUST101642,TXN106613,DEV200382,ADDR300330,ADDR300330,2024-02-23,2024-03-02,0,0,0,0.0,0.0,0.0,0.0,0.0,0.0,0,0,0,0,999,1,2,2,0,0,0,0,0,243.36,1,Fashion,UPI,Website,Quality issue,Budget,798,8,4,4,0,none
ORD106644,CUST101657,TXN106644,DEV203143,ADDR300744,ADDR300744,2024-02-07,2024-02-18,1,0,0,900.0,0.0,0.0,0.0,900.0,0.0,0,0,0,0,39,2,1,1,0,0,0,0,0,101.54,2,Grocery,Net Banking,Mobile App,Wrong product,Mass Market,1153,11,8,3,1,policy_exploitation
ORD106649,CUST101657,TXN106649,DEV203143,ADDR300744,ADDR300744,2024-10-10,2024-10-16,7,1,1,5704.5,91.1,0.125,0.125,814.93,91.1,1,2,0,0,6,2,1,1,1,1,1,1,0,330.46,1,Fashion,UPI,Website,Late delivery,Mass Market,1153,6,5,1,1,policy_exploitation
ORD106658,CUST101658,TXN106658,DEV203072,ADDR302107,ADDR302107,2024-07-13,2024-07-23,3,0,0,1206.13,0.0,0.0,0.0,402.04,0.0,0,1,0,0,15,2,6,6,2,1,0,1,0,2146.77,1,Fashion,Debit Card,Website,Size issue,Budget,1032,10,6,4,0,none
ORD106661,CUST101659,TXN106661,DEV202552,ADDR302701,ADDR303132,2024-01-07,2024-01-12,0,0,0,0.0,0.0,0.0,0.0,0.0,0.0,0,0,0,0,999,1,1,2,0,0,0,0,1,2400.88,2,Electronics,Net Banking,Website,Product not as described,Mass Market,240,5,1,4,1,serial_return_abuse
ORD106663,CUST101659,TXN106663,DEV202552,ADDR302701,ADDR302701,2024-04-07,2024-04-10,2,1,1,2478.69,1996.84,0.3333,0.3333,1239.34,1996.84,0,1,0,0,21,2,1,1,2,1,1,1,0,394.11,1,Beauty,UPI,Marketplace,Other,Mass Market,240,3,2,1,1,serial_return_abuse
ORD106664,CUST101659,TXN106664,DEV202552,ADDR302701,ADDR302701,2024-06-02,2024-06-04,3,2,2,2872.8,2327.69,0.5,0.5,957.6,1163.84,0,0,0,0,58,2,1,1,3,2,2,2,0,641.39,1,Footwear,UPI,Marketplace,Quality issue,Mass Market,240,2,1,1,1,serial_return_abuse
ORD106682,CUST101665,TXN106682,DEV200941,ADDR301549,ADDR301549,2024-07-10,2024-07-17,2,0,0,437.41,0.0,0.0,0.0,218.7,0.0,0,1,0,0,21,1,1,1,0,0,0,0,0,457.82,2,Home,Credit Card,Website,Quality issue,Budget,170,7,6,1,0,none
ORD106690,CUST101666,TXN106690,DEV201578,ADDR300541,ADDR300541,2024-12-07,2024-12-15,7,0,0,13371.1,0.0,0.0,0.0,1910.16,0.0,1,1,0,0,2,2,2,2,4,0,1,0,0,2240.28,3,Beauty,UPI,Social Commerce,Wrong product,High Value,776,8,4,4,0,none
ORD106691,CUST101666,TXN106691,DEV201578,ADDR300541,ADDR302358,2024-12-13,2024-12-19,7,1,0,11476.66,0.0,0.125,0.0,1639.52,0.0,0,1,1,0,12,2,2,3,5,1,1,0,1,4134.72,2,Fashion,Wallet,Mobile App,Size issue,High Value,776,6,4,2,0,none
ORD106704,CUST101669,TXN106704,DEV202168,ADDR301684,ADDR301684,2024-02-26,2024-03-03,0,0,0,0.0,0.0,0.0,0.0,0.0,0.0,0,0,0,0,999,2,1,1,0,0,0,0,0,283.96,1,Accessories,Credit Card,Mobile App,Quality issue,Premium,381,6,3,3,0,none
ORD106708,CUST101672,TXN106708,DEV202480,ADDR300394,ADDR300394,2024-10-03,2024-10-13,1,0,0,1309.1,0.0,0.0,0.0,1309.1,0.0,0,0,0,0,181,3,1,1,0,0,0,0,0,379.36,1,Fashion,Credit Card,Marketplace,Size issue,Mass Market,639,10,7,3,0,none
ORD106710,CUST101673,TXN106710,DEV200185,ADDR300012,ADDR300012,2024-09-30,2024-10-04,0,0,0,0.0,0.0,0.0,0.0,0.0,0.0,0,0,0,0,999,1,3,4,0,1,0,1,0,712.29,1,Home,Net Banking,Mobile App,Damaged product,Mass Market,1411,4,1,3,0,none
ORD106712,CUST101674,TXN106712,DEV200726,ADDR301949,ADDR301949,2024-02-08,2024-02-15,1,0,0,151.71,0.0,0.0,0.0,151.71,0.0,0,1,0,0,9,2,1,1,0,0,0,0,0,678.29,1,Fashion,UPI,Website,Other,Budget,1182,7,4,3,0,none
ORD106723,CUST101677,TXN106723,DEV200867,ADDR302208,ADDR302208,2024-08-01,2024-08-08,3,0,0,858.01,0.0,0.0,0.0,286.0,0.0,1,3,0,0,2,7,7,7,2,2,1,1,0,525.58,1,Home,UPI,Mobile App,Changed mind,Budget,1150,7,5,2,1,account_multiplication
ORD106738,CUST101679,TXN106738,DEV202061,ADDR303081,ADDR303081,2024-10-25,2024-10-28,7,0,0,5323.44,0.0,0.0,0.0,760.49,0.0,0,0,0,0,44,2,2,3,1,0,0,0,0,252.78,1,Accessories,Wallet,Marketplace,Changed mind,Budget,271,3,2,1,0,none
ORD106740,CUST101679,TXN106740,DEV202061,ADDR303081,ADDR300408,2024-12-11,2024-12-14,9,1,1,6252.74,252.78,0.1,0.1,694.75,252.78,0,0,0,0,37,2,2,2,2,1,1,1,1,528.25,1,Footwear,UPI,Mobile App,Damaged product,Budget,271,3,0,3,0,none
ORD106746,CUST101681,TXN106746,DEV202650,ADDR302722,ADDR302722,2024-06-02,2024-06-06,3,0,0,3460.23,0.0,0.0,0.0,1153.41,0.0,0,0,0,0,38,1,4,4,0,2,0,2,0,791.67,1,Fashion,Debit Card,Marketplace,Changed mind,Mass Market,105,4,2,2,0,none
ORD106750,CUST101681,TXN106750,DEV202650,ADDR302722,ADDR302722,2024-12-26,2024-12-31,7,1,1,6075.44,791.67,0.125,0.125,867.92,791.67,0,0,0,0,56,3,5,5,1,6,1,6,0,348.78,1,Sports,UPI,Marketplace,Damaged product,Mass Market,105,5,2,3,0,none
ORD106752,CUST101682,TXN106752,DEV201975,ADDR302700,ADDR302155,2024-02-13,2024-02-23,1,0,0,2017.89,0.0,0.0,0.0,2017.89,0.0,0,1,0,0,17,1,1,2,0,0,0,0,1,722.93,1,Fashion,Credit Card,Marketplace,Size issue,Mass Market,1187,10,6,4,0,none
ORD106753,CUST101682,TXN106753,DEV201975,ADDR302700,ADDR302700,2024-06-02,2024-06-09,2,1,1,2740.82,649.49,0.3333,0.3333,1370.41,649.49,0,0,0,0,117,1,1,1,1,1,1,1,0,300.0,1,Fashion,UPI,Website,Size issue,Mass Market,1187,7,4,3,0,none
ORD106754,CUST101682,TXN106754,DEV201975,ADDR302700,ADDR302700,2024-06-26,2024-07-08,3,2,2,3040.82,919.59,0.5,0.5,1013.61,459.8,0,0,1,1,36,1,1,1,2,2,2,2,0,300.0,1,Sports,Net Banking,Mobile App,Wrong product,Mass Market,1187,12,9,3,0,none
ORD106759,CUST101683,TXN106759,DEV200533,ADDR302471,ADDR302471,2024-02-06,2024-02-17,0,0,0,0.0,0.0,0.0,0.0,0.0,0.0,0,0,0,0,999,1,1,1,0,0,0,0,0,609.46,1,Fashion,UPI,Website,Product not as described,Mass Market,1056,11,7,4,0,none
ORD106765,CUST101684,TXN106765,DEV202208,ADDR300004,ADDR300004,2024-06-01,2024-06-03,3,1,0,1712.68,0.0,0.25,0.0,570.89,0.0,0,0,0,0,108,2,2,2,1,1,0,0,0,317.78,1,Accessories,UPI,Mobile App,Quality issue,Budget,1218,2,0,2,0,none
ORD106767,CUST101684,TXN106767,DEV202208,ADDR300004,ADDR300004,2024-10-10,2024-10-16,6,2,1,3172.07,304.34,0.2857,0.1429,528.68,304.34,1,1,0,0,1,2,2,2,2,2,1,1,0,416.75,1,Home,Credit Card,Mobile App,Damaged product,Budget,1218,6,3,3,0,none
ORD106769,CUST101684,TXN106769,DEV202208,ADDR300004,ADDR300288,2024-10-22,2024-10-29,7,3,2,3588.82,623.95,0.375,0.25,512.69,311.98,0,2,1,1,14,2,2,1,3,3,2,2,1,108.28,1,Grocery,EMI,Mobile App,Other,Budget,1218,7,3,4,0,none
ORD106782,CUST101686,TXN106782,DEV202659,ADDR301767,ADDR301767,2024-07-19,2024-07-27,10,0,0,7754.33,0.0,0.0,0.0,775.43,0.0,0,2,0,0,22,3,1,1,1,0,1,0,0,986.27,1,Fashion,UPI,Social Commerce,Changed mind,Mass Market,608,8,5,3,0,none
ORD106784,CUST101686,TXN106784,DEV202659,ADDR301767,ADDR301767,2024-08-04,2024-08-08,12,1,1,11036.68,986.27,0.0769,0.0769,919.72,986.27,0,2,1,1,8,3,1,1,2,1,2,1,0,459.88,1,Footwear,UPI,Website,Size issue,Mass Market,608,4,1,3,0,none
ORD106787,CUST101686,TXN106787,DEV202659,ADDR301767,ADDR301767,2024-10-10,2024-10-18,15,2,2,13550.76,1378.78,0.125,0.125,903.38,689.39,0,2,0,0,11,3,1,1,3,2,3,2,0,1336.14,1,Footwear,Wallet,Marketplace,Other,Mass Market,608,8,5,3,0,none
ORD106794,CUST101687,TXN106794,DEV202138,ADDR301723,ADDR301723,2024-05-31,2024-06-06,5,0,0,5227.0,0.0,0.0,0.0,1045.4,0.0,0,1,0,0,29,2,3,2,0,0,0,0,0,550.06,1,Fashion,UPI,Mobile App,Size issue,Premium,609,6,3,3,0,none
ORD106796,CUST101687,TXN106796,DEV202138,ADDR301723,ADDR301723,2024-10-29,2024-11-01,7,1,1,5884.87,355.55,0.125,0.125,840.7,355.55,0,0,0,0,144,2,3,3,1,1,1,1,0,1775.82,1,Electronics,Debit Card,Mobile App,Damaged product,Premium,609,3,0,3,0,none
ORD106799,CUST101688,TXN106799,DEV201517,ADDR300177,ADDR300177,2024-07-05,2024-07-08,0,0,0,0.0,0.0,0.0,0.0,0.0,0.0,0,0,0,0,999,1,1,1,0,0,0,0,0,501.1,1,Electronics,Debit Card,Mobile App,Wrong product,Mass Market,965,3,0,3,0,none
ORD106805,CUST101690,TXN106805,DEV200148,ADDR300720,ADDR300720,2024-08-06,2024-08-12,3,0,0,2377.63,0.0,0.0,0.0,792.54,0.0,0,1,0,0,19,1,2,2,0,0,0,0,0,5135.84,1,Sports,UPI,Mobile App,Size issue,Mass Market,564,6,4,2,0,none
ORD106813,CUST101691,TXN106813,DEV202857,ADDR302170,ADDR302170,2024-10-06,2024-10-08,7,0,0,5995.09,0.0,0.0,0.0,856.44,0.0,0,1,0,0,25,1,2,2,0,0,0,0,0,305.12,1,Beauty,UPI,Social Commerce,Quality issue,High Value,797,2,1,1,0,none
ORD106819,CUST101693,TXN106819,DEV201974,ADDR303148,ADDR303148,2024-02-14,2024-02-17,1,0,0,489.02,0.0,0.0,0.0,489.02,0.0,0,1,0,0,15,1,1,1,0,0,0,0,0,611.41,1,Electronics,UPI,Mobile App,Late delivery,Mass Market,406,3,0,3,1,refund_abuse
ORD106836,CUST101697,TXN106836,DEV202922,ADDR300400,ADDR300400,2024-12-13,2024-12-16,7,0,0,7098.3,0.0,0.0,0.0,1014.04,0.0,0,0,0,0,38,1,1,2,0,0,0,0,0,284.23,1,Fashion,Debit Card,Marketplace,Damaged product,Budget,686,3,2,1,0,none
ORD106850,CUST101700,TXN106850,DEV203136,ADDR300952,ADDR300952,2024-11-14,2024-11-17,1,0,0,620.78,0.0,0.0,0.0,620.78,0.0,0,1,0,0,14,2,2,4,1,1,1,1,0,737.59,1,Home,Wallet,Mobile App,Changed mind,Premium,1181,3,0,3,0,none
ORD106857,CUST101702,TXN106857,DEV202450,ADDR302227,ADDR302227,2024-11-01,2024-11-08,6,0,0,4268.32,0.0,0.0,0.0,711.39,0.0,2,2,0,0,1,1,1,1,0,0,0,0,0,288.68,1,Fashion,UPI,Website,Late delivery,Budget,475,7,3,4,0,none
ORD106863,CUST101703,TXN106863,DEV201673,ADDR301055,ADDR301055,2024-07-29,2024-08-05,3,1,0,1350.51,0.0,0.25,0.0,450.17,0.0,1,1,0,0,3,1,2,2,1,2,0,0,0,486.42,1,Fashion,UPI,Mobile App,Size issue,Budget,875,7,6,1,0,none
ORD106868,CUST101703,TXN106868,DEV201673,ADDR301055,ADDR301055,2024-10-22,2024-10-31,9,2,1,7018.97,486.42,0.2,0.1,779.89,486.42,2,4,0,0,6,1,2,2,2,3,1,1,0,1190.48,2,Fashion,UPI,Mobile App,Size issue,Budget,875,9,5,4,0,none
ORD106871,CUST101703,TXN106871,DEV201673,ADDR301055,ADDR301055,2024-11-06,2024-11-21,11,3,2,8357.78,1501.75,0.25,0.1667,759.8,750.88,1,4,1,1,6,1,2,2,3,4,2,2,0,859.6,1,Electronics,Debit Card,Marketplace,Duplicate order,Budget,875,15,12,3,0,none
ORD106873,CUST101703,TXN106873,DEV201673,ADDR301055,ADDR301055,2024-12-16,2024-12-20,12,4,3,9217.38,2215.09,0.3077,0.2308,768.12,738.36,0,0,1,1,35,1,2,2,4,5,3,3,0,464.85,1,Home,UPI,Website,Damaged product,Budget,875,4,2,2,0,none
ORD106878,CUST101704,TXN106878,DEV200774,ADDR300022,ADDR300022,2024-11-15,2024-11-20,2,0,0,1376.37,0.0,0.0,0.0,688.18,0.0,0,0,0,0,172,1,1,1,0,0,0,0,0,300.0,1,Fashion,UPI,Mobile App,Size issue,Mass Market,820,5,4,1,0,none
ORD106884,CUST101705,TXN106884,DEV202904,ADDR303045,ADDR303045,2024-09-22,2024-10-01,4,1,0,3641.65,0.0,0.2,0.0,910.41,0.0,0,1,0,0,30,1,1,1,1,1,0,0,0,1037.3,1,Footwear,UPI,Marketplace,Size issue,Budget,1177,9,6,3,0,none
ORD106886,CUST101705,TXN106886,DEV202904,ADDR303045,ADDR303045,2024-10-16,2024-10-30,6,2,1,5875.12,784.17,0.2857,0.1429,979.19,784.17,0,1,1,1,16,1,1,1,2,2,1,1,0,1051.33,2,Fashion,Wallet,Website,Product not as described,Budget,1177,14,10,4,0,none
ORD106893,CUST101708,TXN106893,DEV202140,ADDR300482,ADDR300482,2024-10-26,2024-11-04,1,0,0,1016.58,0.0,0.0,0.0,1016.58,0.0,0,0,0,0,190,3,1,1,1,0,1,0,0,842.58,1,Home,UPI,Website,Damaged product,Mass Market,1365,9,8,1,0,none
ORD106894,CUST101709,TXN106894,DEV202128,ADDR300029,ADDR300029,2024-01-27,2024-02-05,0,0,0,0.0,0.0,0.0,0.0,0.0,0.0,0,0,0,0,999,1,1,1,0,0,0,0,0,268.96,1,Grocery,UPI,Marketplace,Damaged product,Mass Market,208,9,5,4,0,none
ORD106895,CUST101709,TXN106895,DEV202128,ADDR300029,ADDR300029,2024-02-09,2024-02-17,1,1,1,268.96,268.96,0.5,0.5,268.96,268.96,0,1,1,1,21,1,1,1,1,1,1,1,0,300.0,1,Fashion,Debit Card,Mobile App,Changed mind,Mass Market,208,8,6,2,0,none
ORD106904,CUST101711,TXN106904,DEV200950,ADDR300219,ADDR300219,2024-04-26,2024-05-12,3,0,0,1652.03,0.0,0.0,0.0,550.68,0.0,0,1,0,0,30,2,4,4,0,1,0,1,0,162.24,1,Home,Credit Card,Website,Wrong product,Budget,1055,16,13,3,1,serial_return_abuse
ORD106905,CUST101711,TXN106905,DEV200950,ADDR300219,ADDR300219,2024-06-04,2024-06-07,4,1,1,1814.27,152.06,0.2,0.2,453.57,152.06,0,0,1,1,42,2,5,5,1,2,1,2,0,622.37,1,Fashion,Wallet,Social Commerce,Wrong product,Budget,1055,3,1,2,1,serial_return_abuse
ORD106907,CUST101711,TXN106907,DEV200950,ADDR300219,ADDR300219,2024-07-07,2024-07-13,6,2,2,2761.12,671.12,0.2857,0.2857,460.19,335.56,0,1,0,0,25,2,6,6,2,4,2,3,0,1461.27,1,Electronics,UPI,Mobile App,Changed mind,Budget,1055,6,2,4,1,serial_return_abuse
ORD106911,CUST101711,TXN106911,DEV200950,ADDR300219,ADDR300219,2024-09-19,2024-09-25,10,3,3,4572.95,2132.39,0.2727,0.2727,457.3,710.8,0,0,0,0,35,3,8,8,3,7,3,5,0,405.6,1,Electronics,UPI,Social Commerce,Late delivery,Budget,1055,6,4,2,0,none
ORD106927,CUST101717,TXN106927,DEV202449,ADDR302270,ADDR302270,2024-04-03,2024-04-13,2,0,0,2007.07,0.0,0.0,0.0,1003.54,0.0,0,1,0,0,16,6,1,1,5,0,2,0,0,798.85,1,Fashion,Wallet,Website,Size issue,Mass Market,90,10,6,4,0,none
ORD106929,CUST101717,TXN106929,DEV202449,ADDR302270,ADDR302270,2024-07-11,2024-07-14,4,1,1,3967.52,752.6,0.2,0.2,991.88,752.6,0,0,0,0,34,9,2,2,7,1,3,1,0,1434.22,2,Electronics,Debit Card,Mobile App,Damaged product,Mass Market,90,3,0,3,1,serial_return_abuse
ORD106936,CUST101718,TXN106936,DEV202668,ADDR302397,ADDR302397,2024-09-11,2024-09-19,1,0,0,368.52,0.0,0.0,0.0,368.52,0.0,0,0,0,0,251,2,1,1,0,0,0,0,0,1046.75,1,Fashion,Debit Card,Website,Size issue,Premium,958,8,7,1,0,none
ORD106943,CUST101720,TXN106943,DEV202195,ADDR301734,ADDR301734,2024-06-15,2024-06-21,2,0,0,677.5,0.0,0.0,0.0,338.75,0.0,0,0,0,0,38,1,2,2,0,0,0,0,0,400.0,2,Home,Credit Card,Website,Damaged product,Mass Market,930,6,2,4,0,none
ORD106944,CUST101721,TXN106944,DEV201240,ADDR302045,ADDR302045,2024-11-01,2024-11-09,0,0,0,0.0,0.0,0.0,0.0,0.0,0.0,0,0,0,0,999,5,5,5,4,4,4,4,0,1343.46,1,Footwear,Debit Card,Mobile App,Size issue,Premium,1525,8,5,3,0,none
ORD106952,CUST101724,TXN106952,DEV202787,ADDR301627,ADDR300983,2024-11-27,2024-12-05,5,0,0,6217.81,0.0,0.0,0.0,1243.56,0.0,0,1,0,0,18,6,1,1,4,0,2,0,1,1035.28,2,Fashion,UPI,Mobile App,Product not as described,Mass Market,1100,8,7,1,0,none
ORD106956,CUST101725,TXN106956,DEV202216,ADDR301411,ADDR301411,2024-04-20,2024-04-26,3,2,0,1029.76,0.0,0.5,0.0,343.25,0.0,0,0,0,0,48,1,3,3,2,3,0,1,0,266.36,1,Home,Credit Card,Marketplace,Product not as described,Budget,364,6,4,2,0,none
ORD106959,CUST101725,TXN106959,DEV202216,ADDR301411,ADDR301411,2024-06-30,2024-07-09,7,3,1,3591.29,266.36,0.375,0.125,513.04,266.36,0,1,0,0,8,1,3,3,3,5,1,3,0,1103.21,1,Electronics,UPI,Social Commerce,Damaged product,Budget,364,9,5,4,0,none
ORD106965,CUST101725,TXN106965,DEV202216,ADDR301411,ADDR301411,2024-11-11,2024-11-15,12,5,2,10699.54,1242.24,0.3846,0.1538,891.63,621.12,0,2,0,0,13,1,3,3,5,7,2,4,0,972.4,2,Fashion,Credit Card,Mobile App,Product not as described,Budget,364,4,0,4,0,none
ORD106968,CUST101726,TXN106968,DEV202147,ADDR301861,ADDR300781,2024-06-22,2024-06-25,2,0,0,2397.77,0.0,0.0,0.0,1198.88,0.0,1,1,0,0,2,2,3,1,1,0,1,0,1,1144.95,1,Sports,UPI,Marketplace,Other,High Value,45,3,2,1,0,none
ORD106970,CUST101726,TXN106970,DEV202147,ADDR301861,ADDR301861,2024-10-07,2024-10-12,3,1,1,3542.72,899.7,0.25,0.25,1180.91,899.7,0,0,0,0,111,2,3,4,2,1,2,1,0,711.27,1,Fashion,Credit Card,Social Commerce,Changed mind,High Value,45,5,3,2,0,none
ORD106982,CUST101732,TXN106982,DEV202290,ADDR302272,ADDR302272,2024-06-12,2024-06-18,2,0,0,358.17,0.0,0.0,0.0,179.08,0.0,0,1,0,0,29,1,1,1,0,0,0,0,0,2180.08,2,Sports,Wallet,Social Commerce,Quality issue,Mass Market,562,6,2,4,0,none
ORD106984,CUST101732,TXN106984,DEV202290,ADDR302272,ADDR302272,2024-09-05,2024-09-11,4,1,1,3862.45,1684.28,0.2,0.2,965.61,1684.28,0,0,0,0,65,2,1,1,1,1,1,1,0,878.38,1,Sports,UPI,Mobile App,Changed mind,Mass Market,562,6,4,2,0,none
ORD106987,CUST101732,TXN106987,DEV202290,ADDR302272,ADDR302272,2024-12-24,2024-12-30,7,2,2,5956.95,2460.31,0.25,0.25,850.99,1230.16,0,0,0,0,84,2,3,2,2,2,2,2,0,353.03,1,Sports,UPI,Mobile App,Changed mind,Mass Market,562,6,3,3,0,none
ORD106999,CUST101738,TXN106999,DEV202889,ADDR301630,ADDR301630,2024-12-03,2024-12-07,4,0,0,4374.14,0.0,0.0,0.0,1093.54,0.0,0,0,0,0,73,1,1,1,0,0,0,0,0,1656.71,1,Home,Credit Card,Marketplace,Damaged product,Budget,1310,4,1,3,0,none
ORD107003,CUST101741,TXN107003,DEV202882,ADDR303091,ADDR303091,2024-03-13,2024-03-15,1,0,0,398.84,0.0,0.0,0.0,398.84,0.0,0,1,0,0,26,1,2,2,0,0,0,0,0,1587.52,2,Home,Credit Card,Marketplace,Damaged product,Mass Market,638,2,1,1,0,none
ORD107009,CUST101741,TXN107009,DEV202882,ADDR303091,ADDR303091,2024-10-02,2024-10-07,8,1,1,6361.97,1450.96,0.1111,0.1111,795.25,1450.96,1,2,0,0,3,3,3,3,2,1,1,1,0,1024.95,3,Beauty,Debit Card,Website,Quality issue,Mass Market,638,5,3,2,0,none
ORD107029,CUST101747,TXN107029,DEV202804,ADDR301572,ADDR301572,2024-01-13,2024-01-16,0,0,0,0.0,0.0,0.0,0.0,0.0,0.0,0,0,0,0,999,1,3,3,0,0,0,0,0,186.41,2,Accessories,Net Banking,Marketplace,Other,Budget,461,3,1,2,0,none
ORD107032,CUST101747,TXN107032,DEV202804,ADDR301572,ADDR301572,2024-08-08,2024-08-12,3,1,1,1305.41,138.68,0.25,0.25,435.14,138.68,0,0,0,0,42,1,6,6,1,5,1,2,0,420.7,1,Fashion,Debit Card,Mobile App,Quality issue,Budget,461,4,0,4,0,none
ORD107038,CUST101751,TXN107038,DEV200878,ADDR302082,ADDR302082,2024-03-06,2024-03-15,0,0,0,0.0,0.0,0.0,0.0,0.0,0.0,0,0,0,0,999,1,2,2,0,0,0,0,0,531.79,1,Fashion,Debit Card,Website,Size issue,Mass Market,1456,9,8,1,0,none
ORD107043,CUST101751,TXN107043,DEV200878,ADDR302082,ADDR302082,2024-07-26,2024-07-30,6,1,1,7314.27,418.09,0.1429,0.1429,1219.04,418.09,1,1,0,0,3,1,2,2,1,2,1,2,0,1440.87,1,Fashion,Debit Card,Website,Size issue,Mass Market,1456,4,1,3,0,none
ORD107045,CUST101751,TXN107045,DEV200878,ADDR302082,ADDR302082,2024-08-02,2024-08-12,8,2,2,9103.31,1858.96,0.2222,0.2222,1137.91,929.48,1,3,1,1,4,1,2,2,2,3,2,3,0,522.38,1,Fashion,Credit Card,Mobile App,Changed mind,Mass Market,1456,10,7,3,0,none
ORD107047,CUST101751,TXN107047,DEV200878,ADDR302082,ADDR302082,2024-08-16,2024-08-28,9,3,3,9625.69,2381.34,0.3,0.3,1069.52,793.78,0,2,2,2,20,1,2,2,3,4,3,4,0,2399.2,2,Fashion,UPI,Website,Changed mind,Mass Market,1456,12,8,4,0,none
ORD107052,CUST101754,TXN107052,DEV202855,ADDR302803,ADDR302803,2024-11-13,2024-11-19,0,0,0,0.0,0.0,0.0,0.0,0.0,0.0,0,0,0,0,999,3,2,2,1,0,1,0,0,820.56,1,Footwear,Wallet,Mobile App,Size issue,Mass Market,442,6,3,3,0,none
ORD107059,CUST101758,TXN107059,DEV202604,ADDR300021,ADDR300021,2024-10-25,2024-11-06,0,0,0,0.0,0.0,0.0,0.0,0.0,0.0,0,0,0,0,999,1,1,1,0,0,0,0,0,190.68,1,Accessories,UPI,Social Commerce,Quality issue,Mass Market,295,12,9,3,0,none
ORD107065,CUST101760,TXN107065,DEV201931,ADDR302458,ADDR302458,2024-01-30,2024-02-08,1,1,0,162.24,0.0,0.5,0.0,162.24,0.0,0,0,1,0,34,1,1,1,1,1,0,0,0,1034.12,1,Fashion,Wallet,Website,Changed mind,Budget,623,9,6,3,0,none
ORD107066,CUST101760,TXN107066,DEV201931,ADDR302458,ADDR302458,2024-03-09,2024-03-14,2,2,1,1196.36,967.05,0.6667,0.3333,598.18,967.05,0,0,0,0,44,1,1,1,2,2,1,1,0,504.24,2,Fashion,UPI,Website,Product not as described,Budget,623,5,2,3,0,none
ORD107078,CUST101762,TXN107078,DEV202950,ADDR301442,ADDR301442,2024-10-09,2024-10-19,6,1,0,5360.99,0.0,0.1429,0.0,893.5,0.0,0,1,0,0,11,7,6,6,10,10,6,6,0,312.15,1,Beauty,UPI,Website,Product not as described,Mass Market,120,10,8,2,0,none
ORD107080,CUST101762,TXN107080,DEV202950,ADDR301442,ADDR301442,2024-11-07,2024-11-11,8,2,1,5786.05,254.46,0.2222,0.1111,723.26,254.46,0,1,1,1,15,7,6,6,12,12,8,8,0,614.0,1,Sports,Debit Card,Mobile App,Changed mind,Mass Market,120,4,2,2,0,none
ORD107085,CUST101763,TXN107085,DEV201783,ADDR300361,ADDR300361,2024-03-06,2024-03-16,2,0,0,1314.75,0.0,0.0,0.0,657.38,0.0,1,1,0,0,5,1,1,1,0,0,0,0,0,544.1,1,Electronics,Wallet,Marketplace,Changed mind,Mass Market,1270,10,8,2,0,none
ORD107093,CUST101765,TXN107093,DEV200908,ADDR301518,ADDR301518,2024-10-31,2024-11-12,2,1,0,695.62,0.0,0.3333,0.0,347.81,0.0,0,0,0,0,116,2,1,1,1,1,0,0,0,258.11,1,Grocery,Wallet,Social Commerce,Wrong product,Mass Market,444,12,9,3,0,none
ORD107095,CUST101766,TXN107095,DEV200327,ADDR302494,ADDR302494,2024-01-08,2024-01-15,2,0,0,2186.24,0.0,0.0,0.0,1093.12,0.0,1,2,0,0,1,1,1,1,0,0,0,0,0,978.36,2,Home,Debit Card,Mobile App,Product not as described,Premium,1355,7,3,4,0,none
ORD107097,CUST101766,TXN107097,DEV200327,ADDR302494,ADDR302494,2024-03-06,2024-03-09,3,1,1,3164.6,883.4,0.25,0.25,1054.87,883.4,0,0,0,0,55,1,1,1,1,1,1,1,0,678.54,1,Footwear,EMI,Marketplace,Size issue,Premium,1355,3,1,2,0,none
ORD107100,CUST101766,TXN107100,DEV200327,ADDR302494,ADDR302494,2024-10-22,2024-10-26,6,2,2,5707.2,1476.06,0.2857,0.2857,951.2,738.03,0,1,0,0,15,2,2,2,2,2,2,2,0,377.2,1,Beauty,Debit Card,Mobile App,Wrong product,Premium,1355,4,3,1,0,none
ORD107105,CUST101767,TXN107105,DEV202538,ADDR300609,ADDR300609,2024-04-28,2024-05-03,0,0,0,0.0,0.0,0.0,0.0,0.0,0.0,0,0,0,0,999,2,2,2,0,0,0,0,0,254.88,1,Fashion,Net Banking,Website,Size issue,Budget,60,5,4,1,0,none
ORD107125,CUST101774,TXN107125,DEV200750,ADDR302447,ADDR302447,2024-06-03,2024-06-04,2,0,0,939.38,0.0,0.0,0.0,469.69,0.0,0,1,0,0,21,1,2,2,0,0,0,0,0,967.63,1,Electronics,Net Banking,Website,Quality issue,Mass Market,729,1,0,1,0,none
ORD107133,CUST101774,TXN107133,DEV200750,ADDR302447,ADDR302447,2024-10-22,2024-10-30,10,1,1,8807.5,885.4,0.0909,0.0909,880.75,885.4,0,3,0,0,8,1,2,2,1,1,1,1,0,547.04,2,Beauty,UPI,Mobile App,Wrong product,Mass Market,729,8,5,3,0,none
ORD107148,CUST101784,TXN107148,DEV200043,ADDR300826,ADDR300826,2024-03-19,2024-03-21,0,0,0,0.0,0.0,0.0,0.0,0.0,0.0,0,0,0,0,999,1,2,2,0,0,0,0,0,2014.19,1,Electronics,UPI,Marketplace,Changed mind,Mass Market,1485,2,0,2,0,none
ORD107149,CUST101784,TXN107149,DEV200043,ADDR300826,ADDR300826,2024-05-09,2024-05-14,1,1,1,2014.19,1996.88,0.5,0.5,2014.19,1996.88,0,0,0,0,56,1,2,3,1,1,1,1,0,1342.0,2,Accessories,UPI,Marketplace,Quality issue,Mass Market,1485,5,2,3,0,none
ORD107150,CUST101784,TXN107150,DEV200043,ADDR300826,ADDR300826,2024-05-25,2024-06-05,2,2,2,3356.19,3155.43,0.6667,0.6667,1678.1,1577.72,0,1,1,1,27,1,2,3,2,2,2,2,0,1001.99,1,Electronics,Net Banking,Website,Late delivery,Mass Market,1485,11,7,4,0,none
ORD107168,CUST101787,TXN107168,DEV202690,ADDR302122,ADDR302122,2024-12-11,2024-12-16,6,0,0,2128.01,0.0,0.0,0.0,354.67,0.0,0,1,0,0,11,3,2,2,0,0,0,0,0,1294.55,1,Footwear,Debit Card,Website,Other,Mass Market,818,5,2,3,0,none
ORD107171,CUST101789,TXN107171,DEV202261,ADDR300837,ADDR300837,2024-01-11,2024-01-24,1,0,0,241.8,0.0,0.0,0.0,241.8,0.0,0,1,0,0,22,1,2,1,0,0,0,0,0,162.24,1,Home,UPI,Mobile App,Quality issue,Budget,1068,13,9,4,0,none
ORD107180,CUST101791,TXN107180,DEV201171,ADDR300797,ADDR300428,2024-04-14,2024-04-22,1,0,0,994.46,0.0,0.0,0.0,994.46,0.0,0,1,0,0,30,1,1,1,0,0,0,0,1,2151.6,1,Sports,Debit Card,Marketplace,Wrong product,High Value,67,8,7,1,0,none
ORD107182,CUST101791,TXN107182,DEV201171,ADDR300797,ADDR300797,2024-12-28,2025-01-02,3,1,1,4725.82,2080.23,0.25,0.25,1575.27,2080.23,0,0,0,0,148,1,1,2,1,1,1,1,0,440.67,1,Fashion,Credit Card,Website,Changed mind,High Value,67,5,3,2,1,policy_exploitation
ORD107185,CUST101793,TXN107185,DEV200865,ADDR301356,ADDR301356,2024-01-06,2024-01-21,1,0,0,3792.34,0.0,0.0,0.0,3792.34,0.0,0,1,0,0,15,2,1,1,0,0,0,0,0,266.24,1,Home,Credit Card,Marketplace,Changed mind,Budget,817,15,14,1,0,none
ORD107186,CUST101793,TXN107186,DEV200865,ADDR301356,ADDR301356,2024-01-24,2024-01-30,2,1,1,4058.58,216.39,0.3333,0.3333,2029.29,216.39,0,2,1,1,24,2,2,2,1,1,1,1,0,1075.6,2,Fashion,UPI,Mobile App,Size issue,Budget,817,6,5,1,0,none
ORD107188,CUST101793,TXN107188,DEV200865,ADDR301356,ADDR301356,2024-02-19,2024-02-21,4,2,2,5183.26,1291.99,0.4,0.4,1295.82,645.99,0,2,1,1,10,2,2,2,2,3,2,3,0,452.99,1,Fashion,UPI,Mobile App,Duplicate order,Budget,817,2,0,2,0,none
ORD107192,CUST101793,TXN107192,DEV200865,ADDR301356,ADDR301356,2024-08-22,2024-08-28,8,4,3,7848.96,1675.52,0.4444,0.3333,981.12,558.51,0,1,0,0,25,2,4,4,4,6,3,5,0,3747.33,2,Electronics,Debit Card,Website,Product not as described,Budget,817,6,5,1,0,none
ORD107200,CUST101796,TXN107200,DEV202519,ADDR300694,ADDR300694,2024-01-23,2024-02-04,2,0,0,1447.86,0.0,0.0,0.0,723.93,0.0,0,1,0,0,28,1,2,2,0,0,0,0,0,391.56,1,Fashion,UPI,Mobile App,Changed mind,Budget,928,12,9,3,0,none
ORD107213,CUST101796,TXN107213,DEV202519,ADDR300694,ADDR300694,2024-11-03,2024-11-07,15,1,1,9051.1,391.56,0.0625,0.0625,603.41,391.56,0,0,0,0,77,1,4,4,1,1,1,1,0,442.48,1,Fashion,UPI,Mobile App,Size issue,Budget,928,4,0,4,1,serial_return_abuse
ORD107218,CUST101799,TXN107218,DEV201473,ADDR300979,ADDR300979,2024-03-20,2024-03-23,2,0,0,2398.43,0.0,0.0,0.0,1199.22,0.0,0,0,0,0,60,1,1,1,0,0,0,0,0,440.67,1,Fashion,Wallet,Website,Size issue,High Value,726,3,2,1,0,none
ORD107224,CUST101801,TXN107224,DEV200644,ADDR300355,ADDR300355,2024-04-23,2024-04-26,2,0,0,1810.69,0.0,0.0,0.0,905.34,0.0,1,1,0,0,2,1,2,2,0,0,0,0,0,712.3,1,Footwear,UPI,Marketplace,Size issue,Premium,866,3,0,3,0,none
ORD107225,CUST101801,TXN107225,DEV202790,ADDR300355,ADDR300355,2024-04-24,2024-04-27,2,1,0,1685.68,0.0,0.3333,0.0,842.84,0.0,1,1,1,0,4,1,2,2,0,1,0,0,0,837.31,1,Fashion,Debit Card,Social Commerce,Size issue,Premium,866,3,0,3,0,none
ORD107239,CUST101805,TXN107239,DEV200803,ADDR301710,ADDR301710,2024-01-23,2024-01-29,0,0,0,0.0,0.0,0.0,0.0,0.0,0.0,0,0,0,0,999,2,1,1,0,0,0,0,0,5678.67,3,Footwear,Credit Card,Mobile App,Size issue,Budget,1544,6,3,3,0,none
ORD107253,CUST101809,TXN107253,DEV200820,ADDR302120,ADDR302120,2024-09-25,2024-10-02,2,0,0,1158.61,0.0,0.0,0.0,579.3,0.0,0,0,0,0,80,1,2,2,0,0,0,0,0,370.73,1,Fashion,UPI,Mobile App,Late delivery,Budget,1005,7,3,4,0,none
ORD107264,CUST101812,TXN107264,DEV202449,ADDR301544,ADDR301544,2024-02-14,2024-02-19,2,0,0,2246.27,0.0,0.0,0.0,1123.14,0.0,2,2,0,0,6,4,4,4,2,2,1,1,0,1934.46,2,Fashion,Debit Card,Mobile App,Late delivery,Mass Market,233,5,2,3,0,none
ORD107267,CUST101812,TXN107267,DEV202449,ADDR301544,ADDR301544,2024-07-14,2024-07-20,5,3,1,5058.21,1724.49,0.5,0.1667,1011.64,1724.49,0,0,0,0,87,9,8,8,8,11,4,5,0,1413.15,1,Electronics,UPI,Marketplace,Quality issue,Mass Market,233,6,3,3,0,none
ORD107289,CUST101814,TXN107289,DEV202929,ADDR301034,ADDR301034,2024-07-28,2024-08-09,10,2,0,7967.58,0.0,0.1818,0.0,796.76,0.0,1,4,0,0,1,1,2,2,2,2,0,0,0,684.85,1,Fashion,Debit Card,Mobile App,Wrong product,Budget,1131,12,9,3,0,none
ORD107291,CUST101814,TXN107291,DEV202929,ADDR301034,ADDR301034,2024-09-01,2024-09-05,11,3,1,8652.43,614.61,0.25,0.0833,786.58,614.61,0,1,1,1,28,1,2,2,3,3,1,1,0,601.71,2,Beauty,Credit Card,Marketplace,Changed mind,Budget,1131,4,0,4,0,none
ORD107294,CUST101814,TXN107294,DEV202929,ADDR301034,ADDR301034,2024-11-18,2024-11-30,15,4,2,10716.67,1160.63,0.25,0.125,714.44,580.32,1,2,0,0,7,1,2,2,4,4,2,2,0,360.32,1,Beauty,Net Banking,Mobile App,Damaged product,Budget,1131,12,8,4,0,none
ORD107295,CUST101814,TXN107295,DEV202929,ADDR301034,ADDR301034,2024-11-23,2024-11-30,15,4,2,10761.78,1160.63,0.25,0.125,717.45,580.32,0,2,0,0,12,1,2,2,4,4,2,2,0,315.21,1,Fashion,Net Banking,Website,Wrong product,Budget,1131,7,3,4,0,none
ORD107306,CUST101822,TXN107306,DEV201132,ADDR300926,ADDR300926,2024-03-31,2024-04-04,0,0,0,0.0,0.0,0.0,0.0,0.0,0.0,0,0,0,0,999,1,3,3,0,0,0,0,0,295.32,3,Accessories,EMI,Website,Damaged product,Budget,1253,4,0,4,0,none
ORD107313,CUST101823,TXN107313,DEV202483,ADDR300796,ADDR300796,2024-05-09,2024-05-17,0,0,0,0.0,0.0,0.0,0.0,0.0,0.0,0,0,0,0,999,1,1,1,0,0,0,0,0,1025.19,2,Fashion,Wallet,Marketplace,Other,Premium,834,8,4,4,0,none
ORD107326,CUST101824,TXN107326,DEV201862,ADDR301654,ADDR301654,2024-07-17,2024-07-22,3,0,0,3181.24,0.0,0.0,0.0,1060.41,0.0,0,0,0,0,37,1,1,1,0,0,0,0,0,1653.45,1,Footwear,UPI,Social Commerce,Wrong product,High Value,104,5,2,3,1,serial_return_abuse
ORD107335,CUST101825,TXN107335,DEV202354,ADDR300019,ADDR300019,2024-01-04,2024-01-11,0,0,0,0.0,0.0,0.0,0.0,0.0,0.0,0,0,0,0,999,1,1,1,0,0,0,0,0,442.09,1,Fashion,Debit Card,Mobile App,Changed mind,Premium,1396,7,3,4,0,none
ORD107345,CUST101826,TXN107345,DEV201085,ADDR302161,ADDR302161,2024-12-11,2024-12-16,7,1,0,2799.67,0.0,0.125,0.0,399.95,0.0,2,4,1,0,5,7,5,4,3,5,2,3,0,1869.58,1,Sports,Wallet,Mobile App,Quality issue,Mass Market,762,5,2,3,1,account_multiplication
ORD107362,CUST101835,TXN107362,DEV200479,ADDR302102,ADDR302102,2024-04-19,2024-04-22,2,0,0,1616.86,0.0,0.0,0.0,808.43,0.0,0,1,0,0,29,1,3,3,0,0,0,0,0,1763.44,2,Sports,UPI,Website,Changed mind,Mass Market,582,3,2,1,0,none
ORD107363,CUST101835,TXN107363,DEV200479,ADDR302102,ADDR302102,2024-05-29,2024-06-03,3,1,1,3380.3,1510.75,0.25,0.25,1126.77,1510.75,0,0,0,0,45,1,3,3,1,1,1,1,0,748.49,1,Home,UPI,Marketplace,Quality issue,Mass Market,582,5,2,3,0,none
ORD107372,CUST101835,TXN107372,DEV200479,ADDR302102,ADDR302102,2024-12-16,2024-12-23,12,2,2,11567.43,2259.24,0.1538,0.1538,963.95,1129.62,0,1,0,0,23,1,3,3,2,3,2,3,0,564.69,1,Fashion,Wallet,Mobile App,Changed mind,Mass Market,582,7,4,3,0,none
ORD107376,CUST101839,TXN107376,DEV202410,ADDR301896,ADDR301896,2024-02-27,2024-03-01,0,0,0,0.0,0.0,0.0,0.0,0.0,0.0,0,0,0,0,999,1,4,4,0,1,0,0,0,389.24,1,Fashion,UPI,Website,Size issue,Mass Market,291,3,2,1,1,serial_return_abuse
ORD107381,CUST101839,TXN107381,DEV202410,ADDR301896,ADDR301896,2024-08-06,2024-08-07,5,1,1,2837.97,353.07,0.1667,0.1667,567.59,353.07,0,1,0,0,13,1,6,5,1,3,1,2,0,431.76,1,Accessories,UPI,Mobile App,Changed mind,Mass Market,291,1,0,1,1,serial_return_abuse
ORD107382,CUST101839,TXN107382,DEV202410,ADDR301896,ADDR301896,2024-10-04,2024-10-11,6,2,2,3269.73,759.65,0.2857,0.2857,544.95,379.82,0,0,0,0,66,1,7,7,2,4,2,3,0,3546.0,1,Electronics,UPI,Website,Wrong product,Mass Market,291,7,4,3,1,serial_return_abuse
ORD107417,CUST101845,TXN107417,DEV201879,ADDR302791,ADDR302791,2024-10-28,2024-11-01,13,2,0,13982.31,0.0,0.1429,0.0,1075.56,0.0,0,4,1,0,12,1,1,1,2,2,0,0,0,216.74,1,Grocery,UPI,Marketplace,Late delivery,Premium,1255,4,0,4,0,none
ORD107418,CUST101845,TXN107418,DEV201879,ADDR302791,ADDR302791,2024-11-06,2024-11-16,14,3,1,14199.05,175.02,0.2,0.0667,1014.22,175.02,0,3,1,1,19,1,1,1,3,3,1,1,0,1448.52,1,Fashion,UPI,Mobile App,Wrong product,Premium,1255,10,6,4,0,none
ORD107430,CUST101851,TXN107430,DEV200476,ADDR301056,ADDR301056,2024-04-05,2024-04-12,1,0,0,2111.3,0.0,0.0,0.0,2111.3,0.0,1,1,0,0,3,1,2,2,0,0,0,0,0,491.37,1,Footwear,UPI,Website,Size issue,Premium,300,7,4,3,0,none
ORD107447,CUST101859,TXN107447,DEV201689,ADDR301446,ADDR301446,2024-09-25,2024-09-29,0,0,0,0.0,0.0,0.0,0.0,0.0,0.0,0,0,0,0,999,1,1,1,0,0,0,0,0,675.92,1,Electronics,UPI,Mobile App,Damaged product,Budget,101,4,1,3,0,none
ORD107453,CUST101862,TXN107453,DEV203094,ADDR302214,ADDR302214,2024-03-14,2024-03-20,0,0,0,0.0,0.0,0.0,0.0,0.0,0.0,0,0,0,0,999,2,2,2,0,0,0,0,0,3247.29,3,Electronics,Credit Card,Website,Changed mind,Mass Market,1177,6,4,2,0,none
ORD107454,CUST101863,TXN107454,DEV200039,ADDR302870,ADDR302870,2024-10-07,2024-10-17,0,0,0,0.0,0.0,0.0,0.0,0.0,0.0,0,0,0,0,999,5,5,4,3,2,1,2,0,344.31,1,Beauty,Debit Card,Mobile App,Quality issue,Budget,1539,10,7,3,0,none
ORD107466,CUST101864,TXN107466,DEV201078,ADDR301016,ADDR301016,2024-11-03,2024-11-08,11,0,0,6781.34,0.0,0.0,0.0,616.49,0.0,0,1,0,0,19,3,3,4,0,2,0,1,0,1235.26,2,Home,UPI,Mobile App,Late delivery,Budget,994,5,3,2,0,none
ORD107467,CUST101864,TXN107467,DEV201078,ADDR301016,ADDR301016,2024-11-10,2024-11-17,12,1,1,8016.6,924.14,0.0769,0.0769,668.05,924.14,0,2,1,1,14,3,4,5,1,3,1,2,0,1091.2,1,Fashion,Credit Card,Mobile App,Changed mind,Budget,994,7,6,1,0,none
ORD107469,CUST101865,TXN107469,DEV201176,ADDR300380,ADDR300380,2024-01-02,2024-01-12,0,0,0,0.0,0.0,0.0,0.0,0.0,0.0,0,0,0,0,999,1,1,1,0,0,0,0,0,493.98,1,Fashion,Credit Card,Mobile App,Size issue,High Value,826,10,6,4,0,none
ORD107477,CUST101865,TXN107477,DEV201176,ADDR300380,ADDR300380,2024-10-02,2024-10-07,9,3,1,10862.32,409.43,0.3,0.1,1206.92,409.43,1,1,1,0,2,2,2,2,3,3,1,1,0,224.59,1,Grocery,Wallet,Mobile App,Damaged product,High Value,826,5,2,3,0,none
ORD107489,CUST101869,TXN107489,DEV201576,ADDR301563,ADDR302625,2024-04-15,2024-04-22,0,0,0,0.0,0.0,0.0,0.0,0.0,0.0,0,0,0,0,999,3,3,4,1,1,1,1,1,380.24,1,Accessories,Debit Card,Marketplace,Product not as described,Mass Market,232,7,4,3,1,account_multiplication
ORD107500,CUST101872,TXN107500,DEV200731,ADDR301951,ADDR301951,2024-10-25,2024-10-28,3,1,0,7559.64,0.0,0.25,0.0,2519.88,0.0,0,0,0,0,64,2,1,1,1,1,0,0,0,2311.06,1,Electronics,Wallet,Social Commerce,Damaged product,Premium,754,3,1,2,0,none
ORD107513,CUST101878,TXN107513,DEV202849,ADDR300480,ADDR300480,2024-02-10,2024-02-13,1,0,0,685.47,0.0,0.0,0.0,685.47,0.0,1,1,0,0,2,1,4,4,0,2,0,1,0,614.21,1,Electronics,UPI,Mobile App,Quality issue,Premium,427,3,2,1,0,none
ORD107519,CUST101878,TXN107519,DEV202849,ADDR300480,ADDR300480,2024-09-14,2024-09-27,6,2,1,5730.5,586.94,0.2857,0.1429,955.08,586.94,0,1,0,0,21,1,9,8,2,13,1,8,0,792.86,1,Electronics,UPI,Mobile App,Other,Premium,427,13,9,4,0,none
ORD107526,CUST101879,TXN107526,DEV200778,ADDR302043,ADDR302043,2024-06-22,2024-06-26,0,0,0,0.0,0.0,0.0,0.0,0.0,0.0,0,0,0,0,999,1,3,2,0,1,0,1,0,2518.45,1,Footwear,UPI,Website,Size issue,Mass Market,1562,4,2,2,0,none
ORD107537,CUST101884,TXN107537,DEV201794,ADDR302119,ADDR302865,2024-10-23,2024-11-04,1,0,0,53.6,0.0,0.0,0.0,53.6,0.0,0,0,0,0,267,10,7,1,2,1,2,1,1,570.86,1,Fashion,UPI,Mobile App,Wrong product,Budget,770,12,8,4,1,coordinated_address_abuse
ORD107544,CUST101888,TXN107544,DEV202561,ADDR301222,ADDR301222,2024-12-25,2024-12-27,3,0,0,1396.64,0.0,0.0,0.0,465.55,0.0,0,0,0,0,160,6,9,9,5,9,5,8,0,846.34,1,Home,Credit Card,Mobile App,Wrong product,Premium,475,2,0,2,1,account_multiplication
ORD107551,CUST101890,TXN107551,DEV200638,ADDR303190,ADDR303190,2024-11-14,2024-11-20,3,0,0,3242.05,0.0,0.0,0.0,1080.68,0.0,0,0,0,0,39,1,1,1,0,0,0,0,0,282.94,1,Fashion,Debit Card,Website,Late delivery,Budget,1090,6,4,2,0,none
ORD107563,CUST101893,TXN107563,DEV202717,ADDR302017,ADDR302017,2024-10-17,2024-10-20,5,0,0,6565.7,0.0,0.0,0.0,1313.14,0.0,0,0,0,0,34,3,1,1,1,0,1,0,0,2006.67,1,Sports,UPI,Website,Product not as described,Premium,1418,3,1,2,0,none
ORD107565,CUST101893,TXN107565,DEV202717,ADDR302017,ADDR302017,2024-11-05,2024-11-07,7,1,1,8729.3,1930.38,0.125,0.125,1247.04,1930.38,1,2,1,1,4,3,1,1,2,1,2,1,0,984.58,1,Fashion,Debit Card,Website,Changed mind,Premium,1418,2,0,2,1,serial_return_abuse
ORD107567,CUST101894,TXN107567,DEV202514,ADDR300027,ADDR300027,2024-04-12,2024-04-16,0,0,0,0.0,0.0,0.0,0.0,0.0,0.0,0,0,0,0,999,2,2,2,0,1,0,0,0,1083.11,1,Sports,UPI,Mobile App,Damaged product,Mass Market,922,4,1,3,1,serial_return_abuse
ORD107570,CUST101894,TXN107570,DEV202514,ADDR300027,ADDR300027,2024-05-07,2024-05-12,3,1,1,2299.42,607.4,0.25,0.25,766.47,607.4,0,3,1,1,12,2,2,2,1,2,1,1,0,2338.92,2,Electronics,UPI,Mobile App,Duplicate order,Mass Market,922,5,3,2,1,serial_return_abuse
ORD107579,CUST101895,TXN107579,DEV202853,ADDR300847,ADDR300847,2024-07-24,2024-07-26,1,0,0,491.37,0.0,0.0,0.0,491.37,0.0,0,0,0,0,46,1,4,4,0,1,0,1,0,380.71,1,Fashion,Net Banking,Marketplace,Size issue,Premium,1083,2,1,1,0,none
ORD107581,CUST101895,TXN107581,DEV202853,ADDR300847,ADDR300847,2024-09-16,2024-09-21,4,1,1,3834.85,269.29,0.2,0.2,958.71,269.29,1,1,0,0,2,1,5,5,1,3,1,3,0,1448.22,1,Fashion,Credit Card,Mobile App,Changed mind,Premium,1083,5,1,4,0,none
ORD107582,CUST101895,TXN107582,DEV202853,ADDR300847,ADDR300847,2024-09-19,2024-09-28,4,2,1,4192.72,269.29,0.4,0.2,1048.18,269.29,0,1,1,0,12,1,5,5,2,4,1,3,0,1090.35,1,Sports,UPI,Mobile App,Size issue,Premium,1083,9,5,4,0,none
ORD107583,CUST101896,TXN107583,DEV200416,ADDR302882,ADDR302882,2024-12-01,2024-12-04,0,0,0,0.0,0.0,0.0,0.0,0.0,0.0,0,0,0,0,999,1,7,7,0,0,0,0,0,491.97,1,Footwear,Debit Card,Marketplace,Changed mind,Mass Market,1079,3,0,3,0,none
ORD107594,CUST101902,TXN107594,DEV201291,ADDR302016,ADDR302016,2024-04-24,2024-04-27,4,1,0,2077.32,0.0,0.2,0.0,519.33,0.0,0,0,0,0,49,1,1,1,1,1,0,0,0,100.0,2,Grocery,Debit Card,Website,Quality issue,Mass Market,1405,3,0,3,0,none
ORD107604,CUST101903,TXN107604,DEV202001,ADDR302908,ADDR302908,2024-03-11,2024-03-21,2,1,0,3244.97,0.0,0.3333,0.0,1622.48,0.0,0,1,1,0,29,1,2,2,1,2,0,1,0,679.56,1,Footwear,Debit Card,Website,Size issue,Premium,1473,10,7,3,0,none
ORD107605,CUST101903,TXN107605,DEV202001,ADDR302908,ADDR302908,2024-03-26,2024-03-31,3,2,1,3924.53,507.43,0.5,0.25,1308.18,507.43,0,1,1,1,20,1,2,2,2,3,1,2,0,387.68,1,Home,UPI,Social Commerce,Quality issue,Premium,1473,5,1,4,0,none
ORD107608,CUST101903,TXN107608,DEV202001,ADDR302908,ADDR302908,2024-07-07,2024-07-10,6,3,2,7039.21,816.32,0.4286,0.2857,1173.2,408.16,0,1,0,0,11,1,2,2,3,4,2,3,0,1019.49,1,Fashion,UPI,Mobile App,Size issue,Premium,1473,3,0,3,0,none
ORD107611,CUST101903,TXN107611,DEV202001,ADDR302908,ADDR302333,2024-10-06,2024-10-11,9,4,3,9655.13,1647.08,0.4,0.3,1072.79,549.03,0,0,0,0,38,1,2,2,4,5,3,4,1,823.55,1,Fashion,Wallet,Mobile App,Changed mind,Premium,1473,5,4,1,0,none
ORD107620,CUST101904,TXN107620,DEV202353,ADDR301125,ADDR301125,2024-08-06,2024-08-14,3,1,0,5307.56,0.0,0.25,0.0,1769.19,0.0,0,0,0,0,58,1,3,3,1,4,0,2,0,499.95,1,Fashion,UPI,Website,Damaged product,Mass Market,67,8,7,1,0,none
ORD107630,CUST101905,TXN107630,DEV202010,ADDR300749,ADDR300749,2024-02-25,2024-02-27,3,0,0,1724.63,0.0,0.0,0.0,574.88,0.0,0,1,0,0,30,1,2,2,0,0,0,0,0,372.9,1,Fashion,UPI,Website,Size issue,Budget,499,2,0,2,0,none
ORD107631,CUST101905,TXN107631,DEV202010,ADDR300749,ADDR300749,2024-03-08,2024-03-12,5,1,1,2219.21,332.15,0.1667,0.1667,443.84,332.15,1,2,1,1,3,1,2,2,1,1,1,1,0,243.36,1,Sports,UPI,Social Commerce,Size issue,Budget,499,4,0,4,1,serial_return_abuse
ORD107634,CUST101905,TXN107634,DEV202010,ADDR300749,ADDR300749,2024-08-09,2024-08-10,7,2,2,3257.45,553.24,0.25,0.25,465.35,276.62,0,0,0,0,77,1,3,3,2,2,2,2,0,1296.51,1,Electronics,Credit Card,Social Commerce,Quality issue,Budget,499,1,0,1,1,serial_return_abuse
ORD107640,CUST101905,TXN107640,DEV202010,ADDR300749,ADDR300749,2024-12-22,2024-12-30,13,3,3,9016.1,1520.09,0.2143,0.2143,693.55,506.7,0,1,0,0,9,1,3,3,3,3,3,3,0,387.67,1,Beauty,Net Banking,Social Commerce,Damaged product,Budget,499,8,4,4,1,serial_return_abuse
ORD107660,CUST101911,TXN107660,DEV202255,ADDR300942,ADDR300942,2024-12-22,2024-12-24,0,0,0,0.0,0.0,0.0,0.0,0.0,0.0,0,0,0,0,999,2,4,4,0,0,0,0,0,2670.76,1,Fashion,Credit Card,Mobile App,Quality issue,Premium,1432,2,1,1,0,none
ORD107663,CUST101913,TXN107663,DEV201733,ADDR301959,ADDR301959,2024-01-29,2024-02-01,1,0,0,65.6,0.0,0.0,0.0,65.6,0.0,1,1,0,0,7,1,1,1,0,0,0,0,0,324.36,1,Beauty,UPI,Marketplace,Other,Budget,1465,3,0,3,0,none
ORD107669,CUST101913,TXN107669,DEV201733,ADDR301959,ADDR301959,2024-10-27,2024-10-30,7,2,1,5219.84,299.05,0.25,0.125,745.69,299.05,0,0,0,0,40,2,1,1,2,2,1,1,0,1535.9,1,Electronics,Credit Card,Marketplace,Product not as described,Budget,1465,3,2,1,0,none
ORD107672,CUST101914,TXN107672,DEV202966,ADDR300573,ADDR300573,2024-07-05,2024-07-15,2,0,0,1245.94,0.0,0.0,0.0,622.97,0.0,0,1,0,0,18,1,10,10,0,6,0,5,0,249.32,1,Accessories,Debit Card,Mobile App,Product not as described,Mass Market,145,10,7,3,0,none
ORD107680,CUST101916,TXN107680,DEV201085,ADDR302161,ADDR302161,2024-04-13,2024-04-22,5,0,0,6681.78,0.0,0.0,0.0,1336.36,0.0,1,3,0,0,1,4,3,3,1,2,1,1,0,662.85,1,Fashion,Credit Card,Website,Size issue,Mass Market,224,9,5,4,1,account_multiplication
ORD107688,CUST101917,TXN107688,DEV202214,ADDR300133,ADDR300133,2024-01-20,2024-01-21,3,0,0,4017.61,0.0,0.0,0.0,1339.2,0.0,3,3,0,0,2,2,1,1,0,0,0,0,0,1078.32,1,Sports,Wallet,Marketplace,Size issue,Premium,218,1,0,1,1,refund_abuse
ORD107691,CUST101917,TXN107691,DEV202214,ADDR300133,ADDR300133,2024-01-25,2024-01-28,6,1,1,10589.86,971.79,0.1429,0.1429,1764.98,971.79,2,6,1,1,6,2,1,1,1,1,1,1,0,554.36,1,Fashion,Debit Card,Website,Size issue,Premium,218,3,1,2,1,refund_abuse
ORD107697,CUST101917,TXN107697,DEV202214,ADDR300133,ADDR300133,2024-10-21,2024-11-03,12,3,2,17070.68,1447.08,0.2308,0.1538,1422.56,723.54,0,2,0,0,20,2,1,1,3,3,2,2,0,1841.57,1,Fashion,Debit Card,Marketplace,Wrong product,Premium,218,13,9,4,1,refund_abuse
ORD107698,CUST101917,TXN107698,DEV202214,ADDR300133,ADDR300133,2024-11-15,2024-11-23,13,4,3,18912.25,3043.61,0.2857,0.2143,1454.79,1014.54,0,0,1,1,33,2,1,1,4,4,3,3,0,1197.03,1,Fashion,Net Banking,Marketplace,Size issue,Premium,218,8,7,1,0,none
ORD107702,CUST101919,TXN107702,DEV203089,ADDR300480,ADDR300480,2024-02-24,2024-03-02,1,0,0,300.0,0.0,0.0,0.0,300.0,0.0,0,0,0,0,53,1,6,5,0,4,0,3,0,1400.02,2,Fashion,EMI,Mobile App,Changed mind,Mass Market,720,7,4,3,0,none
ORD107712,CUST101919,TXN107712,DEV203089,ADDR300480,ADDR300480,2024-11-15,2024-11-21,11,2,1,10579.62,1269.56,0.1667,0.0833,961.78,1269.56,0,1,1,0,27,1,11,10,2,18,1,10,0,1754.54,1,Footwear,Debit Card,Website,Changed mind,Mass Market,720,6,2,4,0,none
ORD107715,CUST101920,TXN107715,DEV201612,ADDR302811,ADDR301634,2024-01-29,2024-02-11,1,0,0,768.31,0.0,0.0,0.0,768.31,0.0,0,1,0,0,18,1,1,1,0,0,0,0,1,596.22,1,Home,Debit Card,Mobile App,Damaged product,Mass Market,166,13,10,3,0,none
ORD107721,CUST101920,TXN107721,DEV201612,ADDR302811,ADDR302811,2024-11-09,2024-11-22,8,1,1,3950.51,596.22,0.1111,0.1111,493.81,596.22,1,3,0,0,7,1,2,2,1,1,1,1,0,300.0,1,Fashion,UPI,Mobile App,Quality issue,Mass Market,166,13,11,2,0,none
ORD107723,CUST101921,TXN107723,DEV203178,ADDR300715,ADDR300635,2024-01-05,2024-01-18,2,0,0,1675.78,0.0,0.0,0.0,837.89,0.0,1,2,0,0,6,2,1,1,1,0,1,0,1,500.0,1,Electronics,Credit Card,Mobile App,Changed mind,Mass Market,494,13,12,1,1,serial_return_abuse
ORD107729,CUST101921,TXN107729,DEV203178,ADDR300715,ADDR300715,2024-11-09,2024-11-15,6,1,1,5223.27,496.3,0.1429,0.1429,870.54,496.3,0,0,0,0,155,4,1,1,4,1,4,1,0,386.54,1,Fashion,Credit Card,Mobile App,Size issue,Mass Market,494,6,3,3,1,serial_return_abuse
ORD107733,CUST101924,TXN107733,DEV201884,ADDR301292,ADDR301292,2024-04-11,2024-04-12,0,0,0,0.0,0.0,0.0,0.0,0.0,0.0,0,0,0,0,999,1,1,3,0,0,0,0,0,1328.63,2,Fashion,Debit Card,Mobile App,Changed mind,Premium,1501,1,0,1,1,serial_return_abuse
ORD107738,CUST101924,TXN107738,DEV201884,ADDR301292,ADDR301292,2024-11-25,2024-12-06,5,2,1,3115.52,1112.72,0.3333,0.1667,623.1,1112.72,0,1,1,0,12,1,1,3,2,2,1,1,0,752.7,1,Beauty,Credit Card,Website,Wrong product,Premium,1501,11,8,3,1,serial_return_abuse
ORD107744,CUST101930,TXN107744,DEV203115,ADDR302181,ADDR300952,2024-02-09,2024-02-11,0,0,0,0.0,0.0,0.0,0.0,0.0,0.0,0,0,0,0,999,1,1,2,0,0,0,0,1,1744.3,2,Fashion,UPI,Mobile App,Product not as described,Premium,664,2,1,1,1,coordinated_device_abuse
ORD107747,CUST101931,TXN107747,DEV202379,ADDR300412,ADDR303012,2024-04-01,2024-04-15,2,0,0,4611.97,0.0,0.0,0.0,2305.98,0.0,0,1,0,0,12,1,1,2,0,0,0,0,1,1076.58,1,Electronics,EMI,Mobile App,Damaged product,Premium,1563,14,10,4,0,none
ORD107751,CUST101931,TXN107751,DEV202379,ADDR300412,ADDR300412,2024-07-22,2024-08-02,5,2,1,6566.12,1040.93,0.3333,0.1667,1313.22,1040.93,0,0,0,0,60,1,1,1,2,2,1,1,0,309.39,1,Accessories,UPI,Marketplace,Wrong product,Premium,1563,11,9,2,0,none
ORD107758,CUST101932,TXN107758,DEV201332,ADDR301481,ADDR301481,2024-03-11,2024-03-12,1,0,0,1032.31,0.0,0.0,0.0,1032.31,0.0,1,1,0,0,4,1,1,1,0,0,0,0,0,470.52,1,Sports,Wallet,Mobile App,Damaged product,Budget,208,1,0,1,1,serial_return_abuse
ORD107773,CUST101932,TXN107773,DEV201332,ADDR301481,ADDR301481,2024-12-19,2024-12-22,16,2,1,9095.52,434.19,0.1176,0.0588,568.47,434.19,0,0,0,0,61,2,1,2,2,2,1,1,0,310.59,1,Fashion,Debit Card,Website,Changed mind,Budget,208,3,2,1,0,none
ORD107778,CUST101934,TXN107778,DEV200766,ADDR302246,ADDR302246,2024-08-13,2024-08-25,0,0,0,0.0,0.0,0.0,0.0,0.0,0.0,0,0,0,0,999,1,2,2,0,0,0,0,0,289.69,1,Accessories,Net Banking,Mobile App,Wrong product,Budget,235,12,9,3,0,none
ORD107806,CUST101948,TXN107806,DEV201640,ADDR301145,ADDR301145,2024-01-02,2024-01-08,0,0,0,0.0,0.0,0.0,0.0,0.0,0.0,0,0,0,0,999,1,1,1,0,0,0,0,0,234.31,1,Accessories,Credit Card,Website,Damaged product,Budget,1151,6,4,2,0,none
ORD107810,CUST101948,TXN107810,DEV201640,ADDR301145,ADDR301145,2024-10-01,2024-10-10,4,1,1,1413.98,233.91,0.2,0.2,353.5,233.91,0,0,0,0,92,3,2,2,1,2,1,1,0,490.03,1,Fashion,Debit Card,Mobile App,Changed mind,Budget,1151,9,8,1,0,none
ORD107816,CUST101951,TXN107816,DEV200803,ADDR301710,ADDR301710,2024-10-13,2024-10-23,1,0,0,188.08,0.0,0.0,0.0,188.08,0.0,0,1,0,0,11,6,5,5,2,2,2,2,0,848.52,1,Fashion,UPI,Website,Changed mind,Premium,606,10,7,3,0,none
ORD107825,CUST101955,TXN107825,DEV200936,ADDR300409,ADDR300409,2024-04-07,2024-04-09,1,0,0,678.41,0.0,0.0,0.0,678.41,0.0,0,1,0,0,17,1,1,1,0,0,0,0,0,300.0,1,Sports,UPI,Mobile App,Damaged product,Mass Market,1359,2,1,1,0,none
ORD107826,CUST101955,TXN107826,DEV200936,ADDR300409,ADDR300409,2024-05-29,2024-06-08,2,1,1,978.41,300.0,0.3333,0.3333,489.2,300.0,0,0,0,0,62,1,1,1,1,1,1,1,0,563.63,1,Home,Net Banking,Mobile App,Size issue,Mass Market,1359,10,9,1,0,none
ORD107827,CUST101955,TXN107827,DEV201637,ADDR300409,ADDR300409,2024-07-04,2024-07-06,3,2,2,1542.04,652.94,0.5,0.5,514.01,326.47,0,0,1,1,38,2,1,1,1,2,1,2,0,164.91,1,Accessories,Debit Card,Mobile App,Product not as described,Mass Market,1359,2,1,1,0,none
ORD107835,CUST101956,TXN107835,DEV202952,ADDR301105,ADDR301105,2024-11-24,2024-12-02,5,1,0,7997.31,0.0,0.1667,0.0,1599.46,0.0,0,0,0,0,38,1,1,1,1,1,0,0,0,1205.22,3,Beauty,UPI,Website,Changed mind,Premium,926,8,7,1,0,none
ORD107840,CUST101958,TXN107840,DEV201770,ADDR301560,ADDR301560,2024-07-09,2024-07-12,1,0,0,938.05,0.0,0.0,0.0,938.05,0.0,0,1,0,0,27,1,3,3,0,0,0,0,0,1329.81,1,Electronics,UPI,Website,Wrong product,High Value,1443,3,1,2,0,none
ORD107843,CUST101960,TXN107843,DEV201797,ADDR302880,ADDR302880,2024-01-08,2024-01-17,0,0,0,0.0,0.0,0.0,0.0,0.0,0.0,0,0,0,0,999,1,1,1,0,0,0,0,0,514.13,1,Beauty,Credit Card,Mobile App,Product not as described,High Value,673,9,7,2,0,none
ORD107849,CUST101961,TXN107849,DEV201336,ADDR302439,ADDR302439,2024-11-01,2024-11-12,8,4,1,5809.88,694.66,0.4444,0.1111,726.24,694.66,2,4,1,1,2,1,4,4,4,4,1,1,0,1065.82,1,Fashion,EMI,Mobile App,Size issue,Premium,900,11,10,1,0,none
ORD107850,CUST101961,TXN107850,DEV201336,ADDR302439,ADDR302439,2024-11-02,2024-11-03,6,3,0,4013.67,0.0,0.4286,0.0,668.94,0.0,1,2,0,0,2,1,4,4,3,3,0,0,0,868.4,1,Fashion,UPI,Mobile App,Size issue,Premium,900,1,0,1,0,none
ORD107861,CUST101966,TXN107861,DEV202655,ADDR300550,ADDR300550,2024-03-09,2024-03-19,4,0,0,5443.78,0.0,0.0,0.0,1360.95,0.0,1,2,0,0,6,1,2,2,0,0,0,0,0,874.25,1,Fashion,Net Banking,Mobile App,Changed mind,Premium,972,10,7,3,0,none
ORD107868,CUST101966,TXN107868,DEV202655,ADDR300550,ADDR300550,2024-08-02,2024-08-11,10,1,1,11261.67,874.25,0.0909,0.0909,1126.17,874.25,0,0,0,0,58,1,2,2,1,1,1,1,0,475.15,1,Accessories,Net Banking,Social Commerce,Duplicate order,Premium,972,9,5,4,0,none
ORD107878,CUST101966,TXN107878,DEV202046,ADDR300550,ADDR300550,2024-12-18,2024-12-22,20,3,2,20623.62,1327.03,0.1429,0.0952,1031.18,663.52,0,1,0,0,18,3,2,2,5,4,3,2,0,871.39,1,Accessories,Debit Card,Website,Product not as described,Premium,972,4,0,4,1,policy_exploitation
ORD107889,CUST101970,TXN107889,DEV201763,ADDR301349,ADDR301349,2024-03-19,2024-03-27,3,0,0,3008.65,0.0,0.0,0.0,1002.88,0.0,1,1,0,0,4,2,1,1,0,0,0,0,0,612.07,1,Fashion,Credit Card,Mobile App,Damaged product,Budget,537,8,6,2,1,serial_return_abuse
ORD107892,CUST101970,TXN107892,DEV201763,ADDR301349,ADDR302940,2024-08-29,2024-08-30,5,1,1,4037.79,562.66,0.1667,0.1667,807.56,562.66,0,0,0,0,65,4,2,1,2,1,2,1,1,243.36,1,Fashion,Debit Card,Mobile App,Changed mind,Budget,537,1,0,1,0,none
ORD107898,CUST101972,TXN107898,DEV201588,ADDR301328,ADDR301328,2024-06-14,2024-06-25,2,0,0,1494.46,0.0,0.0,0.0,747.23,0.0,0,0,0,0,145,1,4,4,0,1,0,0,0,1004.3,1,Fashion,UPI,Website,Size issue,Premium,90,11,7,4,0,none
ORD107905,CUST101973,TXN107905,DEV201179,ADDR302325,ADDR302325,2024-08-31,2024-09-13,2,0,0,1741.22,0.0,0.0,0.0,870.61,0.0,0,1,0,0,26,1,2,3,0,2,0,1,0,342.3,1,Beauty,Credit Card,Mobile App,Damaged product,Budget,612,13,10,3,0,none
ORD107908,CUST101974,TXN107908,DEV200195,ADDR301631,ADDR301631,2024-05-16,2024-05-29,0,0,0,0.0,0.0,0.0,0.0,0.0,0.0,0,0,0,0,999,1,1,1,0,0,0,0,0,443.09,2,Accessories,Credit Card,Mobile App,Wrong product,Premium,1008,13,9,4,0,none
ORD107910,CUST101975,TXN107910,DEV200405,ADDR302828,ADDR302828,2024-02-06,2024-02-13,3,0,0,2408.24,0.0,0.0,0.0,802.75,0.0,2,2,0,0,4,1,1,1,0,0,0,0,0,519.77,1,Electronics,UPI,Marketplace,Changed mind,Budget,1451,7,5,2,0,none
ORD107913,CUST101975,TXN107913,DEV200405,ADDR302828,ADDR302828,2024-02-16,2024-03-02,4,2,1,2928.01,491.22,0.4,0.2,732.0,491.22,0,3,2,1,22,1,2,2,2,2,1,1,0,1627.33,2,Footwear,Net Banking,Mobile App,Changed mind,Budget,1451,15,11,4,0,none
ORD107917,CUST101975,TXN107917,DEV200405,ADDR302828,ADDR302828,2024-04-07,2024-04-15,8,3,2,6973.26,2118.55,0.3333,0.2222,871.66,1059.28,0,1,0,0,17,1,2,2,3,3,2,2,0,243.36,1,Fashion,Debit Card,Mobile App,Quality issue,Budget,1451,8,6,2,0,none
ORD107920,CUST101975,TXN107920,DEV200405,ADDR302828,ADDR302828,2024-06-12,2024-06-19,11,4,3,9462.15,2332.26,0.3333,0.25,860.2,777.42,0,1,0,0,21,1,2,2,4,4,3,3,0,428.08,1,Footwear,Net Banking,Marketplace,Size issue,Budget,1451,7,4,3,0,none
ORD107921,CUST101975,TXN107921,DEV200405,ADDR302828,ADDR302828,2024-07-14,2024-07-15,12,5,4,9890.23,2672.43,0.3846,0.3077,824.19,668.11,0,0,1,1,33,1,2,2,5,5,4,4,0,453.39,1,Fashion,UPI,Marketplace,Wrong product,Budget,1451,1,0,1,0,none
ORD107954,CUST101980,TXN107954,DEV200882,ADDR301041,ADDR301041,2024-10-28,2024-11-08,7,0,0,12367.57,0.0,0.0,0.0,1766.8,0.0,0,2,0,0,13,1,2,3,0,0,0,0,0,1184.71,1,Fashion,Credit Card,Website,Size issue,High Value,373,11,10,1,0,none
ORD107959,CUST101981,TXN107959,DEV202945,ADDR301222,ADDR301222,2024-04-09,2024-04-13,2,1,0,975.16,0.0,0.3333,0.0,487.58,0.0,1,1,0,0,1,1,5,5,1,2,0,1,0,184.26,1,Beauty,EMI,Mobile App,Wrong product,Premium,997,4,3,1,0,none
ORD107963,CUST101981,TXN107963,DEV202945,ADDR301222,ADDR301222,2024-06-14,2024-06-20,6,3,1,3980.32,184.26,0.4286,0.1429,663.39,184.26,1,2,1,0,3,1,8,8,3,7,1,5,0,133.26,1,Accessories,UPI,Social Commerce,Product not as described,Premium,997,6,4,2,0,none
ORD107964,CUST101981,TXN107964,DEV202945,ADDR301222,ADDR301222,2024-06-17,2024-06-18,6,2,1,3183.47,184.26,0.2857,0.1429,530.58,184.26,1,2,0,0,4,1,8,8,2,6,1,5,0,930.11,1,Fashion,UPI,Mobile App,Size issue,Premium,997,1,0,1,0,none
ORD107985,CUST101985,TXN107985,DEV201064,ADDR301478,ADDR301478,2024-08-14,2024-08-26,7,1,0,5864.24,0.0,0.125,0.0,837.75,0.0,0,0,0,0,37,2,1,2,1,1,0,0,0,2028.0,2,Fashion,Wallet,Website,Size issue,Budget,499,12,9,3,0,none
ORD107991,CUST101986,TXN107991,DEV200338,ADDR302908,ADDR301227,2024-11-10,2024-11-20,0,0,0,0.0,0.0,0.0,0.0,0.0,0.0,0,0,0,0,999,2,3,3,0,8,0,6,1,1544.9,1,Footwear,Wallet,Mobile App,Size issue,Premium,847,10,7,3,0,none
ORD108007,CUST101990,TXN108007,DEV203148,ADDR302625,ADDR302625,2024-06-26,2024-07-01,6,1,1,4594.37,266.09,0.1429,0.1429,765.73,266.09,4,5,1,1,2,6,7,6,5,5,3,3,0,912.46,1,Fashion,Credit Card,Website,Quality issue,Budget,662,5,1,4,1,coordinated_address_abuse
ORD108008,CUST101990,TXN108008,DEV203148,ADDR302625,ADDR302625,2024-06-26,2024-06-28,4,0,0,3818.56,0.0,0.0,0.0,954.64,0.0,2,3,0,0,1,6,7,6,4,4,2,2,0,306.62,1,Home,Debit Card,Website,Wrong product,Budget,662,2,0,2,1,coordinated_address_abuse
ORD108032,CUST101998,TXN108032,DEV203196,ADDR301165,ADDR301165,2024-05-08,2024-05-13,2,0,0,400.88,0.0,0.0,0.0,200.44,0.0,0,0,0,0,40,3,1,2,0,0,0,0,0,748.64,1,Electronics,Credit Card,Marketplace,Other,Mass Market,685,5,2,3,1,serial_return_abuse
ORD108044,CUST101999,TXN108044,DEV201454,ADDR301331,ADDR301331,2024-04-10,2024-04-15,4,0,0,1702.88,0.0,0.0,0.0,425.72,0.0,1,2,0,0,6,2,2,2,0,1,0,1,0,449.55,1,Sports,Debit Card,Mobile App,Damaged product,Budget,930,5,2,3,1,serial_return_abuse
ORD108053,CUST101999,TXN108053,DEV201454,ADDR301331,ADDR301331,2024-10-28,2024-11-02,14,2,1,7745.83,416.23,0.1333,0.0667,553.27,416.23,1,7,1,0,1,2,2,2,2,4,1,3,0,243.36,1,Fashion,Debit Card,Mobile App,Size issue,Budget,930,5,1,4,1,serial_return_abuse
ORD108054,CUST101999,TXN108054,DEV201454,ADDR301331,ADDR301331,2024-11-01,2024-11-12,14,3,1,5709.01,416.23,0.2,0.0667,407.79,416.23,0,6,2,0,15,2,2,2,3,5,1,3,0,2280.18,2,Fashion,UPI,Website,Quality issue,Budget,930,11,8,3,1,serial_return_abuse
ORD108055,CUST101999,TXN108055,DEV201454,ADDR301331,ADDR301331,2024-12-28,2025-01-04,15,4,2,7989.19,623.27,0.25,0.125,532.61,311.64,0,0,0,0,64,2,2,2,4,7,2,5,0,243.36,1,Fashion,Net Banking,Marketplace,Size issue,Budget,930,7,5,2,1,serial_return_abuse
ORD108085,CUST102014,TXN108085,DEV200673,ADDR300828,ADDR300828,2024-03-26,2024-03-31,1,0,0,229.8,0.0,0.0,0.0,229.8,0.0,0,1,0,0,18,1,4,4,0,0,0,0,0,421.51,1,Fashion,UPI,Website,Size issue,Budget,123,5,3,2,0,none
ORD108088,CUST102014,TXN108088,DEV200673,ADDR300828,ADDR300828,2024-06-25,2024-06-29,4,1,1,1662.51,374.48,0.2,0.2,415.63,374.48,0,0,0,0,59,2,4,5,1,3,1,3,0,1481.38,2,Footwear,UPI,Website,Product not as described,Budget,123,4,2,2,0,none
ORD108089,CUST102014,TXN108089,DEV200928,ADDR300828,ADDR300828,2024-07-26,2024-08-07,5,2,2,3143.89,1597.05,0.3333,0.3333,628.78,798.52,0,0,0,0,43,1,4,5,0,4,0,4,0,320.98,1,Beauty,UPI,Marketplace,Damaged product,Budget,123,12,8,4,0,none
ORD108101,CUST102018,TXN108101,DEV200324,ADDR300663,ADDR300663,2024-01-26,2024-01-27,1,0,0,389.12,0.0,0.0,0.0,389.12,0.0,1,1,0,0,2,1,1,1,0,0,0,0,0,620.97,1,Footwear,UPI,Mobile App,Changed mind,Mass Market,629,1,0,1,0,none
ORD108135,CUST102034,TXN108135,DEV200685,ADDR300753,ADDR300753,2024-07-04,2024-07-10,1,0,0,923.47,0.0,0.0,0.0,923.47,0.0,0,0,0,0,128,2,1,1,1,0,1,0,0,1963.36,1,Fashion,Credit Card,Marketplace,Damaged product,Premium,537,6,2,4,0,none
ORD108137,CUST102035,TXN108137,DEV202538,ADDR300609,ADDR300609,2024-10-13,2024-10-15,0,0,0,0.0,0.0,0.0,0.0,0.0,0.0,0,0,0,0,999,4,4,4,1,1,1,1,0,653.92,1,Fashion,EMI,Website,Changed mind,Mass Market,1194,2,1,1,0,none
ORD108140,CUST102038,TXN108140,DEV202944,ADDR303099,ADDR303099,2024-01-14,2024-01-15,0,0,0,0.0,0.0,0.0,0.0,0.0,0.0,0,0,0,0,999,1,2,2,0,0,0,0,0,1458.98,1,Sports,Debit Card,Mobile App,Size issue,Premium,1093,1,0,1,0,none
ORD108147,CUST102040,TXN108147,DEV200236,ADDR302102,ADDR302102,2024-11-08,2024-11-15,5,0,0,1799.33,0.0,0.0,0.0,359.87,0.0,0,0,0,0,44,1,3,3,0,2,0,2,0,397.77,1,Footwear,EMI,Social Commerce,Size issue,Budget,1579,7,4,3,0,none
ORD108149,CUST102041,TXN108149,DEV201961,ADDR300480,ADDR300480,2024-01-14,2024-01-24,0,0,0,0.0,0.0,0.0,0.0,0.0,0.0,0,0,0,0,999,1,3,3,0,0,0,0,0,368.52,1,Fashion,Debit Card,Website,Quality issue,Premium,685,10,7,3,0,none
ORD108150,CUST102041,TXN108150,DEV201961,ADDR300480,ADDR300480,2024-03-04,2024-03-09,1,1,1,368.52,344.41,0.5,0.5,368.52,344.41,0,0,0,0,55,1,6,5,1,5,1,4,0,509.15,1,Beauty,Credit Card,Mobile App,Quality issue,Premium,685,5,1,4,0,none
ORD108152,CUST102041,TXN108152,DEV201961,ADDR300480,ADDR300480,2024-06-20,2024-06-26,3,2,2,1062.34,730.14,0.5,0.5,354.11,365.07,0,0,0,0,65,2,7,6,2,8,2,6,0,814.34,2,Home,Credit Card,Mobile App,Product not as described,Premium,685,6,4,2,0,none
ORD108158,CUST102041,TXN108158,DEV201961,ADDR300480,ADDR300480,2024-12-09,2024-12-15,9,4,3,4706.46,1332.05,0.4,0.3,522.94,444.02,0,0,0,0,31,3,11,10,5,20,3,12,0,871.93,1,Fashion,Wallet,Mobile App,Size issue,Premium,685,6,4,2,0,none
ORD108164,CUST102043,TXN108164,DEV203046,ADDR302870,ADDR302870,2024-02-25,2024-03-09,0,0,0,0.0,0.0,0.0,0.0,0.0,0.0,0,0,0,0,999,2,2,1,0,1,0,1,0,382.14,1,Beauty,Debit Card,Social Commerce,Changed mind,Mass Market,116,13,12,1,0,none
ORD108172,CUST102044,TXN108172,DEV203070,ADDR300327,ADDR300327,2024-07-10,2024-07-12,7,2,0,3701.13,0.0,0.25,0.0,528.73,0.0,0,0,0,0,62,1,1,1,2,2,0,0,0,326.91,1,Footwear,UPI,Website,Size issue,Budget,293,2,0,2,1,policy_exploitation
ORD108176,CUST102044,TXN108176,DEV203070,ADDR300327,ADDR300327,2024-12-20,2024-12-25,11,4,1,6058.77,321.2,0.3333,0.0833,550.8,321.2,0,1,1,0,10,1,1,1,4,4,1,1,0,243.36,1,Fashion,Credit Card,Mobile App,Size issue,Budget,293,5,1,4,0,none
ORD108188,CUST102046,TXN108188,DEV200862,ADDR300683,ADDR302649,2024-04-22,2024-04-26,4,0,0,678.5,0.0,0.0,0.0,169.62,0.0,0,1,0,0,15,2,3,2,0,1,0,1,1,939.14,1,Fashion,UPI,Website,Size issue,Budget,873,4,0,4,0,none
ORD108191,CUST102046,TXN108191,DEV200862,ADDR300683,ADDR300683,2024-08-09,2024-08-20,7,2,1,2721.63,756.64,0.25,0.125,388.8,756.64,0,0,0,0,81,2,3,3,2,3,1,2,0,1608.75,2,Footwear,Net Banking,Mobile App,Wrong product,Budget,873,11,10,1,0,none
ORD108196,CUST102046,TXN108196,DEV200862,ADDR300683,ADDR300683,2024-12-12,2024-12-19,12,4,2,6000.36,2215.19,0.3077,0.1538,500.03,1107.6,0,1,0,0,22,2,3,3,4,6,2,4,0,1323.87,1,Fashion,EMI,Mobile App,Changed mind,Budget,873,7,3,4,0,none
ORD108213,CUST102055,TXN108213,DEV200340,ADDR300425,ADDR300425,2024-01-15,2024-01-20,4,0,0,3201.84,0.0,0.0,0.0,800.46,0.0,2,4,0,0,4,1,1,1,0,0,0,0,0,324.48,1,Footwear,Credit Card,Website,Size issue,Budget,1132,5,3,2,1,refund_abuse
ORD108246,CUST102062,TXN108246,DEV200803,ADDR301710,ADDR301710,2024-08-08,2024-08-13,1,0,0,275.63,0.0,0.0,0.0,275.63,0.0,0,0,0,0,51,4,3,3,1,1,1,1,0,100.88,1,Accessories,Credit Card,Mobile App,Product not as described,Budget,1143,5,2,3,0,none
ORD108250,CUST102064,TXN108250,DEV201095,ADDR301198,ADDR301198,2024-05-25,2024-05-29,0,0,0,0.0,0.0,0.0,0.0,0.0,0.0,0,0,0,0,999,4,4,4,2,2,2,2,0,300.0,1,Sports,Debit Card,Website,Size issue,Mass Market,1126,4,2,2,0,none
ORD108258,CUST102066,TXN108258,DEV202167,ADDR301029,ADDR301029,2024-03-24,2024-04-02,2,0,0,4909.57,0.0,0.0,0.0,2454.79,0.0,0,2,0,0,15,6,6,6,1,1,1,1,0,1030.99,1,Electronics,Credit Card,Website,Quality issue,Mass Market,1264,9,5,4,1,account_multiplication
ORD108272,CUST102068,TXN108272,DEV200537,ADDR302157,ADDR302157,2024-11-04,2024-11-17,3,0,0,1481.08,0.0,0.0,0.0,493.69,0.0,0,1,0,0,10,3,1,1,1,0,1,0,0,577.79,1,Footwear,Wallet,Website,Product not as described,Budget,898,13,11,2,0,none
ORD108275,CUST102069,TXN108275,DEV200698,ADDR300117,ADDR300117,2024-07-06,2024-07-16,0,0,0,0.0,0.0,0.0,0.0,0.0,0.0,0,0,0,0,999,2,1,1,0,0,0,0,0,243.36,1,Sports,Net Banking,Mobile App,Size issue,Budget,929,10,6,4,0,none
ORD108295,CUST102074,TXN108295,DEV201950,ADDR301913,ADDR301913,2024-10-11,2024-10-22,2,0,0,347.02,0.0,0.0,0.0,173.51,0.0,0,0,0,0,77,1,1,1,0,0,0,0,0,995.12,1,Fashion,Debit Card,Website,Wrong product,Budget,1165,11,9,2,0,none
ORD108301,CUST102078,TXN108301,DEV200394,ADDR300734,ADDR300734,2024-10-30,2024-11-11,1,0,0,361.98,0.0,0.0,0.0,361.98,0.0,0,0,0,0,151,5,4,4,0,0,0,0,0,1081.94,2,Fashion,Credit Card,Mobile App,Size issue,Mass Market,984,12,10,2,0,none
ORD108322,CUST102082,TXN108322,DEV201140,ADDR301759,ADDR301759,2024-01-02,2024-01-09,1,0,0,574.59,0.0,0.0,0.0,574.59,0.0,1,1,0,0,6,1,2,2,0,0,0,0,0,790.48,1,Fashion,Credit Card,Mobile App,Size issue,Budget,161,7,4,3,0,none
ORD108330,CUST102084,TXN108330,DEV202191,ADDR300366,ADDR300366,2024-04-07,2024-04-14,0,0,0,0.0,0.0,0.0,0.0,0.0,0.0,0,0,0,0,999,1,6,6,0,1,0,1,0,374.74,1,Fashion,Credit Card,Mobile App,Product not as described,Mass Market,766,7,6,1,0,none
ORD108337,CUST102085,TXN108337,DEV201870,ADDR302584,ADDR302584,2024-09-27,2024-10-14,1,0,0,1740.28,0.0,0.0,0.0,1740.28,0.0,0,1,0,0,30,2,1,1,2,0,1,0,0,1071.03,1,Fashion,Credit Card,Website,Quality issue,Mass Market,130,17,14,3,0,none
ORD108338,CUST102085,TXN108338,DEV201870,ADDR302584,ADDR302584,2024-11-24,2024-11-29,2,1,1,2811.31,1045.32,0.3333,0.3333,1405.66,1045.32,0,0,0,0,63,3,1,1,4,1,3,1,0,353.56,1,Beauty,Debit Card,Mobile App,Product not as described,Mass Market,130,5,2,3,0,none
ORD108342,CUST102086,TXN108342,DEV203067,ADDR302604,ADDR302604,2024-03-24,2024-04-09,3,1,0,1737.04,0.0,0.25,0.0,579.01,0.0,0,0,0,0,72,1,1,1,1,1,0,0,0,559.54,1,Fashion,Credit Card,Marketplace,Damaged product,Budget,568,16,13,3,0,none
ORD108346,CUST102086,TXN108346,DEV203067,ADDR302604,ADDR302604,2024-09-07,2024-09-20,7,3,1,3239.5,559.54,0.375,0.125,462.79,559.54,0,0,1,0,36,2,1,1,3,3,1,1,0,243.36,1,Fashion,Credit Card,Mobile App,Size issue,Budget,568,13,12,1,0,none
ORD108349,CUST102086,TXN108349,DEV203067,ADDR302604,ADDR302604,2024-10-16,2024-10-20,10,4,2,4411.34,781.69,0.3636,0.1818,441.13,390.84,1,2,1,1,7,2,1,1,4,4,2,2,0,854.05,2,Fashion,Credit Card,Mobile App,Size issue,Budget,568,4,0,4,0,none
ORD108360,CUST102090,TXN108360,DEV201746,ADDR300655,ADDR300655,2024-08-05,2024-08-09,1,0,0,682.3,0.0,0.0,0.0,682.3,0.0,0,1,0,0,11,3,3,3,0,0,0,0,0,152.14,1,Accessories,Debit Card,Mobile App,Changed mind,Premium,1555,4,0,4,0,none
ORD108368,CUST102092,TXN108368,DEV202276,ADDR300717,ADDR300717,2024-10-21,2024-10-29,2,0,0,1339.92,0.0,0.0,0.0,669.96,0.0,0,0,0,0,228,1,4,4,0,1,0,1,0,1029.39,1,Footwear,UPI,Mobile App,Size issue,Budget,1116,8,5,3,0,none
ORD108378,CUST102095,TXN108378,DEV202087,ADDR302021,ADDR300038,2024-03-04,2024-03-11,0,0,0,0.0,0.0,0.0,0.0,0.0,0.0,0,0,0,0,999,3,4,1,1,2,1,2,1,733.97,1,Fashion,Net Banking,Website,Changed mind,Mass Market,379,7,3,4,1,coordinated_device_abuse
ORD108402,CUST102105,TXN108402,DEV201408,ADDR301174,ADDR301174,2024-03-04,2024-03-08,1,0,0,86.05,0.0,0.0,0.0,86.05,0.0,0,0,0,0,56,1,1,1,0,0,0,0,0,1681.22,1,Electronics,UPI,Social Commerce,Damaged product,Premium,1275,4,2,2,1,serial_return_abuse
ORD108410,CUST102105,TXN108410,DEV201408,ADDR301174,ADDR301174,2024-09-19,2024-09-24,9,3,1,5717.45,1262.83,0.3,0.1,635.27,1262.83,0,2,1,0,12,2,1,2,3,3,1,1,0,1703.68,1,Electronics,UPI,Mobile App,Wrong product,Premium,1275,5,4,1,1,serial_return_abuse
ORD108412,CUST102105,TXN108412,DEV201408,ADDR301174,ADDR301174,2024-10-10,2024-10-12,11,4,2,9583.04,2938.47,0.3333,0.1667,871.19,1469.24,0,3,1,1,11,2,1,2,4,4,2,2,0,505.38,1,Fashion,UPI,Social Commerce,Size issue,Premium,1275,2,1,1,1,serial_return_abuse
ORD108414,CUST102105,TXN108414,DEV201408,ADDR301174,ADDR301174,2024-10-31,2024-11-06,13,5,3,10892.9,3401.58,0.3571,0.2143,837.92,1133.86,0,2,1,1,22,2,1,2,5,5,3,3,0,1427.42,1,Fashion,UPI,Mobile App,Size issue,Premium,1275,6,3,3,1,serial_return_abuse
ORD108426,CUST102109,TXN108426,DEV201954,ADDR301227,ADDR301227,2024-06-21,2024-07-01,1,0,0,464.3,0.0,0.0,0.0,464.3,0.0,0,0,0,0,116,1,1,2,0,0,0,0,0,447.4,1,Fashion,Net Banking,Social Commerce,Changed mind,Premium,253,10,6,4,0,none
ORD108428,CUST102109,TXN108428,DEV201954,ADDR301227,ADDR301227,2024-09-09,2024-09-12,3,1,1,6050.67,398.13,0.25,0.25,2016.89,398.13,0,0,0,0,61,1,1,2,1,1,1,1,0,1078.43,2,Fashion,EMI,Website,Changed mind,Premium,253,3,2,1,0,none
ORD108444,CUST102113,TXN108444,DEV202445,ADDR300947,ADDR300947,2024-09-01,2024-09-06,5,0,0,2521.14,0.0,0.0,0.0,504.23,0.0,0,0,0,0,91,1,1,1,0,0,0,0,0,751.62,1,Fashion,Debit Card,Social Commerce,Size issue,Premium,693,5,1,4,0,none
ORD108446,CUST102113,TXN108446,DEV202445,ADDR300947,ADDR300947,2024-11-04,2024-11-16,8,1,1,5357.88,751.62,0.1111,0.1111,669.73,751.62,1,2,0,0,7,1,1,1,1,1,1,1,0,361.09,1,Home,UPI,Marketplace,Damaged product,Premium,693,12,10,2,0,none
ORD108449,CUST102113,TXN108449,DEV202445,ADDR300947,ADDR300947,2024-12-28,2025-01-04,10,2,2,5839.0,1064.92,0.1818,0.1818,583.9,532.46,0,1,0,0,20,1,1,2,2,2,2,2,0,847.8,1,Home,Wallet,Marketplace,Quality issue,Premium,693,7,4,3,0,none
ORD108460,CUST102120,TXN108460,DEV202928,ADDR303019,ADDR303019,2024-02-12,2024-02-19,0,0,0,0.0,0.0,0.0,0.0,0.0,0.0,0,0,0,0,999,1,1,1,0,0,0,0,0,228.76,1,Accessories,Credit Card,Mobile App,Product not as described,Premium,775,7,5,2,0,none
ORD108482,CUST102126,TXN108482,DEV201729,ADDR302561,ADDR302561,2024-02-27,2024-03-04,5,1,0,10072.56,0.0,0.1667,0.0,2014.51,0.0,2,5,1,0,7,1,1,1,1,1,0,0,0,507.24,2,Accessories,Wallet,Website,Wrong product,High Value,770,6,4,2,0,none
ORD108484,CUST102126,TXN108484,DEV201729,ADDR302561,ADDR302561,2024-06-01,2024-06-02,7,2,1,11345.49,482.06,0.25,0.125,1620.78,482.06,0,0,0,0,57,2,1,1,2,2,1,1,0,670.94,1,Fashion,Debit Card,Marketplace,Quality issue,High Value,770,1,0,1,0,none
ORD108495,CUST102128,TXN108495,DEV203131,ADDR302511,ADDR302511,2024-03-02,2024-03-16,1,0,0,1112.02,0.0,0.0,0.0,1112.02,0.0,0,0,0,0,72,2,2,2,3,1,2,1,0,1573.86,3,Footwear,Credit Card,Mobile App,Size issue,Mass Market,692,14,12,2,0,none
ORD108535,CUST102135,TXN108535,DEV201777,ADDR300701,ADDR300701,2024-10-17,2024-10-22,4,0,0,2122.35,0.0,0.0,0.0,530.59,0.0,0,1,0,0,18,5,5,6,2,2,1,1,0,2010.51,3,Beauty,Wallet,Social Commerce,Product not as described,Mass Market,302,5,2,3,0,none
ORD108552,CUST102139,TXN108552,DEV201363,ADDR302966,ADDR302966,2024-02-20,2024-02-27,3,1,0,2195.46,0.0,0.25,0.0,731.82,0.0,0,2,1,0,17,1,1,1,1,1,0,0,0,886.71,1,Footwear,Wallet,Marketplace,Quality issue,Mass Market,660,7,5,2,1,serial_return_abuse
ORD108553,CUST102139,TXN108553,DEV201363,ADDR302966,ADDR302966,2024-04-03,2024-04-12,4,2,1,3082.17,838.65,0.4,0.2,770.54,838.65,0,0,0,0,52,1,1,1,2,2,1,1,0,1661.22,1,Sports,Wallet,Marketplace,Changed mind,Mass Market,660,9,5,4,1,serial_return_abuse
ORD108559,CUST102139,TXN108559,DEV201363,ADDR302966,ADDR302966,2024-10-25,2024-11-08,14,4,2,9942.79,2495.39,0.2667,0.1333,710.2,1247.7,2,4,0,0,1,1,4,4,4,4,2,2,0,1217.04,1,Fashion,Credit Card,Website,Wrong product,Mass Market,660,14,10,4,0,none
ORD108561,CUST102139,TXN108561,DEV201363,ADDR302966,ADDR302966,2024-10-31,2024-11-08,14,4,2,10941.27,2495.39,0.2667,0.1333,781.52,1247.7,2,4,0,0,1,1,4,4,4,4,2,2,0,218.56,1,Home,UPI,Website,Wrong product,Mass Market,660,8,7,1,1,serial_return_abuse
ORD108577,CUST102143,TXN108577,DEV201202,ADDR301780,ADDR301780,2024-02-27,2024-03-02,0,0,0,0.0,0.0,0.0,0.0,0.0,0.0,0,0,0,0,999,3,2,2,1,0,1,0,0,617.92,1,Fashion,UPI,Marketplace,Size issue,Premium,859,4,2,2,1,coordinated_device_abuse
ORD108582,CUST102144,TXN108582,DEV201313,ADDR300079,ADDR300079,2024-10-28,2024-10-30,5,0,0,2419.48,0.0,0.0,0.0,483.9,0.0,1,1,0,0,2,3,2,2,1,0,1,0,0,565.08,1,Electronics,Credit Card,Website,Changed mind,Budget,453,2,1,1,0,none
ORD108588,CUST102144,TXN108588,DEV201313,ADDR300079,ADDR300079,2024-11-18,2024-11-24,10,1,1,4349.42,524.79,0.0909,0.0909,434.94,524.79,0,6,1,1,12,3,2,2,2,1,2,1,0,2266.24,2,Electronics,Credit Card,Website,Duplicate order,Budget,453,6,4,2,0,none
ORD108594,CUST102146,TXN108594,DEV202704,ADDR300462,ADDR300462,2024-04-18,2024-04-22,2,0,0,2105.1,0.0,0.0,0.0,1052.55,0.0,1,2,0,0,7,5,5,5,0,0,0,0,0,1342.14,1,Footwear,Net Banking,Marketplace,Size issue,Budget,909,4,1,3,0,none
ORD108595,CUST102146,TXN108595,DEV202704,ADDR300462,ADDR300462,2024-04-27,2024-05-05,3,1,1,3447.24,1031.74,0.25,0.25,1149.08,1031.74,0,2,1,1,17,6,6,6,1,1,1,1,0,426.67,1,Electronics,UPI,Marketplace,Wrong product,Budget,909,8,6,2,0,none
ORD108600,CUST102147,TXN108600,DEV200623,ADDR300203,ADDR300203,2024-09-07,2024-09-17,1,0,0,271.7,0.0,0.0,0.0,271.7,0.0,0,0,0,0,79,1,2,2,0,0,0,0,0,531.62,1,Sports,UPI,Website,Quality issue,Mass Market,1542,10,9,1,0,none
ORD108605,CUST102149,TXN108605,DEV202191,ADDR300090,ADDR300090,2024-11-16,2024-11-27,0,0,0,0.0,0.0,0.0,0.0,0.0,0.0,0,0,0,0,999,2,1,2,2,0,1,0,0,918.98,1,Fashion,Debit Card,Website,Duplicate order,Premium,1461,11,10,1,0,none
ORD108608,CUST102150,TXN108608,DEV200761,ADDR300418,ADDR300418,2024-03-01,2024-03-08,2,0,0,1094.56,0.0,0.0,0.0,547.28,0.0,0,0,0,0,36,1,1,1,0,0,0,0,0,1087.38,1,Footwear,UPI,Marketplace,Size issue,Mass Market,845,7,6,1,0,none
ORD108620,CUST102151,TXN108620,DEV201155,ADDR301102,ADDR301102,2024-01-20,2024-01-27,0,0,0,0.0,0.0,0.0,0.0,0.0,0.0,0,0,0,0,999,1,2,2,0,0,0,0,0,305.4,1,Fashion,UPI,Website,Product not as described,Budget,1557,7,6,1,0,none
ORD108623,CUST102151,TXN108623,DEV201155,ADDR301102,ADDR301102,2024-04-05,2024-04-10,4,2,1,1178.98,305.4,0.4,0.2,294.74,305.4,1,1,0,0,3,1,2,2,2,3,1,2,0,404.62,1,Fashion,Wallet,Mobile App,Size issue,Budget,1557,5,3,2,1,policy_exploitation
ORD108627,CUST102151,TXN108627,DEV201155,ADDR301102,ADDR301102,2024-10-11,2024-10-14,8,3,2,2590.91,667.17,0.3333,0.2222,323.86,333.58,1,3,0,0,1,1,2,2,3,6,2,3,0,1052.72,1,Footwear,UPI,Mobile App,Size issue,Budget,1557,3,0,3,1,policy_exploitation
ORD108628,CUST102151,TXN108628,DEV201155,ADDR301102,ADDR301102,2024-10-13,2024-10-25,10,4,3,3127.16,1607.44,0.3636,0.2727,312.72,535.81,2,5,1,1,4,1,2,2,4,8,3,5,0,763.95,1,Sports,Net Banking,Marketplace,Damaged product,Budget,1557,12,9,3,1,policy_exploitation
ORD108632,CUST102151,TXN108632,DEV201155,ADDR301102,ADDR301102,2024-11-27,2024-12-10,12,5,4,4383.97,2371.39,0.3846,0.3077,365.33,592.85,0,0,0,0,31,1,2,2,5,10,4,6,0,1174.38,1,Fashion,Debit Card,Mobile App,Quality issue,Budget,1557,13,11,2,1,policy_exploitation
ORD108635,CUST102152,TXN108635,DEV202628,ADDR302001,ADDR302001,2024-03-20,2024-03-30,1,0,0,630.95,0.0,0.0,0.0,630.95,0.0,0,1,0,0,8,1,3,3,0,0,0,0,0,871.04,1,Fashion,UPI,Mobile App,Changed mind,Budget,630,10,6,4,0,none
ORD108640,CUST102152,TXN108640,DEV202628,ADDR302001,ADDR301044,2024-06-09,2024-06-23,6,2,1,3354.66,871.04,0.2857,0.1429,559.11,871.04,0,2,0,0,8,1,5,2,2,2,1,1,1,1553.38,1,Fashion,Wallet,Website,Size issue,Budget,630,14,11,3,0,none
ORD108650,CUST102154,TXN108650,DEV200512,ADDR302929,ADDR302929,2024-11-18,2024-11-22,2,0,0,2965.96,0.0,0.0,0.0,1482.98,0.0,0,0,0,0,222,1,1,1,0,0,0,0,0,1072.84,1,Fashion,UPI,Mobile App,Product not as described,High Value,1066,4,3,1,0,none
ORD108666,CUST102158,TXN108666,DEV201741,ADDR302237,ADDR302237,2024-08-11,2024-08-12,1,0,0,218.89,0.0,0.0,0.0,218.89,0.0,0,0,0,0,160,2,2,2,1,1,0,0,0,951.24,2,Sports,Wallet,Marketplace,Quality issue,Budget,854,1,0,1,0,none
ORD108676,CUST102161,TXN108676,DEV200060,ADDR302021,ADDR302021,2024-01-09,2024-01-12,0,0,0,0.0,0.0,0.0,0.0,0.0,0.0,0,0,0,0,999,1,3,3,0,0,0,0,0,404.76,1,Beauty,Debit Card,Mobile App,Quality issue,Premium,67,3,0,3,0,none
ORD108689,CUST102163,TXN108689,DEV201721,ADDR301276,ADDR301276,2024-08-24,2024-08-28,7,0,0,4068.63,0.0,0.0,0.0,581.23,0.0,1,2,0,0,4,1,6,5,0,2,0,2,0,963.02,1,Fashion,Wallet,Marketplace,Changed mind,Budget,1340,4,2,2,0,none
ORD108708,CUST102171,TXN108708,DEV202898,ADDR300987,ADDR300987,2024-09-21,2024-09-27,2,0,0,572.12,0.0,0.0,0.0,286.06,0.0,0,0,0,0,81,1,3,3,0,0,0,0,0,858.64,1,Footwear,Net Banking,Marketplace,Changed mind,Mass Market,608,6,2,4,0,none
ORD108709,CUST102172,TXN108709,DEV201091,ADDR303177,ADDR303177,2024-07-04,2024-07-13,0,0,0,0.0,0.0,0.0,0.0,0.0,0.0,0,0,0,0,999,2,1,1,0,0,0,0,0,1196.69,1,Fashion,EMI,Website,Damaged product,Premium,100,9,6,3,0,none
ORD108714,CUST102174,TXN108714,DEV202224,ADDR301925,ADDR301925,2024-09-29,2024-10-06,0,0,0,0.0,0.0,0.0,0.0,0.0,0.0,0,0,0,0,999,1,1,1,0,0,0,0,0,198.14,1,Accessories,UPI,Website,Other,Premium,160,7,5,2,0,none
ORD108724,CUST102176,TXN108724,DEV202325,ADDR300057,ADDR300057,2024-11-14,2024-11-16,8,0,0,8027.02,0.0,0.0,0.0,1003.38,0.0,0,1,0,0,12,2,2,2,0,0,0,0,0,379.55,1,Fashion,Credit Card,Marketplace,Size issue,Budget,831,2,0,2,0,none
ORD108731,CUST102180,TXN108731,DEV201591,ADDR302617,ADDR302617,2024-01-26,2024-02-02,2,0,0,1554.99,0.0,0.0,0.0,777.5,0.0,1,2,0,0,5,3,2,2,1,0,1,0,0,794.93,1,Sports,Credit Card,Website,Size issue,Mass Market,646,7,3,4,0,none
ORD108737,CUST102180,TXN108737,DEV201591,ADDR302617,ADDR302617,2024-07-04,2024-07-09,7,3,1,5671.86,794.93,0.375,0.125,810.27,794.93,0,1,1,0,19,4,3,3,7,4,4,1,0,590.1,1,Fashion,UPI,Marketplace,Changed mind,Mass Market,646,5,4,1,0,none
ORD108746,CUST102183,TXN108746,DEV202787,ADDR301729,ADDR301175,2024-03-02,2024-03-08,1,0,0,484.64,0.0,0.0,0.0,484.64,0.0,0,1,0,0,15,2,2,2,0,0,0,0,1,405.6,1,Electronics,UPI,Social Commerce,Quality issue,Budget,947,6,5,1,1,account_multiplication
ORD108762,CUST102185,TXN108762,DEV203158,ADDR301814,ADDR301814,2024-07-21,2024-07-25,11,1,0,7421.53,0.0,0.0833,0.0,674.68,0.0,0,0,0,0,61,1,4,4,0,2,0,1,0,494.56,1,Footwear,UPI,Mobile App,Changed mind,Mass Market,528,4,2,2,1,serial_return_abuse
ORD108763,CUST102185,TXN108763,DEV203158,ADDR301814,ADDR301814,2024-08-16,2024-08-23,12,2,1,7916.09,494.56,0.1538,0.0769,659.67,494.56,0,0,1,1,33,1,4,4,1,3,1,2,0,1467.02,1,Sports,UPI,Marketplace,Quality issue,Mass Market,528,7,4,3,1,serial_return_abuse
ORD108767,CUST102186,TXN108767,DEV202521,ADDR301112,ADDR301112,2024-02-19,2024-02-28,1,0,0,176.87,0.0,0.0,0.0,176.87,0.0,0,1,0,0,11,1,1,1,0,0,0,0,0,243.36,1,Fashion,Net Banking,Website,Damaged product,Budget,1083,9,8,1,0,none
ORD108773,CUST102187,TXN108773,DEV201012,ADDR303021,ADDR303021,2024-01-05,2024-01-07,0,0,0,0.0,0.0,0.0,0.0,0.0,0.0,0,0,0,0,999,1,1,1,0,0,0,0,0,438.78,2,Beauty,Credit Card,Website,Duplicate order,Budget,1333,2,1,1,1,serial_return_abuse
ORD108774,CUST102187,TXN108774,DEV201012,ADDR303021,ADDR303021,2024-02-29,2024-03-03,1,1,1,438.78,345.29,0.5,0.5,438.78,345.29,0,0,0,0,58,1,1,1,1,1,1,1,0,559.48,1,Fashion,UPI,Marketplace,Size issue,Budget,1333,3,2,1,0,none
ORD108782,CUST102187,TXN108782,DEV201012,ADDR303021,ADDR303021,2024-10-29,2024-11-04,12,3,2,6181.82,816.51,0.2308,0.1538,515.15,408.26,5,7,1,0,5,1,2,3,3,3,2,2,0,772.47,1,Electronics,UPI,Website,Damaged product,Budget,1333,6,2,4,1,serial_return_abuse
ORD108783,CUST102187,TXN108783,DEV201012,ADDR303021,ADDR303021,2024-10-30,2024-11-02,12,2,2,5882.52,816.51,0.1538,0.1538,490.21,408.26,5,8,0,0,3,1,2,3,2,2,2,2,0,1071.77,2,Fashion,EMI,Website,Size issue,Budget,1333,3,2,1,1,serial_return_abuse
ORD108784,CUST102187,TXN108784,DEV201012,ADDR303021,ADDR303021,2024-10-30,2024-11-04,12,3,2,6272.41,816.51,0.2308,0.1538,522.7,408.26,5,7,1,0,5,1,2,3,3,3,2,2,0,681.88,1,Electronics,Wallet,Website,Late delivery,Budget,1333,5,2,3,1,serial_return_abuse
ORD108786,CUST102187,TXN108786,DEV201012,ADDR303021,ADDR303021,2024-11-04,2024-11-12,16,5,5,8971.09,2976.68,0.2941,0.2941,560.69,595.34,3,10,3,3,1,1,2,3,5,5,5,5,0,243.36,1,Fashion,Net Banking,Website,Changed mind,Budget,1333,8,5,3,1,serial_return_abuse
ORD108802,CUST102188,TXN108802,DEV200137,ADDR300815,ADDR300815,2024-11-07,2024-11-18,12,2,0,4083.44,0.0,0.1538,0.0,340.29,0.0,0,1,1,0,23,2,1,1,2,2,0,0,0,505.36,2,Beauty,Debit Card,Mobile App,Product not as described,Budget,363,11,9,2,0,none
ORD108804,CUST102189,TXN108804,DEV203148,ADDR302625,ADDR302625,2024-04-04,2024-04-13,1,0,0,243.36,0.0,0.0,0.0,243.36,0.0,0,0,0,0,85,4,4,3,1,1,0,0,0,570.35,1,Fashion,Credit Card,Website,Other,Budget,204,9,6,3,1,coordinated_address_abuse
ORD108810,CUST102192,TXN108810,DEV202134,ADDR302727,ADDR302727,2024-04-11,2024-04-25,3,0,0,6395.32,0.0,0.0,0.0,2131.77,0.0,1,3,0,0,6,2,1,1,0,0,0,0,0,372.46,1,Fashion,Credit Card,Marketplace,Product not as described,Mass Market,1536,14,12,2,1,serial_return_abuse
ORD108814,CUST102192,TXN108814,DEV202134,ADDR302727,ADDR302727,2024-05-07,2024-05-15,4,1,1,6767.78,372.46,0.2,0.2,1691.95,372.46,0,1,1,1,26,3,1,1,3,1,2,1,0,536.26,2,Beauty,Debit Card,Marketplace,Product not as described,Mass Market,1536,8,5,3,1,serial_return_abuse
ORD108821,CUST102192,TXN108821,DEV202134,ADDR302727,ADDR302727,2024-12-01,2024-12-12,11,2,2,13422.01,883.82,0.1667,0.1667,1220.18,441.91,0,1,0,0,21,3,1,1,4,2,3,2,0,1067.98,1,Fashion,UPI,Mobile App,Changed mind,Mass Market,1536,11,7,4,1,serial_return_abuse
ORD108822,CUST102192,TXN108822,DEV202134,ADDR302727,ADDR302727,2024-12-22,2024-12-25,12,3,2,14489.99,883.82,0.2308,0.1538,1207.5,441.91,0,1,1,0,24,3,1,1,5,3,3,2,0,609.3,1,Electronics,Credit Card,Website,Late delivery,Mass Market,1536,3,0,3,1,serial_return_abuse
ORD108845,CUST102202,TXN108845,DEV202615,ADDR301223,ADDR301223,2024-11-10,2024-11-15,4,0,0,4882.79,0.0,0.0,0.0,1220.7,0.0,1,1,0,0,4,2,2,2,5,1,5,0,0,1100.9,2,Sports,Debit Card,Mobile App,Wrong product,Mass Market,1238,5,2,3,0,none
ORD108852,CUST102203,TXN108852,DEV200813,ADDR301476,ADDR301476,2024-07-09,2024-07-16,5,0,0,3240.77,0.0,0.0,0.0,648.15,0.0,0,3,0,0,13,1,2,2,0,0,0,0,0,903.93,1,Electronics,EMI,Marketplace,Product not as described,Mass Market,829,7,3,4,0,none
ORD108857,CUST102203,TXN108857,DEV200813,ADDR301476,ADDR301476,2024-11-12,2024-11-17,11,1,1,6527.48,799.9,0.0833,0.0833,593.41,799.9,1,2,0,0,2,1,2,2,1,1,1,1,0,576.62,1,Footwear,UPI,Social Commerce,Size issue,Mass Market,829,5,4,1,0,none
ORD108863,CUST102207,TXN108863,DEV200966,ADDR302592,ADDR302592,2024-04-20,2024-04-24,1,0,0,333.36,0.0,0.0,0.0,333.36,0.0,0,1,0,0,17,1,1,1,0,0,0,0,0,1250.28,1,Home,Debit Card,Mobile App,Quality issue,Budget,756,4,2,2,0,none
ORD108870,CUST102210,TXN108870,DEV200061,ADDR300685,ADDR300685,2024-09-17,2024-09-29,1,0,0,219.91,0.0,0.0,0.0,219.91,0.0,0,0,0,0,60,1,2,3,0,0,0,0,0,172.66,2,Grocery,Credit Card,Mobile App,Late delivery,Mass Market,562,12,8,4,0,none
ORD108880,CUST102215,TXN108880,DEV203029,ADDR302915,ADDR300028,2024-11-27,2024-12-01,4,1,0,3051.79,0.0,0.2,0.0,762.95,0.0,0,0,0,0,32,3,4,1,3,2,1,1,1,936.3,1,Fashion,Wallet,Mobile App,Changed mind,Premium,1253,4,2,2,1,policy_exploitation
ORD108902,CUST102222,TXN108902,DEV202206,ADDR301050,ADDR301050,2024-02-18,2024-02-22,1,0,0,223.7,0.0,0.0,0.0,223.7,0.0,0,1,0,0,21,1,1,1,0,0,0,0,0,242.47,1,Home,EMI,Marketplace,Damaged product,Budget,1224,4,0,4,0,none
ORD108904,CUST102222,TXN108904,DEV202206,ADDR301050,ADDR301050,2024-04-04,2024-04-09,3,1,1,1130.22,157.49,0.25,0.25,376.74,157.49,0,1,0,0,14,1,2,2,1,1,1,1,0,736.08,2,Beauty,Debit Card,Mobile App,Product not as described,Budget,1224,5,4,1,0,none
ORD108906,CUST102222,TXN108906,DEV202206,ADDR301050,ADDR301050,2024-04-19,2024-05-01,7,2,2,2515.88,816.51,0.25,0.25,359.41,408.26,1,4,1,1,5,1,2,2,2,2,2,2,0,324.48,1,Footwear,Credit Card,Mobile App,Size issue,Budget,1224,12,8,4,0,none
ORD108909,CUST102222,TXN108909,DEV202206,ADDR301050,ADDR301050,2024-05-03,2024-05-04,8,3,2,2840.36,816.51,0.3333,0.2222,355.04,408.26,0,5,2,1,8,1,2,2,3,3,2,2,0,893.06,2,Fashion,Debit Card,Mobile App,Size issue,Budget,1224,1,0,1,0,none
ORD108913,CUST102222,TXN108913,DEV202206,ADDR301050,ADDR301050,2024-07-09,2024-07-11,12,5,4,5158.73,1902.68,0.3846,0.3077,429.89,475.67,0,1,0,0,17,1,4,4,5,6,4,5,0,310.61,1,Fashion,Credit Card,Mobile App,Size issue,Budget,1224,2,1,1,0,none
ORD108916,CUST102222,TXN108916,DEV202206,ADDR301050,ADDR301050,2024-09-02,2024-09-10,15,7,5,6923.55,2106.11,0.4375,0.3125,461.57,421.22,0,1,1,0,18,1,5,4,7,8,5,6,0,454.26,1,Fashion,Credit Card,Mobile App,Size issue,Budget,1224,8,6,2,0,none
ORD108922,CUST102222,TXN108922,DEV202206,ADDR301050,ADDR301050,2024-12-07,2024-12-11,21,10,6,10434.64,2524.53,0.4545,0.2727,496.89,420.76,0,0,0,0,49,2,6,5,10,12,6,7,0,114.91,1,Grocery,Credit Card,Marketplace,Quality issue,Budget,1224,4,2,2,0,none
ORD108923,CUST102223,TXN108923,DEV202829,ADDR301946,ADDR301946,2024-10-12,2024-10-17,0,0,0,0.0,0.0,0.0,0.0,0.0,0.0,0,0,0,0,999,3,7,6,0,3,0,1,0,378.52,1,Beauty,Credit Card,Social Commerce,Duplicate order,Budget,101,5,3,2,0,none
ORD108935,CUST102226,TXN108935,DEV201427,ADDR300132,ADDR300132,2024-10-21,2024-10-29,1,0,0,431.27,0.0,0.0,0.0,431.27,0.0,0,0,0,0,85,1,3,3,0,2,0,2,0,1220.28,1,Fashion,Net Banking,Website,Quality issue,Mass Market,380,8,5,3,0,none
ORD108939,CUST102227,TXN108939,DEV200350,ADDR302997,ADDR302997,2024-08-04,2024-08-20,3,1,0,2835.0,0.0,0.25,0.0,945.0,0.0,0,3,1,0,16,3,4,4,5,6,2,3,0,790.88,1,Fashion,UPI,Marketplace,Changed mind,Mass Market,1334,16,14,2,1,coordinated_address_abuse
ORD108946,CUST102229,TXN108946,DEV202002,ADDR300476,ADDR300476,2024-02-25,2024-02-27,1,0,0,1560.99,0.0,0.0,0.0,1560.99,0.0,0,1,0,0,10,1,1,1,0,0,0,0,0,609.25,1,Footwear,Credit Card,Mobile App,Changed mind,Mass Market,1237,2,1,1,0,none
ORD108949,CUST102229,TXN108949,DEV202002,ADDR300476,ADDR300476,2024-10-09,2024-10-16,4,1,1,3563.27,609.25,0.2,0.2,890.82,609.25,0,0,0,0,71,1,3,3,1,4,1,2,0,2095.98,1,Footwear,UPI,Mobile App,Size issue,Mass Market,1237,7,3,4,0,none
ORD108968,CUST102236,TXN108968,DEV201148,ADDR302835,ADDR302835,2024-03-09,2024-03-10,1,0,0,124.38,0.0,0.0,0.0,124.38,0.0,0,1,0,0,20,3,4,4,0,2,0,2,0,947.34,2,Home,Net Banking,Mobile App,Quality issue,Mass Market,432,1,0,1,0,none
ORD108969,CUST102236,TXN108969,DEV201148,ADDR302835,ADDR302835,2024-08-02,2024-08-09,2,1,1,1071.72,663.02,0.3333,0.3333,535.86,663.02,0,0,0,0,153,6,5,5,3,5,3,4,0,479.33,1,Fashion,Credit Card,Marketplace,Damaged product,Mass Market,432,7,5,2,0,none
ORD108975,CUST102237,TXN108975,DEV203157,ADDR300366,ADDR300366,2024-02-06,2024-02-10,2,0,0,644.64,0.0,0.0,0.0,322.32,0.0,1,2,0,0,7,2,5,5,0,0,0,0,0,684.94,1,Fashion,UPI,Mobile App,Quality issue,Mass Market,119,4,0,4,1,serial_return_abuse
ORD108978,CUST102237,TXN108978,DEV203157,ADDR300366,ADDR300366,2024-04-22,2024-04-26,5,1,1,2030.52,578.43,0.1667,0.1667,406.1,578.43,0,0,0,0,31,3,6,6,1,2,1,2,0,500.0,1,Electronics,UPI,Marketplace,Changed mind,Mass Market,119,4,0,4,1,serial_return_abuse
ORD108982,CUST102237,TXN108982,DEV203157,ADDR300366,ADDR301184,2024-07-14,2024-07-19,9,3,2,4684.33,1016.91,0.3,0.2,520.48,508.46,0,2,1,0,20,4,7,1,3,4,2,3,1,1670.63,1,Footwear,UPI,Marketplace,Size issue,Mass Market,119,5,1,4,1,serial_return_abuse
ORD108985,CUST102237,TXN108985,DEV203157,ADDR300366,ADDR300366,2024-08-30,2024-09-03,12,4,3,7903.09,2385.75,0.3077,0.2308,658.59,795.25,0,1,0,0,15,4,7,7,4,5,3,4,0,3244.42,2,Electronics,Net Banking,Mobile App,Duplicate order,Mass Market,119,4,0,4,1,serial_return_abuse
ORD108994,CUST102238,TXN108994,DEV201018,ADDR300645,ADDR300645,2024-03-04,2024-03-08,0,0,0,0.0,0.0,0.0,0.0,0.0,0.0,0,0,0,0,999,1,1,1,0,0,0,0,0,358.55,1,Accessories,UPI,Mobile App,Wrong product,Mass Market,916,4,3,1,0,none
ORD109009,CUST102242,TXN109009,DEV200350,ADDR302997,ADDR302997,2024-05-08,2024-05-13,1,0,0,114.27,0.0,0.0,0.0,114.27,0.0,1,1,0,0,1,2,3,3,2,3,0,1,0,368.52,1,Fashion,Debit Card,Mobile App,Product not as described,Premium,1522,5,4,1,0,none
ORD109011,CUST102242,TXN109011,DEV200350,ADDR302997,ADDR301116,2024-05-14,2024-05-17,2,1,1,482.79,272.28,0.3333,0.3333,241.4,272.28,1,2,1,1,5,2,3,1,3,4,1,2,1,61.42,1,Grocery,Credit Card,Marketplace,Late delivery,Premium,1522,3,1,2,0,none
ORD109023,CUST102245,TXN109023,DEV201240,ADDR302045,ADDR302045,2024-10-15,2024-10-20,4,0,0,1955.56,0.0,0.0,0.0,488.89,0.0,2,2,0,0,1,3,3,3,1,1,1,1,0,517.05,1,Electronics,UPI,Mobile App,Wrong product,Budget,215,5,2,3,0,none
ORD109024,CUST102245,TXN109024,DEV201240,ADDR302045,ADDR302045,2024-10-17,2024-10-22,4,1,0,2310.37,0.0,0.2,0.0,577.59,0.0,2,2,1,0,3,3,3,3,3,3,1,1,0,162.24,2,Accessories,Debit Card,Mobile App,Changed mind,Budget,215,5,2,3,0,none
ORD109034,CUST102247,TXN109034,DEV202640,ADDR300630,ADDR300630,2024-09-28,2024-10-02,7,1,0,5016.77,0.0,0.125,0.0,716.68,0.0,3,5,1,0,1,4,1,1,2,1,0,0,0,647.78,1,Fashion,UPI,Mobile App,Size issue,Budget,447,4,0,4,1,refund_abuse
ORD109036,CUST102247,TXN109036,DEV202640,ADDR300630,ADDR300630,2024-09-30,2024-10-02,7,1,0,4800.43,0.0,0.125,0.0,685.78,0.0,3,5,1,0,1,4,1,1,2,1,0,0,0,864.12,1,Home,UPI,Marketplace,Wrong product,Budget,447,2,1,1,1,refund_abuse
ORD109037,CUST102247,TXN109037,DEV202640,ADDR300630,ADDR300630,2024-10-01,2024-10-14,8,3,2,5108.46,1389.29,0.3333,0.2222,638.56,694.64,0,6,3,2,9,4,1,1,4,3,2,2,0,747.15,1,Sports,UPI,Marketplace,Product not as described,Budget,447,13,11,2,1,refund_abuse
ORD109039,CUST102247,TXN109039,DEV202640,ADDR300630,ADDR300630,2024-10-24,2024-10-30,10,4,3,6029.47,2104.78,0.3636,0.2727,602.95,701.59,1,4,4,3,3,4,1,1,5,4,3,3,0,692.04,1,Fashion,Debit Card,Website,Wrong product,Budget,447,6,4,2,1,refund_abuse
ORD109042,CUST102247,TXN109042,DEV202640,ADDR300630,ADDR300630,2024-12-06,2024-12-20,13,6,5,7165.71,3027.06,0.4286,0.3571,551.21,605.41,0,2,1,1,13,4,1,1,7,6,5,5,0,742.52,1,Home,Wallet,Website,Damaged product,Budget,447,14,13,1,1,refund_abuse
ORD109043,CUST102247,TXN109043,DEV202640,ADDR300630,ADDR300630,2024-12-07,2024-12-12,13,5,4,7626.27,2745.1,0.3571,0.2857,586.64,686.28,1,2,0,0,6,4,1,1,6,5,4,4,0,281.96,2,Grocery,UPI,Mobile App,Damaged product,Budget,447,5,2,3,0,none
ORD109048,CUST102248,TXN109048,DEV200367,ADDR301671,ADDR301671,2024-10-19,2024-10-25,4,0,0,2101.84,0.0,0.0,0.0,525.46,0.0,1,1,0,0,1,5,4,4,6,6,3,3,0,1403.55,3,Fashion,Wallet,Website,Changed mind,Mass Market,1479,6,4,2,0,none
ORD109068,CUST102253,TXN109068,DEV200867,ADDR302208,ADDR302208,2024-03-15,2024-03-18,1,0,0,509.4,0.0,0.0,0.0,509.4,0.0,0,0,0,0,44,3,3,3,0,0,0,0,0,1087.36,1,Fashion,Debit Card,Marketplace,Other,Mass Market,1058,3,0,3,1,account_multiplication
ORD109070,CUST102254,TXN109070,DEV201998,ADDR300953,ADDR300953,2024-07-03,2024-07-14,0,0,0,0.0,0.0,0.0,0.0,0.0,0.0,0,0,0,0,999,1,2,2,0,0,0,0,0,368.52,1,Sports,UPI,Social Commerce,Product not as described,Premium,1369,11,10,1,0,none
ORD109094,CUST102260,TXN109094,DEV203003,ADDR300790,ADDR300790,2024-08-05,2024-08-20,10,2,0,15217.08,0.0,0.1818,0.0,1521.71,0.0,0,2,1,0,19,2,1,1,4,2,0,0,0,462.28,1,Fashion,Wallet,Social Commerce,Size issue,High Value,141,15,12,3,0,none
ORD109107,CUST102265,TXN109107,DEV203094,ADDR302214,ADDR302214,2024-03-30,2024-04-03,2,0,0,1384.59,0.0,0.0,0.0,692.3,0.0,0,0,0,0,36,2,2,2,1,1,1,1,0,622.74,1,Fashion,UPI,Website,Changed mind,Mass Market,1189,4,0,4,0,none
ORD109112,CUST102265,TXN109112,DEV203094,ADDR302214,ADDR302214,2024-11-19,2024-11-28,7,1,1,5630.28,571.82,0.125,0.125,804.33,571.82,0,0,0,0,45,5,5,5,2,2,2,2,0,706.05,1,Footwear,UPI,Marketplace,Wrong product,Mass Market,1189,9,5,4,0,none
ORD109114,CUST102266,TXN109114,DEV201174,ADDR301125,ADDR301125,2024-02-09,2024-02-13,0,0,0,0.0,0.0,0.0,0.0,0.0,0.0,0,0,0,0,999,1,1,1,0,0,0,0,0,443.55,1,Beauty,Credit Card,Mobile App,Changed mind,Mass Market,32,4,0,4,1,serial_return_abuse
ORD109116,CUST102266,TXN109116,DEV201174,ADDR301125,ADDR301125,2024-06-25,2024-07-02,3,1,1,2121.28,312.04,0.25,0.25,707.09,312.04,1,1,0,0,1,1,3,3,1,3,1,1,0,1847.94,2,Footwear,Debit Card,Marketplace,Size issue,Mass Market,32,7,5,2,0,none
ORD109118,CUST102266,TXN109118,DEV201174,ADDR301125,ADDR301125,2024-11-10,2024-11-12,4,2,2,3969.22,1661.6,0.4,0.4,992.3,830.8,0,0,0,0,134,1,5,5,2,6,2,4,0,458.16,1,Fashion,Debit Card,Marketplace,Damaged product,Mass Market,32,2,1,1,0,none
ORD109126,CUST102270,TXN109126,DEV201792,ADDR302289,ADDR301650,2024-08-31,2024-09-02,2,0,0,3270.86,0.0,0.0,0.0,1635.43,0.0,0,0,0,0,72,1,1,3,0,0,0,0,1,440.67,1,Fashion,Wallet,Website,Quality issue,High Value,86,2,1,1,0,none
ORD109132,CUST102273,TXN109132,DEV200390,ADDR302107,ADDR302107,2024-01-17,2024-01-22,0,0,0,0.0,0.0,0.0,0.0,0.0,0.0,0,0,0,0,999,1,1,1,0,0,0,0,0,734.45,1,Electronics,UPI,Website,Product not as described,High Value,827,5,3,2,1,policy_exploitation
ORD109136,CUST102273,TXN109136,DEV200390,ADDR302107,ADDR302107,2024-10-29,2024-11-04,4,1,1,4617.13,734.45,0.2,0.2,1154.28,734.45,0,0,0,0,40,2,7,7,2,2,2,2,0,557.49,1,Fashion,Debit Card,Mobile App,Quality issue,High Value,827,6,3,3,0,none
ORD109137,CUST102273,TXN109137,DEV200390,ADDR302107,ADDR302107,2024-11-07,2024-11-10,5,2,2,5174.62,1242.91,0.3333,0.3333,1034.92,621.46,0,1,1,1,12,2,7,7,3,3,3,3,0,1695.74,1,Fashion,Debit Card,Website,Duplicate order,High Value,827,3,0,3,0,none
ORD109139,CUST102273,TXN109139,DEV200390,ADDR302107,ADDR302107,2024-12-14,2024-12-21,7,3,3,7740.13,2673.75,0.375,0.375,1105.73,891.25,0,1,0,0,21,3,7,7,4,4,4,4,0,2442.4,2,Fashion,Debit Card,Mobile App,Changed mind,High Value,827,7,3,4,0,none
ORD109144,CUST102276,TXN109144,DEV202855,ADDR302007,ADDR302007,2024-01-06,2024-01-15,0,0,0,0.0,0.0,0.0,0.0,0.0,0.0,0,0,0,0,999,1,1,1,0,0,0,0,0,749.44,1,Fashion,Debit Card,Mobile App,Size issue,Premium,956,9,7,2,0,none
ORD109164,CUST102278,TXN109164,DEV200764,ADDR302226,ADDR302226,2024-09-08,2024-09-19,5,0,0,2263.03,0.0,0.0,0.0,452.61,0.0,0,1,0,0,22,1,2,1,0,0,0,0,0,298.17,1,Beauty,Wallet,Website,Quality issue,Premium,1061,11,7,4,0,none
ORD109172,CUST102281,TXN109172,DEV201127,ADDR302452,ADDR302452,2024-01-08,2024-01-13,0,0,0,0.0,0.0,0.0,0.0,0.0,0.0,0,0,0,0,999,1,1,1,0,0,0,0,0,1741.74,2,Fashion,EMI,Marketplace,Wrong product,Budget,1265,5,3,2,0,none
ORD109176,CUST102281,TXN109176,DEV201127,ADDR302452,ADDR302452,2024-04-09,2024-04-17,4,1,1,3567.8,1385.31,0.2,0.2,891.95,1385.31,0,0,0,0,38,1,1,1,1,1,1,1,0,243.36,1,Sports,Credit Card,Mobile App,Product not as described,Budget,1265,8,5,3,0,none
ORD109177,CUST102281,TXN109177,DEV201127,ADDR302452,ADDR302452,2024-08-21,2024-08-25,5,2,2,3811.16,1607.8,0.3333,0.3333,762.23,803.9,0,0,0,0,138,1,1,1,2,2,2,2,0,961.47,1,Fashion,Debit Card,Marketplace,Changed mind,Budget,1265,4,2,2,0,none
ORD109183,CUST102281,TXN109183,DEV201127,ADDR302452,ADDR300363,2024-11-09,2024-11-13,11,3,3,6487.32,2569.27,0.25,0.25,589.76,856.42,1,3,0,0,5,1,1,2,3,3,3,3,1,405.6,1,Electronics,UPI,Marketplace,Damaged product,Budget,1265,4,0,4,0,none
ORD109184,CUST102281,TXN109184,DEV201127,ADDR302452,ADDR302452,2024-11-19,2024-11-24,12,4,4,6892.92,2892.23,0.3077,0.3077,574.41,723.06,0,2,1,1,15,1,1,1,4,4,4,4,0,744.82,1,Footwear,UPI,Mobile App,Late delivery,Budget,1265,5,1,4,0,none
ORD109185,CUST102281,TXN109185,DEV201127,ADDR302452,ADDR302452,2024-12-24,2025-01-01,14,5,5,8039.88,3515.5,0.3333,0.3333,574.28,703.1,1,1,0,0,4,1,1,1,5,5,5,5,0,327.3,1,Home,Credit Card,Website,Late delivery,Budget,1265,8,5,3,0,none
ORD109192,CUST102284,TXN109192,DEV203115,ADDR302181,ADDR302181,2024-03-21,2024-03-22,3,0,0,2514.97,0.0,0.0,0.0,838.32,0.0,2,2,0,0,3,3,3,2,1,1,1,1,0,5663.85,2,Footwear,Debit Card,Mobile App,Product not as described,High Value,35,1,0,1,1,coordinated_device_abuse
ORD109201,CUST102288,TXN109201,DEV200367,ADDR301671,ADDR301671,2024-05-07,2024-05-11,0,0,0,0.0,0.0,0.0,0.0,0.0,0.0,0,0,0,0,999,4,3,3,1,1,0,0,0,61.94,1,Grocery,Wallet,Social Commerce,Other,Mass Market,38,4,3,1,0,none
ORD109228,CUST102292,TXN109228,DEV200613,ADDR300828,ADDR300828,2024-04-21,2024-04-26,6,0,0,5785.39,0.0,0.0,0.0,964.23,0.0,0,2,0,0,12,1,4,5,0,1,0,1,0,526.38,1,Fashion,Wallet,Marketplace,Damaged product,Budget,728,5,4,1,0,none
ORD109230,CUST102292,TXN109230,DEV200613,ADDR300828,ADDR300828,2024-05-21,2024-06-02,9,1,1,7469.83,403.59,0.1,0.1,829.98,403.59,1,2,0,0,6,1,4,5,1,2,1,2,0,1681.4,1,Footwear,Wallet,Website,Damaged product,Budget,728,12,10,2,0,none
ORD109250,CUST102295,TXN109250,DEV202365,ADDR302996,ADDR302996,2024-06-28,2024-07-03,4,0,0,1412.2,0.0,0.0,0.0,353.05,0.0,1,1,0,0,1,1,6,6,0,1,0,1,0,324.48,2,Home,UPI,Website,Quality issue,Budget,449,5,4,1,0,none
ORD109252,CUST102295,TXN109252,DEV202365,ADDR302996,ADDR302996,2024-08-07,2024-08-12,6,1,1,2278.2,280.0,0.1429,0.1429,379.7,280.0,1,1,0,0,1,1,6,6,1,2,1,2,0,445.92,1,Footwear,Debit Card,Marketplace,Wrong product,Budget,449,5,3,2,0,none
ORD109255,CUST102295,TXN109255,DEV202365,ADDR302996,ADDR302996,2024-10-19,2024-10-29,8,2,2,2764.68,693.05,0.2222,0.2222,345.58,346.52,0,0,0,0,36,2,6,6,2,4,2,4,0,837.98,1,Fashion,Credit Card,Mobile App,Wrong product,Budget,449,10,7,3,0,none
ORD109262,CUST102300,TXN109262,DEV200736,ADDR301609,ADDR301601,2024-05-23,2024-05-30,0,0,0,0.0,0.0,0.0,0.0,0.0,0.0,0,0,0,0,999,2,4,1,0,0,0,0,1,429.15,1,Footwear,UPI,Mobile App,Damaged product,Mass Market,1477,7,5,2,0,none
ORD109310,CUST102314,TXN109310,DEV201016,ADDR300348,ADDR300348,2024-03-09,2024-03-12,2,0,0,1441.61,0.0,0.0,0.0,720.8,0.0,0,1,0,0,25,5,5,4,2,2,1,1,0,1989.73,1,Electronics,Net Banking,Mobile App,Damaged product,Mass Market,1184,3,0,3,0,none
ORD109318,CUST102314,TXN109318,DEV201016,ADDR300348,ADDR300348,2024-10-26,2024-11-01,10,1,1,9277.31,1989.73,0.0909,0.0909,927.73,1989.73,0,0,0,0,43,6,5,7,6,6,3,3,0,3255.16,2,Fashion,Wallet,Marketplace,Size issue,Mass Market,1184,6,5,1,1,serial_return_abuse
ORD109321,CUST102316,TXN109321,DEV203136,ADDR302258,ADDR302258,2024-09-25,2024-09-28,0,0,0,0.0,0.0,0.0,0.0,0.0,0.0,0,0,0,0,999,1,1,1,0,0,0,0,0,676.34,1,Fashion,Credit Card,Marketplace,Product not as described,Budget,1205,3,0,3,0,none
ORD109324,CUST102318,TXN109324,DEV200631,ADDR302511,ADDR302511,2024-02-24,2024-02-29,1,0,0,2340.24,0.0,0.0,0.0,2340.24,0.0,0,0,0,0,36,2,2,2,0,0,0,0,0,1218.1,1,Fashion,Debit Card,Mobile App,Changed mind,Budget,1094,5,4,1,0,none
ORD109353,CUST102329,TXN109353,DEV200827,ADDR300438,ADDR300438,2024-05-09,2024-05-13,2,0,0,831.71,0.0,0.0,0.0,415.86,0.0,0,0,0,0,84,1,1,1,0,0,0,0,0,756.39,1,Fashion,Credit Card,Mobile App,Quality issue,Budget,1565,4,0,4,1,policy_exploitation
ORD109356,CUST102329,TXN109356,DEV200827,ADDR300438,ADDR300438,2024-06-14,2024-06-22,10,1,1,8038.54,703.18,0.0909,0.0909,803.85,703.18,5,7,0,0,1,1,1,1,1,1,1,1,0,1205.54,2,Sports,Debit Card,Website,Product not as described,Budget,1565,8,6,2,1,policy_exploitation
ORD109362,CUST102329,TXN109362,DEV200827,ADDR300438,ADDR300438,2024-07-12,2024-07-18,11,2,2,9244.08,1900.53,0.1667,0.1667,840.37,950.26,0,2,1,1,27,1,1,1,2,2,2,2,0,243.36,1,Fashion,Debit Card,Website,Size issue,Budget,1565,6,4,2,0,none
ORD109368,CUST102330,TXN109368,DEV201988,ADDR300784,ADDR300784,2024-01-25,2024-01-29,0,0,0,0.0,0.0,0.0,0.0,0.0,0.0,0,0,0,0,999,1,1,1,0,0,0,0,0,863.48,2,Fashion,Debit Card,Mobile App,Late delivery,Mass Market,1508,4,2,2,0,none
ORD109380,CUST102334,TXN109380,DEV202338,ADDR302628,ADDR302628,2024-04-19,2024-04-24,2,0,0,158.51,0.0,0.0,0.0,79.26,0.0,0,0,0,0,77,1,1,1,0,0,0,0,0,1254.7,1,Fashion,Wallet,Website,Changed mind,Mass Market,417,5,1,4,0,none
ORD109385,CUST102334,TXN109385,DEV202338,ADDR302628,ADDR302628,2024-08-20,2024-08-25,7,1,1,2956.8,1195.6,0.125,0.125,422.4,1195.6,0,2,0,0,15,1,1,1,1,1,1,1,0,669.14,1,Footwear,UPI,Marketplace,Changed mind,Mass Market,417,5,2,3,0,none
ORD109391,CUST102335,TXN109391,DEV201591,ADDR302694,ADDR302694,2024-01-07,2024-01-15,0,0,0,0.0,0.0,0.0,0.0,0.0,0.0,0,0,0,0,999,3,1,1,0,0,0,0,0,792.78,1,Home,Credit Card,Marketplace,Quality issue,Budget,175,8,6,2,0,none
ORD109393,CUST102335,TXN109393,DEV201591,ADDR302694,ADDR302694,2024-04-19,2024-04-24,2,1,1,1305.51,750.25,0.3333,0.3333,652.76,750.25,0,1,0,0,26,4,1,1,3,1,2,1,0,542.26,1,Sports,Credit Card,Mobile App,Wrong product,Budget,175,5,3,2,0,none
ORD109394,CUST102335,TXN109394,DEV201591,ADDR302694,ADDR302694,2024-05-28,2024-05-31,3,2,2,1847.77,1292.51,0.5,0.5,615.92,646.26,0,0,0,0,42,4,1,1,5,2,3,2,0,336.44,1,Sports,UPI,Mobile App,Size issue,Budget,175,3,0,3,0,none
ORD109404,CUST102337,TXN109404,DEV202555,ADDR302872,ADDR302872,2024-05-12,2024-05-17,2,0,0,3078.4,0.0,0.0,0.0,1539.2,0.0,0,0,0,0,35,1,1,1,0,0,0,0,0,1554.38,1,Electronics,Debit Card,Mobile App,Changed mind,Budget,168,5,2,3,1,refund_abuse
ORD109408,CUST102337,TXN109408,DEV202555,ADDR302872,ADDR302872,2024-10-14,2024-10-18,7,1,1,5788.9,1554.38,0.125,0.125,826.99,1554.38,2,3,0,0,4,1,1,1,1,1,1,1,0,416.92,1,Beauty,Credit Card,Social Commerce,Damaged product,Budget,168,4,1,3,1,refund_abuse
ORD109416,CUST102338,TXN109416,DEV202417,ADDR301048,ADDR301048,2024-04-07,2024-04-11,1,0,0,1036.03,0.0,0.0,0.0,1036.03,0.0,0,0,0,0,31,1,1,1,0,0,0,0,0,961.36,1,Footwear,Credit Card,Marketplace,Size issue,Budget,1093,4,1,3,0,none
ORD109418,CUST102338,TXN109418,DEV202417,ADDR301048,ADDR301048,2024-10-25,2024-11-02,3,1,1,4285.23,940.37,0.25,0.25,1428.41,940.37,0,0,0,0,154,1,1,1,1,1,1,1,0,837.81,1,Footwear,Credit Card,Website,Wrong product,Budget,1093,8,4,4,0,none
ORD109419,CUST102338,TXN109419,DEV202417,ADDR301048,ADDR301048,2024-12-22,2025-01-03,5,2,2,9462.24,1778.18,0.3333,0.3333,1892.45,889.09,1,1,0,0,3,1,2,2,2,2,2,2,0,502.19,1,Electronics,EMI,Mobile App,Damaged product,Budget,1093,12,8,4,0,none
ORD109440,CUST102351,TXN109440,DEV200238,ADDR302526,ADDR302526,2024-02-18,2024-02-24,0,0,0,0.0,0.0,0.0,0.0,0.0,0.0,0,0,0,0,999,1,1,1,0,0,0,0,0,508.47,1,Fashion,Credit Card,Marketplace,Size issue,Mass Market,1139,6,5,1,0,none
ORD109446,CUST102353,TXN109446,DEV201088,ADDR302166,ADDR302166,2024-08-12,2024-08-15,2,0,0,1068.08,0.0,0.0,0.0,534.04,0.0,1,1,0,0,4,1,1,1,0,0,0,0,0,1224.08,1,Footwear,Wallet,Marketplace,Size issue,High Value,1228,3,0,3,0,none
ORD109450,CUST102353,TXN109450,DEV201088,ADDR302166,ADDR302166,2024-11-10,2024-11-15,6,1,1,6271.56,1194.22,0.1429,0.1429,1045.26,1194.22,0,1,0,0,10,1,1,1,1,1,1,1,0,393.96,1,Beauty,EMI,Mobile App,Product not as described,High Value,1228,5,2,3,0,none
ORD109453,CUST102355,TXN109453,DEV200039,ADDR301244,ADDR301244,2024-07-03,2024-07-06,0,0,0,0.0,0.0,0.0,0.0,0.0,0.0,0,0,0,0,999,2,1,1,1,0,0,0,0,965.58,2,Fashion,Wallet,Website,Changed mind,Mass Market,492,3,0,3,0,none
ORD109459,CUST102358,TXN109459,DEV200414,ADDR302970,ADDR302970,2024-04-18,2024-04-21,1,0,0,685.14,0.0,0.0,0.0,685.14,0.0,0,0,0,0,95,1,2,2,0,0,0,0,0,414.28,1,Footwear,UPI,Marketplace,Changed mind,Mass Market,1468,3,2,1,0,none
ORD109478,CUST102361,TXN109478,DEV201578,ADDR300776,ADDR300776,2024-05-22,2024-05-28,4,1,0,3158.55,0.0,0.2,0.0,789.64,0.0,0,1,0,0,27,2,1,1,1,1,0,0,0,255.98,1,Fashion,Debit Card,Website,Damaged product,Budget,624,6,5,1,0,none
ORD109488,CUST102364,TXN109488,DEV200126,ADDR302161,ADDR302161,2024-03-12,2024-03-18,1,0,0,173.12,0.0,0.0,0.0,173.12,0.0,1,1,0,0,6,1,2,2,0,0,0,0,0,389.38,1,Home,UPI,Website,Quality issue,Mass Market,743,6,4,2,1,account_multiplication
ORD109490,CUST102364,TXN109490,DEV200126,ADDR302161,ADDR302161,2024-12-01,2024-12-07,3,2,1,788.83,374.12,0.5,0.25,262.94,374.12,0,0,0,0,151,1,5,4,2,3,1,2,0,2045.68,1,Fashion,Credit Card,Website,Product not as described,Mass Market,743,6,3,3,0,none
ORD109500,CUST102367,TXN109500,DEV200597,ADDR300187,ADDR300187,2024-10-26,2024-10-30,3,0,0,2456.24,0.0,0.0,0.0,818.75,0.0,0,0,0,0,196,1,5,5,0,1,0,1,0,600.5,1,Fashion,Net Banking,Mobile App,Size issue,Budget,1359,4,2,2,0,none
ORD109502,CUST102368,TXN109502,DEV203148,ADDR302625,ADDR300816,2024-04-15,2024-04-23,1,0,0,325.69,0.0,0.0,0.0,325.69,0.0,0,1,0,0,11,4,4,2,3,3,1,1,1,896.93,1,Fashion,Wallet,Social Commerce,Changed mind,Mass Market,1099,8,4,4,0,none
ORD109520,CUST102372,TXN109520,DEV203068,ADDR302286,ADDR302286,2024-10-19,2024-10-26,9,3,0,6113.89,0.0,0.3,0.0,679.32,0.0,0,1,0,0,22,1,1,1,3,3,0,0,0,193.24,1,Beauty,Net Banking,Website,Wrong product,Budget,599,7,3,4,0,none
ORD109523,CUST102372,TXN109523,DEV203068,ADDR302286,ADDR302286,2024-11-17,2024-11-20,12,4,1,6715.83,158.2,0.3077,0.0769,559.65,158.2,0,2,1,1,8,1,2,2,4,4,1,1,0,379.13,1,Fashion,UPI,Website,Size issue,Budget,599,3,0,3,0,none
ORD109525,CUST102374,TXN109525,DEV202509,ADDR302722,ADDR302722,2024-01-19,2024-01-20,0,0,0,0.0,0.0,0.0,0.0,0.0,0.0,0,0,0,0,999,2,2,2,0,0,0,0,0,213.76,1,Beauty,UPI,Website,Late delivery,Mass Market,62,1,0,1,1,policy_exploitation
ORD109531,CUST102377,TXN109531,DEV200021,ADDR301477,ADDR301477,2024-05-16,2024-05-30,0,0,0,0.0,0.0,0.0,0.0,0.0,0.0,0,0,0,0,999,2,2,2,0,0,0,0,0,325.05,1,Home,EMI,Mobile App,Quality issue,Mass Market,307,14,12,2,0,none
ORD109533,CUST102378,TXN109533,DEV202615,ADDR302361,ADDR302361,2024-05-06,2024-05-08,1,0,0,685.81,0.0,0.0,0.0,685.81,0.0,0,0,0,0,51,1,2,2,0,0,0,0,0,850.78,1,Footwear,Net Banking,Mobile App,Changed mind,Mass Market,1290,2,0,2,1,serial_return_abuse
ORD109534,CUST102378,TXN109534,DEV202615,ADDR302361,ADDR302361,2024-05-26,2024-05-31,3,1,1,3232.67,828.03,0.25,0.25,1077.56,828.03,1,2,1,1,1,1,2,2,1,1,1,1,0,1017.68,1,Fashion,UPI,Marketplace,Size issue,Mass Market,1290,5,3,2,1,serial_return_abuse
ORD109536,CUST102378,TXN109536,DEV202615,ADDR302361,ADDR302361,2024-06-17,2024-06-20,4,2,2,4250.35,1626.85,0.4,0.4,1062.59,813.42,0,2,1,1,21,1,2,2,2,2,2,2,0,2353.77,3,Sports,Wallet,Mobile App,Other,Mass Market,1290,3,0,3,0,none
ORD109538,CUST102378,TXN109538,DEV202615,ADDR302361,ADDR302361,2024-08-28,2024-09-04,6,3,3,7013.56,3556.2,0.4286,0.4286,1168.93,1185.4,0,1,0,0,27,2,2,2,3,3,3,3,0,496.96,1,Fashion,UPI,Website,Changed mind,Mass Market,1290,7,6,1,1,serial_return_abuse
ORD109540,CUST102378,TXN109540,DEV202615,ADDR302361,ADDR302361,2024-11-03,2024-11-08,8,4,4,7819.02,4053.16,0.4444,0.4444,977.38,1013.29,0,0,0,0,43,2,2,2,4,4,4,4,0,734.14,1,Footwear,Credit Card,Mobile App,Changed mind,Mass Market,1290,5,1,4,1,serial_return_abuse
ORD109542,CUST102378,TXN109542,DEV202615,ADDR302361,ADDR302361,2024-11-22,2024-11-29,10,5,5,9087.28,4674.45,0.4545,0.4545,908.73,934.89,0,2,1,1,15,2,2,2,6,5,6,5,0,594.95,1,Home,Debit Card,Social Commerce,Wrong product,Mass Market,1290,7,4,3,1,serial_return_abuse
ORD109549,CUST102380,TXN109549,DEV201151,ADDR302997,ADDR302997,2024-02-22,2024-02-26,0,0,0,0.0,0.0,0.0,0.0,0.0,0.0,0,0,0,0,999,1,2,2,0,1,0,0,0,1355.74,1,Fashion,Net Banking,Marketplace,Changed mind,Mass Market,1381,4,2,2,1,coordinated_address_abuse
ORD109552,CUST102380,TXN109552,DEV200350,ADDR302997,ADDR302847,2024-10-05,2024-10-09,3,1,1,3065.48,1082.68,0.25,0.25,1021.83,1082.68,0,1,0,0,25,4,4,1,7,8,2,3,1,590.74,2,Beauty,UPI,Marketplace,Product not as described,Mass Market,1381,4,2,2,1,coordinated_address_abuse
ORD109563,CUST102381,TXN109563,DEV201878,ADDR302877,ADDR302877,2024-09-21,2024-09-26,3,0,0,2006.44,0.0,0.0,0.0,668.81,0.0,0,2,0,0,22,1,1,1,0,0,0,0,0,340.28,1,Footwear,Credit Card,Mobile App,Product not as described,Budget,1026,5,1,4,0,none
ORD109566,CUST102381,TXN109566,DEV201878,ADDR302877,ADDR302877,2024-11-02,2024-11-07,6,1,1,3391.2,301.2,0.1429,0.1429,565.2,301.2,0,1,0,0,27,1,1,1,1,1,1,1,0,1030.08,1,Footwear,Net Banking,Marketplace,Other,Budget,1026,5,3,2,0,none
ORD109569,CUST102382,TXN109569,DEV202724,ADDR301749,ADDR301749,2024-02-21,2024-02-26,0,0,0,0.0,0.0,0.0,0.0,0.0,0.0,0,0,0,0,999,1,1,1,0,0,0,0,0,568.83,2,Fashion,Debit Card,Mobile App,Changed mind,Budget,276,5,3,2,1,policy_exploitation
ORD109577,CUST102385,TXN109577,DEV200350,ADDR302997,ADDR302997,2024-01-10,2024-01-20,0,0,0,0.0,0.0,0.0,0.0,0.0,0.0,0,0,0,0,999,1,1,1,0,0,0,0,0,778.09,1,Electronics,UPI,Website,Quality issue,High Value,411,10,8,2,1,coordinated_address_abuse
ORD109586,CUST102388,TXN109586,DEV201281,ADDR303119,ADDR303119,2024-04-02,2024-04-05,3,0,0,1271.49,0.0,0.0,0.0,423.83,0.0,0,1,0,0,30,1,3,3,0,2,0,2,0,379.83,1,Beauty,Wallet,Mobile App,Late delivery,Budget,102,3,2,1,0,none
ORD109593,CUST102388,TXN109593,DEV201281,ADDR303119,ADDR303119,2024-10-01,2024-10-06,10,2,1,3782.7,306.13,0.1818,0.0909,378.27,306.13,0,2,1,0,9,1,3,3,2,7,1,6,0,787.54,1,Electronics,Credit Card,Website,Quality issue,Budget,102,5,1,4,0,none
ORD109600,CUST102390,TXN109600,DEV200647,ADDR302186,ADDR302186,2024-03-25,2024-03-30,2,0,0,789.47,0.0,0.0,0.0,394.74,0.0,0,2,0,0,17,1,1,1,0,0,0,0,0,931.18,1,Electronics,UPI,Social Commerce,Wrong product,Budget,177,5,1,4,0,none
ORD109605,CUST102390,TXN109605,DEV200647,ADDR302186,ADDR302186,2024-06-23,2024-06-25,7,1,1,2268.42,548.01,0.125,0.125,324.06,548.01,0,0,0,0,36,1,1,1,1,1,1,1,0,386.11,1,Beauty,UPI,Website,Product not as described,Budget,177,2,1,1,0,none
ORD109608,CUST102390,TXN109608,DEV200647,ADDR302186,ADDR302186,2024-12-19,2024-12-29,11,2,2,4309.51,855.39,0.1667,0.1667,391.77,427.7,1,1,0,0,2,1,2,2,2,2,2,2,0,256.7,1,Beauty,UPI,Mobile App,Product not as described,Budget,177,10,8,2,0,none
ORD109609,CUST102390,TXN109609,DEV200647,ADDR302186,ADDR302186,2024-12-27,2024-12-29,11,2,2,3701.98,855.39,0.1667,0.1667,336.54,427.7,0,1,0,0,10,1,2,2,2,2,2,2,0,864.23,1,Footwear,Debit Card,Website,Size issue,Budget,177,2,0,2,0,none
ORD109611,CUST102392,TXN109611,DEV201443,ADDR301290,ADDR301290,2024-02-05,2024-02-14,0,0,0,0.0,0.0,0.0,0.0,0.0,0.0,0,0,0,0,999,1,2,2,0,0,0,0,0,532.09,1,Fashion,Wallet,Mobile App,Changed mind,Budget,1548,9,7,2,0,none
ORD109625,CUST102395,TXN109625,DEV203130,ADDR302593,ADDR302593,2024-10-21,2024-10-27,7,0,0,4749.47,0.0,0.0,0.0,678.5,0.0,1,2,0,0,6,3,1,1,0,0,0,0,0,571.79,1,Fashion,UPI,Website,Changed mind,Budget,1292,6,3,3,0,none
ORD109626,CUST102396,TXN109626,DEV201763,ADDR302973,ADDR302973,2024-07-12,2024-07-20,2,0,0,1126.49,0.0,0.0,0.0,563.24,0.0,2,2,0,0,1,4,2,2,1,1,1,1,0,898.07,2,Accessories,Wallet,Website,Changed mind,Premium,1413,8,6,2,0,none
ORD109631,CUST102396,TXN109631,DEV201763,ADDR302973,ADDR302973,2024-10-14,2024-10-19,5,1,1,3830.82,896.45,0.1667,0.1667,766.16,896.45,1,1,0,0,7,4,2,2,3,2,3,2,0,726.79,1,Fashion,Wallet,Mobile App,Size issue,Premium,1413,5,1,4,1,serial_return_abuse
ORD109638,CUST102399,TXN109638,DEV200207,ADDR302403,ADDR302403,2024-07-24,2024-07-28,1,0,0,367.64,0.0,0.0,0.0,367.64,0.0,0,1,0,0,12,3,4,5,0,0,0,0,0,365.52,1,Fashion,UPI,Website,Quality issue,Budget,788,4,2,2,0,none
ORD109639,CUST102399,TXN109639,DEV200207,ADDR302403,ADDR302403,2024-09-08,2024-09-15,3,1,1,854.84,337.49,0.25,0.25,284.95,337.49,1,1,0,0,2,5,6,7,1,1,1,1,0,661.87,2,Beauty,Net Banking,Website,Changed mind,Budget,788,7,3,4,0,none
ORD109664,CUST102405,TXN109664,DEV200525,ADDR301474,ADDR301474,2024-04-12,2024-04-15,0,0,0,0.0,0.0,0.0,0.0,0.0,0.0,0,0,0,0,999,2,1,1,1,0,1,0,0,418.3,1,Fashion,UPI,Website,Size issue,Mass Market,1256,3,1,2,0,none
ORD109669,CUST102406,TXN109669,DEV201853,ADDR301832,ADDR301832,2024-08-27,2024-09-03,4,1,0,2275.55,0.0,0.2,0.0,568.89,0.0,0,2,0,0,16,3,1,1,3,1,2,0,0,378.4,1,Accessories,Credit Card,Marketplace,Changed mind,Budget,1115,7,3,4,0,none
ORD109674,CUST102409,TXN109674,DEV202974,ADDR300141,ADDR300141,2024-09-23,2024-09-26,0,0,0,0.0,0.0,0.0,0.0,0.0,0.0,0,0,0,0,999,1,1,1,0,0,0,0,0,456.66,1,Fashion,UPI,Website,Size issue,Budget,1513,3,0,3,0,none
ORD109690,CUST102417,TXN109690,DEV202281,ADDR300767,ADDR300767,2024-01-08,2024-01-13,0,0,0,0.0,0.0,0.0,0.0,0.0,0.0,0,0,0,0,999,1,1,1,0,0,0,0,0,219.66,1,Accessories,Debit Card,Mobile App,Duplicate order,Budget,1131,5,1,4,0,none
ORD109691,CUST102417,TXN109691,DEV202281,ADDR300767,ADDR300767,2024-03-14,2024-03-22,1,1,1,219.66,203.26,0.5,0.5,219.66,203.26,0,0,0,0,74,1,1,1,1,1,1,1,0,283.23,1,Fashion,Credit Card,Mobile App,Changed mind,Budget,1131,8,7,1,0,none
ORD109701,CUST102424,TXN109701,DEV202094,ADDR302278,ADDR302278,2024-05-01,2024-05-03,1,0,0,1036.53,0.0,0.0,0.0,1036.53,0.0,0,0,0,0,90,1,2,2,0,1,0,0,0,502.25,1,Footwear,EMI,Website,Product not as described,Mass Market,45,2,0,2,0,none
ORD109704,CUST102425,TXN109704,DEV200789,ADDR302065,ADDR302065,2024-02-22,2024-02-27,0,0,0,0.0,0.0,0.0,0.0,0.0,0.0,0,0,0,0,999,1,1,1,0,0,0,0,0,1159.87,1,Footwear,Credit Card,Social Commerce,Size issue,High Value,899,5,2,3,0,none
ORD109706,CUST102427,TXN109706,DEV202167,ADDR301029,ADDR300708,2024-02-28,2024-03-07,0,0,0,0.0,0.0,0.0,0.0,0.0,0.0,0,0,0,0,999,4,4,1,0,0,0,0,1,377.49,1,Fashion,Credit Card,Mobile App,Size issue,Mass Market,1065,8,6,2,0,none
ORD109711,CUST102427,TXN109711,DEV202167,ADDR301029,ADDR302480,2024-12-04,2024-12-08,6,1,1,7268.29,357.12,0.1429,0.1429,1211.38,357.12,2,3,0,0,1,10,11,1,4,4,4,4,1,1639.05,3,Beauty,UPI,Website,Changed mind,Mass Market,1065,4,1,3,1,account_multiplication
ORD109715,CUST102428,TXN109715,DEV202579,ADDR300949,ADDR300949,2024-01-20,2024-01-23,1,0,0,1410.48,0.0,0.0,0.0,1410.48,0.0,1,1,0,0,5,1,1,1,0,0,0,0,0,1136.92,1,Electronics,UPI,Mobile App,Damaged product,Mass Market,602,3,0,3,0,none
ORD109719,CUST102428,TXN109719,DEV202579,ADDR300949,ADDR300949,2024-08-29,2024-09-04,5,1,1,4335.43,1011.39,0.1667,0.1667,867.09,1011.39,0,1,0,0,17,1,3,3,1,2,1,1,0,300.0,1,Fashion,UPI,Social Commerce,Wrong product,Mass Market,602,6,5,1,0,none
ORD109720,CUST102428,TXN109720,DEV202579,ADDR300949,ADDR300949,2024-10-14,2024-10-23,6,2,2,4635.43,1279.83,0.2857,0.2857,772.57,639.92,0,0,0,0,55,1,3,3,2,3,2,2,0,798.58,1,Fashion,UPI,Mobile App,Wrong product,Mass Market,602,9,5,4,0,none
ORD109723,CUST102429,TXN109723,DEV200633,ADDR300386,ADDR300386,2024-11-30,2024-12-05,0,0,0,0.0,0.0,0.0,0.0,0.0,0.0,0,0,0,0,999,2,1,1,1,0,0,0,0,2138.04,2,Fashion,UPI,Mobile App,Product not as described,Mass Market,1557,5,3,2,0,none
ORD109726,CUST102432,TXN109726,DEV201456,ADDR300639,ADDR300639,2024-07-26,2024-08-03,0,0,0,0.0,0.0,0.0,0.0,0.0,0.0,0,0,0,0,999,1,1,1,0,0,0,0,0,372.86,1,Fashion,UPI,Mobile App,Damaged product,Budget,1141,8,4,4,0,none
ORD109732,CUST102435,TXN109732,DEV201023,ADDR300954,ADDR300954,2024-09-07,2024-09-12,1,0,0,1796.01,0.0,0.0,0.0,1796.01,0.0,0,1,0,0,23,3,2,2,2,0,1,0,0,638.17,1,Footwear,UPI,Mobile App,Size issue,Premium,937,5,4,1,0,none
ORD109737,CUST102436,TXN109737,DEV201049,ADDR301230,ADDR301230,2024-06-01,2024-06-05,1,1,0,653.15,0.0,0.5,0.0,653.15,0.0,0,0,0,0,88,1,4,4,1,2,0,1,0,164.42,1,Accessories,UPI,Mobile App,Product not as described,Mass Market,1493,4,2,2,0,none
ORD109744,CUST102436,TXN109744,DEV201049,ADDR301230,ADDR301230,2024-12-13,2024-12-18,9,3,1,4093.15,159.2,0.3,0.1,454.79,159.2,2,4,0,0,1,1,5,5,3,8,1,5,0,1474.41,1,Fashion,Credit Card,Mobile App,Product not as described,Mass Market,1493,5,4,1,0,none
ORD109747,CUST102438,TXN109747,DEV201637,ADDR302330,ADDR302330,2024-01-20,2024-01-21,0,0,0,0.0,0.0,0.0,0.0,0.0,0.0,0,0,0,0,999,1,1,1,0,0,0,0,0,761.32,1,Fashion,Debit Card,Mobile App,Wrong product,Budget,708,1,0,1,1,refund_abuse
ORD109751,CUST102438,TXN109751,DEV201637,ADDR302330,ADDR302330,2024-07-08,2024-07-14,5,1,1,1523.07,666.87,0.1667,0.1667,304.61,666.87,1,2,0,0,4,2,1,1,2,1,2,1,0,205.07,1,Beauty,UPI,Mobile App,Changed mind,Budget,708,6,4,2,1,refund_abuse
ORD109761,CUST102441,TXN109761,DEV200848,ADDR302308,ADDR302308,2024-02-23,2024-02-27,1,0,0,495.48,0.0,0.0,0.0,495.48,0.0,0,0,0,0,57,1,2,2,0,0,0,0,0,539.98,1,Electronics,Wallet,Marketplace,Wrong product,Budget,1580,4,3,1,0,none
ORD109763,CUST102441,TXN109763,DEV200848,ADDR302308,ADDR302308,2024-05-04,2024-05-09,3,1,1,1145.9,336.29,0.25,0.25,381.97,336.29,0,0,0,0,51,1,4,4,1,3,1,3,0,695.1,1,Fashion,Debit Card,Mobile App,Wrong product,Budget,1580,5,2,3,0,none
ORD109780,CUST102446,TXN109780,DEV202561,ADDR301976,ADDR301976,2024-03-09,2024-03-14,3,0,0,2633.02,0.0,0.0,0.0,877.67,0.0,0,1,0,0,9,4,1,1,1,0,1,0,0,168.1,1,Grocery,Wallet,Website,Quality issue,High Value,721,5,2,3,0,none
ORD109785,CUST102446,TXN109785,DEV202561,ADDR301976,ADDR301976,2024-08-13,2024-08-19,8,1,1,7107.13,152.55,0.1111,0.1111,888.39,152.55,0,0,0,0,43,5,1,1,4,1,4,1,0,238.17,1,Grocery,Debit Card,Mobile App,Other,High Value,721,6,2,4,1,serial_return_abuse
ORD109788,CUST102446,TXN109788,DEV201329,ADDR301976,ADDR301976,2024-10-18,2024-10-22,11,2,2,8427.51,369.66,0.1667,0.1667,766.14,184.83,0,2,0,0,8,1,2,2,0,2,0,2,0,520.62,1,Accessories,Wallet,Website,Product not as described,High Value,721,4,0,4,1,serial_return_abuse
ORD109790,CUST102446,TXN109790,DEV201329,ADDR301976,ADDR301976,2024-11-09,2024-11-14,13,3,3,9957.85,850.32,0.2143,0.2143,765.99,283.44,0,2,1,1,15,1,2,2,1,3,1,3,0,2328.35,1,Fashion,Credit Card,Website,Product not as described,High Value,721,5,2,3,1,serial_return_abuse
ORD109791,CUST102446,TXN109791,DEV201329,ADDR301976,ADDR301976,2024-12-23,2024-12-31,14,4,4,12286.2,2869.1,0.2667,0.2667,877.59,717.28,0,0,0,0,52,1,2,2,2,4,2,4,0,714.5,1,Fashion,Credit Card,Website,Changed mind,High Value,721,8,5,3,1,serial_return_abuse
ORD109800,CUST102448,TXN109800,DEV202792,ADDR301609,ADDR301609,2024-10-13,2024-10-19,9,0,0,4148.85,0.0,0.0,0.0,460.98,0.0,2,3,0,0,5,1,6,5,0,1,0,1,0,337.23,1,Fashion,UPI,Website,Changed mind,Mass Market,662,6,2,4,1,serial_return_abuse
ORD109803,CUST102448,TXN109803,DEV202792,ADDR301609,ADDR301609,2024-11-24,2024-11-27,10,2,1,4486.08,337.23,0.1818,0.0909,448.61,337.23,0,0,0,0,44,1,6,5,2,3,1,2,0,309.58,1,Home,UPI,Mobile App,Damaged product,Mass Market,662,3,2,1,0,none
ORD109808,CUST102451,TXN109808,DEV202360,ADDR300390,ADDR300390,2024-09-19,2024-09-23,0,0,0,0.0,0.0,0.0,0.0,0.0,0.0,0,0,0,0,999,2,1,3,1,0,1,0,0,300.91,1,Beauty,UPI,Mobile App,Quality issue,Premium,321,4,0,4,0,none
ORD109811,CUST102452,TXN109811,DEV202438,ADDR302630,ADDR302630,2024-03-20,2024-03-28,3,0,0,2001.83,0.0,0.0,0.0,667.28,0.0,1,1,0,0,5,1,1,1,0,0,0,0,0,479.95,1,Electronics,UPI,Mobile App,Product not as described,Budget,278,8,6,2,0,none
ORD109815,CUST102452,TXN109815,DEV202438,ADDR302630,ADDR302630,2024-07-10,2024-07-15,6,1,1,4093.57,391.45,0.1429,0.1429,682.26,391.45,0,0,0,0,44,1,1,1,1,1,1,1,0,148.12,1,Beauty,UPI,Mobile App,Changed mind,Budget,278,5,2,3,0,none
ORD109820,CUST102452,TXN109820,DEV202438,ADDR302630,ADDR302630,2024-10-20,2024-10-24,12,2,2,5751.62,513.61,0.1538,0.1538,479.3,256.8,1,3,0,0,2,1,2,2,2,2,2,2,0,526.98,1,Fashion,Credit Card,Mobile App,Size issue,Budget,278,4,0,4,0,none
ORD109831,CUST102454,TXN109831,DEV202993,ADDR302360,ADDR302360,2024-07-09,2024-07-17,4,2,0,3331.21,0.0,0.4,0.0,832.8,0.0,0,2,2,0,25,1,1,1,2,2,0,0,0,680.05,1,Fashion,Debit Card,Mobile App,Changed mind,Mass Market,732,8,6,2,0,none
ORD109832,CUST102454,TXN109832,DEV202993,ADDR302360,ADDR302360,2024-10-01,2024-10-02,5,3,1,4011.26,613.04,0.5,0.1667,802.25,613.04,0,0,0,0,85,1,1,1,3,3,1,1,0,836.49,1,Electronics,UPI,Marketplace,Wrong product,Mass Market,732,1,0,1,0,none
ORD109834,CUST102454,TXN109834,DEV202993,ADDR302360,ADDR302360,2024-10-22,2024-10-26,7,4,2,4897.75,1449.53,0.5,0.25,699.68,724.76,0,2,1,1,17,1,1,1,4,4,2,2,0,100.0,1,Accessories,UPI,Marketplace,Product not as described,Mass Market,732,4,3,1,0,none
ORD109844,CUST102459,TXN109844,DEV202702,ADDR301946,ADDR301946,2024-09-23,2024-10-05,2,0,0,1120.09,0.0,0.0,0.0,560.04,0.0,0,0,0,0,248,6,6,5,1,2,0,0,0,547.98,1,Sports,Wallet,Mobile App,Changed mind,Mass Market,1118,12,8,4,1,account_multiplication
ORD109845,CUST102459,TXN109845,DEV202702,ADDR301946,ADDR301946,2024-11-14,2024-11-22,3,1,1,1668.07,540.6,0.25,0.25,556.02,540.6,0,0,0,0,60,6,7,6,2,4,1,2,0,100.0,1,Accessories,Credit Card,Mobile App,Product not as described,Mass Market,1118,8,7,1,1,account_multiplication
ORD109851,CUST102462,TXN109851,DEV201706,ADDR300493,ADDR300493,2024-05-29,2024-06-03,3,1,0,1168.16,0.0,0.25,0.0,389.39,0.0,1,1,0,0,1,2,3,2,2,1,1,0,0,304.92,1,Beauty,Wallet,Mobile App,Damaged product,Budget,717,5,2,3,0,none
ORD109854,CUST102462,TXN109854,DEV201706,ADDR300493,ADDR300493,2024-08-11,2024-08-16,5,2,1,1718.55,251.06,0.3333,0.1667,343.71,251.06,0,0,0,0,65,2,3,3,3,2,2,1,0,1702.32,2,Electronics,UPI,Mobile App,Damaged product,Budget,717,5,2,3,0,none
ORD109864,CUST102465,TXN109864,DEV202467,ADDR300046,ADDR300046,2024-01-28,2024-02-11,1,0,0,715.92,0.0,0.0,0.0,715.92,0.0,0,0,0,0,40,1,2,2,0,0,0,0,0,429.98,1,Fashion,UPI,Marketplace,Product not as described,Budget,439,14,10,4,1,serial_return_abuse
ORD109887,CUST102468,TXN109887,DEV200221,ADDR301248,ADDR301248,2024-04-18,2024-04-24,1,0,0,1250.14,0.0,0.0,0.0,1250.14,0.0,0,0,0,0,59,1,2,2,0,1,0,0,0,1562.3,2,Electronics,UPI,Mobile App,Product not as described,Mass Market,559,6,3,3,0,none
ORD109892,CUST102469,TXN109892,DEV202147,ADDR300168,ADDR300168,2024-03-10,2024-03-17,1,0,0,469.19,0.0,0.0,0.0,469.19,0.0,0,1,0,0,29,2,1,1,0,0,0,0,0,244.06,1,Fashion,UPI,Website,Size issue,Budget,1193,7,6,1,0,none
ORD109905,CUST102471,TXN109905,DEV202501,ADDR300612,ADDR300612,2024-04-19,2024-04-21,0,0,0,0.0,0.0,0.0,0.0,0.0,0.0,0,0,0,0,999,1,2,2,0,0,0,0,0,992.15,1,Electronics,UPI,Mobile App,Damaged product,Mass Market,543,2,0,2,0,none
ORD109906,CUST102472,TXN109906,DEV201338,ADDR302057,ADDR302057,2024-04-07,2024-04-12,0,0,0,0.0,0.0,0.0,0.0,0.0,0.0,0,0,0,0,999,1,1,1,0,0,0,0,0,565.14,2,Beauty,Debit Card,Mobile App,Quality issue,Mass Market,1481,5,2,3,0,none
ORD109931,CUST102477,TXN109931,DEV201095,ADDR301198,ADDR301198,2024-01-14,2024-01-20,0,0,0,0.0,0.0,0.0,0.0,0.0,0.0,0,0,0,0,999,1,1,1,0,0,0,0,0,2029.2,2,Electronics,UPI,Mobile App,Quality issue,Budget,139,6,2,4,0,none
ORD109933,CUST102478,TXN109933,DEV200679,ADDR302911,ADDR300012,2024-08-03,2024-08-10,0,0,0,0.0,0.0,0.0,0.0,0.0,0.0,0,0,0,0,999,1,10,3,0,7,0,5,1,368.52,1,Fashion,EMI,Mobile App,Size issue,Premium,746,7,3,4,0,none
ORD109935,CUST102479,TXN109935,DEV202759,ADDR302996,ADDR302996,2024-08-10,2024-08-16,1,0,0,2792.61,0.0,0.0,0.0,2792.61,0.0,0,0,0,0,130,1,6,6,0,3,0,2,0,301.19,1,Fashion,UPI,Website,Product not as described,Budget,971,6,4,2,0,none
ORD109940,CUST102482,TXN109940,DEV202356,ADDR302067,ADDR302668,2024-09-01,2024-09-03,0,0,0,0.0,0.0,0.0,0.0,0.0,0.0,0,0,0,0,999,2,1,2,0,0,0,0,1,359.32,1,Beauty,Debit Card,Mobile App,Product not as described,Mass Market,34,2,0,2,0,none
ORD109945,CUST102483,TXN109945,DEV202561,ADDR301222,ADDR300825,2024-05-15,2024-05-22,4,0,0,5055.65,0.0,0.0,0.0,1263.91,0.0,0,3,0,0,10,4,7,1,2,3,2,2,1,2676.87,3,Fashion,Credit Card,Mobile App,Product not as described,Mass Market,464,7,3,4,1,account_multiplication
ORD109946,CUST102483,TXN109946,DEV202561,ADDR301222,ADDR301222,2024-05-25,2024-05-30,5,1,1,7732.52,2510.7,0.1667,0.1667,1546.5,2510.7,0,4,1,1,15,4,7,7,3,5,3,4,0,401.9,1,Beauty,UPI,Social Commerce,Changed mind,Mass Market,464,5,1,4,1,account_multiplication
ORD109950,CUST102484,TXN109950,DEV200368,ADDR300909,ADDR300909,2024-07-23,2024-07-31,1,0,0,555.14,0.0,0.0,0.0,555.14,0.0,0,1,0,0,11,2,1,2,0,0,0,0,0,605.15,1,Home,UPI,Mobile App,Late delivery,Budget,217,8,4,4,1,serial_return_abuse
ORD109962,CUST102484,TXN109962,DEV200368,ADDR300909,ADDR300909,2024-12-01,2024-12-10,13,2,1,6967.16,481.44,0.1429,0.0714,535.94,481.44,0,2,0,0,11,2,1,2,2,2,1,1,0,278.53,1,Home,Credit Card,Mobile App,Wrong product,Budget,217,9,6,3,0,none
ORD109971,CUST102489,TXN109971,DEV202950,ADDR301442,ADDR301442,2024-01-17,2024-01-19,1,0,0,333.16,0.0,0.0,0.0,333.16,0.0,0,1,0,0,17,3,3,3,0,0,0,0,0,470.41,2,Grocery,Credit Card,Mobile App,Damaged product,Budget,367,2,0,2,0,none
ORD109976,CUST102489,TXN109976,DEV202950,ADDR301442,ADDR301442,2024-04-05,2024-04-09,6,2,1,3246.51,436.66,0.2857,0.1429,541.08,436.66,0,2,1,0,24,4,4,4,2,2,1,1,0,243.36,1,Fashion,Credit Card,Website,Changed mind,Budget,367,4,2,2,1,serial_return_abuse
ORD109977,CUST102489,TXN109977,DEV202950,ADDR301442,ADDR301442,2024-05-27,2024-06-01,7,3,2,3489.87,675.54,0.375,0.25,498.55,337.77,0,0,0,0,57,5,4,4,3,3,2,2,0,162.24,2,Accessories,Debit Card,Website,Changed mind,Budget,367,5,4,1,1,serial_return_abuse
ORD109979,CUST102489,TXN109979,DEV202950,ADDR301442,ADDR301442,2024-07-20,2024-07-23,9,4,3,3773.79,817.91,0.4,0.3,419.31,272.64,0,1,0,0,21,6,5,5,6,6,4,4,0,480.13,1,Fashion,UPI,Marketplace,Damaged product,Budget,367,3,1,2,1,serial_return_abuse
ORD109981,CUST102489,TXN109981,DEV202950,ADDR301442,ADDR301442,2024-08-30,2024-09-03,11,5,4,4946.93,1224.59,0.4167,0.3333,449.72,306.15,1,1,0,0,7,6,5,5,7,7,5,5,0,529.24,1,Footwear,UPI,Mobile App,Product not as described,Budget,367,4,0,4,0,none
ORD109984,CUST102489,TXN109984,DEV202950,ADDR301442,ADDR301442,2024-10-08,2024-10-24,14,6,5,6148.83,1753.83,0.4,0.3333,439.2,350.77,0,0,0,0,32,7,6,6,11,11,7,7,0,1993.16,2,Fashion,UPI,Website,Changed mind,Budget,367,16,13,3,0,none
