order_id,customer_id,transaction_id,device_id,shipping_address_id,billing_address_id,order_date,return_request_date,prior_order_count,prior_return_count,prior_refund_count,prior_spend,prior_refund_amount,prior_return_rate,prior_refund_rate,average_previous_order_value,average_previous_refund,orders_last_7_days,orders_last_30_days,returns_last_30_days,refunds_last_30_days,days_since_previous_order,accounts_per_device,accounts_per_shipping_address,accounts_per_billing_address,device_prior_return_count,address_prior_return_count,device_prior_refund_count,address_prior_refund_count,is_address_mismatch,current_order_amount,quantity,category,payment_method,channel,return_reason,customer_segment,customer_tenure_days,days_since_order,days_since_delivery,delivery_duration_days,abuse_label,abuse_type
ORD500001,CUST500000,TXN500001,DEV805506,ADDR905012,ADDR905012,2024-04-12,2024-04-23,0,0,0,0.0,0.0,0.0,0.0,0.0,0.0,0,0,0,0,999,1,1,1,0,0,0,0,0,4024.12,1,Sports,UPI,Marketplace,Wrong product,Mass Market,1548,11,10,1,0,none
ORD500005,CUST500002,TXN500005,DEV802535,ADDR904582,ADDR904582,2024-07-12,2024-07-25,2,1,0,2307.98,0.0,0.3333,0.0,1153.99,0.0,0,1,1,0,8,1,1,1,1,1,0,0,0,943.06,1,Fashion,UPI,Mobile App,Changed mind,Mass Market,91,13,12,1,0,none
ORD500018,CUST500007,TXN500018,DEV806635,ADDR905333,ADDR905333,2024-04-21,2024-05-04,1,0,0,2086.32,0.0,0.0,0.0,2086.32,0.0,0,0,0,0,95,1,1,1,0,0,0,0,0,341.72,1,Accessories,UPI,Website,Quality issue,Budget,765,13,11,2,0,none
ORD500029,CUST500011,TXN500029,DEV804814,ADDR902654,ADDR902654,2024-08-17,2024-08-22,3,0,0,4495.3,0.0,0.0,0.0,1498.43,0.0,0,1,0,0,20,1,2,2,0,0,0,0,0,2209.55,1,Home,UPI,Mobile App,Wrong product,High Value,1781,5,1,4,0,none
ORD500041,CUST500014,TXN500041,DEV805010,ADDR903677,ADDR903677,2024-12-18,2024-12-23,2,0,0,5043.8,0.0,0.0,0.0,2521.9,0.0,0,0,0,0,316,1,1,1,0,0,0,0,0,2862.79,1,Fashion,UPI,Website,Damaged product,Mass Market,1123,5,3,2,0,none
ORD500057,CUST500019,TXN500057,DEV808517,ADDR903340,ADDR903340,2024-08-07,2024-08-16,3,0,0,8906.31,0.0,0.0,0.0,2968.77,0.0,0,0,0,0,36,1,1,1,0,0,0,0,0,2276.43,1,Sports,UPI,Mobile App,Product not as described,Mass Market,1346,9,8,1,0,none
ORD500062,CUST500021,TXN500062,DEV807543,ADDR908002,ADDR908002,2024-05-30,2024-06-12,2,0,0,3144.62,0.0,0.0,0.0,1572.31,0.0,0,0,0,0,44,1,2,2,0,1,0,1,0,2233.18,1,Footwear,UPI,Website,Late delivery,Mass Market,1225,13,10,3,1,coordinated_address_abuse
ORD500065,CUST500022,TXN500065,DEV809085,ADDR902489,ADDR903497,2024-04-12,2024-04-18,3,1,0,6925.37,0.0,0.25,0.0,2308.46,0.0,0,0,0,0,36,1,2,1,1,2,0,0,1,1658.92,2,Footwear,Wallet,Website,Changed mind,Budget,1073,6,4,2,0,none
ORD500067,CUST500022,TXN500067,DEV809085,ADDR902489,ADDR901855,2024-12-21,2025-01-01,6,2,1,13087.38,1381.12,0.2857,0.1429,2181.23,1381.12,0,0,0,0,91,1,3,1,2,4,1,1,1,6070.24,1,Electronics,UPI,Mobile App,Changed mind,Budget,1073,11,8,3,0,none
ORD500076,CUST500026,TXN500076,DEV809797,ADDR905371,ADDR909216,2024-10-05,2024-10-11,1,0,0,1017.15,0.0,0.0,0.0,1017.15,0.0,0,0,0,0,142,1,1,1,0,0,0,0,1,2444.45,2,Sports,Credit Card,Marketplace,Size issue,Mass Market,1426,6,5,1,0,none
ORD500080,CUST500029,TXN500080,DEV805889,ADDR909317,ADDR909317,2024-07-13,2024-07-21,0,0,0,0.0,0.0,0.0,0.0,0.0,0.0,0,0,0,0,999,2,1,1,0,0,0,0,0,958.61,1,Footwear,UPI,Mobile App,Changed mind,High Value,247,8,5,3,0,none
ORD500089,CUST500034,TXN500089,DEV809727,ADDR903060,ADDR903060,2024-12-05,2024-12-09,0,0,0,0.0,0.0,0.0,0.0,0.0,0.0,0,0,0,0,999,1,1,1,0,0,0,0,0,3601.42,1,Sports,UPI,Marketplace,Product not as described,Mass Market,171,4,1,3,0,none
ORD500090,CUST500035,TXN500090,DEV803705,ADDR905342,ADDR905342,2024-04-14,2024-04-27,1,0,0,2847.24,0.0,0.0,0.0,2847.24,0.0,0,0,0,0,98,1,1,1,0,0,0,0,0,4817.22,1,Electronics,Credit Card,Marketplace,Product not as described,Budget,1155,13,9,4,0,none
ORD500095,CUST500036,TXN500095,DEV804470,ADDR909835,ADDR909835,2024-11-01,2024-11-13,3,0,0,5419.79,0.0,0.0,0.0,1806.6,0.0,0,0,0,0,44,1,1,1,0,0,0,0,0,166.17,3,Accessories,Credit Card,Mobile App,Damaged product,Mass Market,896,12,11,1,0,none
ORD500100,CUST500037,TXN500100,DEV806107,ADDR907537,ADDR907537,2024-12-17,2024-12-19,5,1,0,7389.03,0.0,0.1667,0.0,1477.81,0.0,0,0,0,0,59,1,1,1,1,1,0,0,0,961.29,1,Footwear,UPI,Mobile App,Quality issue,High Value,441,2,1,1,1,serial_return_abuse
ORD500102,CUST500039,TXN500102,DEV802049,ADDR906539,ADDR906539,2024-11-22,2024-12-07,3,0,0,7647.75,0.0,0.0,0.0,2549.25,0.0,0,0,0,0,68,1,1,1,0,0,0,0,0,2729.67,3,Electronics,UPI,Social Commerce,Changed mind,Mass Market,490,15,12,3,0,none
ORD500104,CUST500040,TXN500104,DEV804608,ADDR901117,ADDR904393,2024-06-04,2024-06-14,1,0,0,1071.96,0.0,0.0,0.0,1071.96,0.0,0,0,0,0,32,1,1,1,0,0,0,0,1,2155.78,1,Footwear,Credit Card,Mobile App,Product not as described,Budget,501,10,7,3,0,none
ORD500106,CUST500040,TXN500106,DEV804608,ADDR901117,ADDR901117,2024-11-11,2024-11-26,3,1,1,3353.04,1669.19,0.25,0.25,1117.68,1669.19,0,0,0,0,38,1,1,1,1,1,1,1,0,2551.2,1,Sports,Credit Card,Mobile App,Quality issue,Budget,501,15,12,3,0,none
ORD500113,CUST500044,TXN500113,DEV808744,ADDR904981,ADDR904981,2024-06-12,2024-06-23,2,0,0,4705.98,0.0,0.0,0.0,2352.99,0.0,0,0,0,0,32,1,1,1,0,0,0,0,0,2738.46,1,Electronics,EMI,Mobile App,Quality issue,Budget,1199,11,10,1,0,none
ORD500124,CUST500048,TXN500124,DEV802790,ADDR905073,ADDR905073,2024-03-20,2024-03-23,0,0,0,0.0,0.0,0.0,0.0,0.0,0.0,0,0,0,0,999,1,2,2,0,0,0,0,0,494.34,1,Home,Credit Card,Website,Changed mind,Mass Market,1669,3,1,2,0,none
ORD500146,CUST500055,TXN500146,DEV805345,ADDR908454,ADDR908454,2024-04-12,2024-04-17,0,0,0,0.0,0.0,0.0,0.0,0.0,0.0,0,0,0,0,999,1,3,3,0,0,0,0,0,3073.39,1,Electronics,Credit Card,Website,Wrong product,Budget,829,5,2,3,0,none
ORD500151,CUST500057,TXN500151,DEV809883,ADDR901998,ADDR901998,2024-02-08,2024-02-21,1,0,0,6342.79,0.0,0.0,0.0,6342.79,0.0,0,1,0,0,17,1,1,1,0,0,0,0,0,5079.4,1,Electronics,UPI,Mobile App,Product not as described,Budget,149,13,11,2,0,none
ORD500153,CUST500058,TXN500153,DEV808811,ADDR909238,ADDR909238,2024-06-16,2024-06-23,0,0,0,0.0,0.0,0.0,0.0,0.0,0.0,0,0,0,0,999,2,1,1,1,0,1,0,0,1341.86,1,Accessories,Net Banking,Social Commerce,Size issue,Mass Market,132,7,5,2,0,none
ORD500156,CUST500059,TXN500156,DEV801931,ADDR909320,ADDR909320,2024-06-30,2024-07-11,1,0,0,670.74,0.0,0.0,0.0,670.74,0.0,0,0,0,0,81,1,1,1,0,0,0,0,0,632.58,1,Beauty,Credit Card,Mobile App,Damaged product,Premium,352,11,10,1,0,none
ORD500169,CUST500063,TXN500169,DEV806147,ADDR904910,ADDR904910,2024-09-23,2024-10-03,2,0,0,5986.17,0.0,0.0,0.0,2993.08,0.0,0,1,0,0,12,1,1,1,0,0,0,0,0,2444.33,3,Fashion,UPI,Website,Quality issue,Premium,1401,10,8,2,0,none
ORD500171,CUST500064,TXN500171,DEV805915,ADDR908491,ADDR908491,2024-09-06,2024-09-18,0,0,0,0.0,0.0,0.0,0.0,0.0,0.0,0,0,0,0,999,2,1,1,3,0,3,0,0,1360.17,1,Accessories,UPI,Website,Size issue,Budget,1405,12,9,3,0,none
ORD500179,CUST500065,TXN500179,DEV801152,ADDR908508,ADDR908508,2024-12-14,2024-12-21,7,0,0,8748.36,0.0,0.0,0.0,1249.77,0.0,0,0,0,0,154,1,1,1,0,0,0,0,0,549.76,3,Sports,UPI,Marketplace,Damaged product,Budget,178,7,5,2,0,none
ORD500188,CUST500067,TXN500188,DEV806718,ADDR902127,ADDR902127,2024-12-07,2024-12-21,5,0,0,8158.87,0.0,0.0,0.0,1631.77,0.0,0,1,0,0,28,2,1,2,0,0,0,0,0,1189.36,1,Accessories,Wallet,Marketplace,Size issue,Budget,301,14,10,4,0,none
ORD500190,CUST500068,TXN500190,DEV803584,ADDR908179,ADDR908179,2024-07-02,2024-07-13,1,0,0,1747.61,0.0,0.0,0.0,1747.61,0.0,0,0,0,0,65,1,1,1,0,0,0,0,0,642.05,2,Home,Credit Card,Mobile App,Wrong product,High Value,613,11,8,3,0,none
ORD500193,CUST500069,TXN500193,DEV809666,ADDR901128,ADDR901128,2024-05-31,2024-06-10,0,0,0,0.0,0.0,0.0,0.0,0.0,0.0,0,0,0,0,999,2,1,2,0,0,0,0,0,1085.23,1,Home,UPI,Mobile App,Quality issue,High Value,649,10,6,4,0,none
ORD500200,CUST500070,TXN500200,DEV802697,ADDR903200,ADDR903200,2024-07-08,2024-07-21,2,0,0,6932.39,0.0,0.0,0.0,3466.2,0.0,0,1,0,0,16,1,2,2,0,1,0,1,0,3299.65,1,Sports,Credit Card,Social Commerce,Quality issue,Mass Market,643,13,10,3,0,none
ORD500201,CUST500070,TXN500201,DEV802697,ADDR903200,ADDR903200,2024-08-08,2024-08-21,4,1,1,14139.97,2492.98,0.2,0.2,3534.99,2492.98,0,0,0,1,31,1,2,2,1,2,1,2,0,1162.09,1,Accessories,UPI,Marketplace,Changed mind,Mass Market,643,13,12,1,0,none
ORD500205,CUST500072,TXN500205,DEV806617,ADDR904335,ADDR904335,2024-07-25,2024-08-02,0,0,0,0.0,0.0,0.0,0.0,0.0,0.0,0,0,0,0,999,1,2,2,0,1,0,1,0,814.67,1,Grocery,Credit Card,Marketplace,Wrong product,Budget,1499,8,7,1,0,none
ORD500206,CUST500073,TXN500206,DEV809280,ADDR909004,ADDR909004,2024-11-20,2024-11-27,1,0,0,2840.54,0.0,0.0,0.0,2840.54,0.0,0,0,0,0,112,1,5,5,0,5,0,4,0,2472.29,2,Electronics,Credit Card,Mobile App,Size issue,Mass Market,570,7,6,1,0,none
ORD500209,CUST500075,TXN500209,DEV801722,ADDR901058,ADDR901058,2024-03-17,2024-03-31,0,0,0,0.0,0.0,0.0,0.0,0.0,0.0,0,0,0,0,999,1,1,1,0,0,0,0,0,1979.62,2,Fashion,Wallet,Marketplace,Size issue,Mass Market,596,14,11,3,0,none
ORD500217,CUST500077,TXN500217,DEV808007,ADDR901158,ADDR901158,2024-06-09,2024-06-13,1,0,0,1742.59,0.0,0.0,0.0,1742.59,0.0,0,0,0,0,76,2,1,1,1,0,1,0,0,751.61,1,Grocery,UPI,Mobile App,Wrong product,Mass Market,1475,4,3,1,0,none
ORD500220,CUST500078,TXN500220,DEV803442,ADDR909938,ADDR909938,2024-04-26,2024-05-12,1,0,0,92.52,0.0,0.0,0.0,92.52,0.0,0,0,0,0,42,1,1,1,0,0,0,0,0,1814.05,1,Footwear,Net Banking,Mobile App,Changed mind,Budget,1445,16,12,4,0,none
ORD500223,CUST500078,TXN500223,DEV803442,ADDR909938,ADDR909938,2024-07-18,2024-07-23,5,1,1,4603.75,1392.52,0.1667,0.1667,920.75,1392.52,0,1,0,0,14,1,1,1,1,1,1,1,0,1430.29,1,Beauty,Credit Card,Mobile App,Wrong product,Budget,1445,5,1,4,0,none
ORD500225,CUST500079,TXN500225,DEV803426,ADDR908041,ADDR908041,2024-08-12,2024-08-18,2,0,0,2237.86,0.0,0.0,0.0,1118.93,0.0,1,1,0,0,4,1,1,1,0,0,0,0,0,3902.82,1,Sports,UPI,Mobile App,Quality issue,Budget,1222,6,5,1,0,none
ORD500228,CUST500081,TXN500228,DEV802684,ADDR906794,ADDR906794,2024-01-02,2024-01-14,1,0,0,1159.97,0.0,0.0,0.0,1159.97,0.0,0,1,0,0,9,1,1,1,0,0,0,0,0,2497.01,2,Fashion,UPI,Mobile App,Wrong product,Budget,1395,12,11,1,0,none
ORD500230,CUST500082,TXN500230,DEV803532,ADDR904878,ADDR904878,2024-08-18,2024-08-25,3,0,0,4083.64,0.0,0.0,0.0,1361.21,0.0,0,0,0,0,70,2,1,1,0,0,0,0,0,824.13,1,Home,EMI,Mobile App,Size issue,High Value,862,7,5,2,0,none
ORD500233,CUST500083,TXN500233,DEV803900,ADDR907755,ADDR907755,2024-07-05,2024-07-10,1,0,0,3077.84,0.0,0.0,0.0,3077.84,0.0,0,1,0,0,19,2,2,2,0,2,0,2,0,4076.51,1,Sports,Debit Card,Mobile App,Quality issue,High Value,1690,5,2,3,0,none
ORD500237,CUST500086,TXN500237,DEV804644,ADDR904269,ADDR904269,2024-03-18,2024-03-27,0,0,0,0.0,0.0,0.0,0.0,0.0,0.0,0,0,0,0,999,1,1,1,0,0,0,0,0,3410.51,1,Footwear,Wallet,Website,Size issue,High Value,993,9,5,4,0,none
ORD500240,CUST500086,TXN500240,DEV804644,ADDR904269,ADDR904269,2024-06-09,2024-06-19,3,1,1,11507.17,2697.08,0.25,0.25,3835.72,2697.08,0,0,0,0,61,1,1,1,1,1,1,1,0,1882.67,3,Fashion,UPI,Mobile App,Late delivery,High Value,993,10,8,2,0,none
ORD500246,CUST500088,TXN500246,DEV807528,ADDR906378,ADDR906378,2024-08-05,2024-08-17,0,0,0,0.0,0.0,0.0,0.0,0.0,0.0,0,0,0,0,999,1,1,1,0,0,0,0,0,721.92,1,Grocery,UPI,Mobile App,Wrong product,Budget,425,12,8,4,0,none
ORD500253,CUST500090,TXN500253,DEV809785,ADDR906425,ADDR906425,2024-07-30,2024-08-03,0,0,0,0.0,0.0,0.0,0.0,0.0,0.0,0,0,0,0,999,1,2,2,0,3,0,2,0,1107.56,1,Footwear,UPI,Mobile App,Size issue,Mass Market,1421,4,1,3,0,none
ORD500257,CUST500092,TXN500257,DEV806663,ADDR906139,ADDR906139,2024-07-16,2024-07-29,0,0,0,0.0,0.0,0.0,0.0,0.0,0.0,0,0,0,0,999,1,2,2,0,0,0,0,0,952.15,2,Grocery,Net Banking,Mobile App,Wrong product,Budget,919,13,11,2,0,none
ORD500259,CUST500093,TXN500259,DEV807311,ADDR904114,ADDR904114,2024-05-18,2024-05-27,1,0,0,1090.47,0.0,0.0,0.0,1090.47,0.0,0,0,0,0,71,1,1,1,0,0,0,0,0,922.43,2,Accessories,UPI,Social Commerce,Damaged product,Mass Market,266,9,6,3,0,none
ORD500277,CUST500102,TXN500277,DEV809375,ADDR908752,ADDR908752,2024-11-25,2024-12-09,1,0,0,770.17,0.0,0.0,0.0,770.17,0.0,0,0,0,0,317,1,2,2,0,0,0,0,0,68.29,2,Grocery,Credit Card,Website,Size issue,Mass Market,467,14,10,4,0,none
ORD500300,CUST500111,TXN500300,DEV802988,ADDR908478,ADDR908478,2024-01-09,2024-01-18,1,0,0,525.3,0.0,0.0,0.0,525.3,0.0,1,1,0,0,5,1,1,1,0,0,0,0,0,1098.62,1,Fashion,Net Banking,Website,Product not as described,Budget,1767,9,6,3,0,none
ORD500311,CUST500114,TXN500311,DEV803607,ADDR908777,ADDR902415,2024-07-07,2024-07-19,2,0,0,3746.32,0.0,0.0,0.0,1873.16,0.0,0,0,0,0,89,1,1,1,0,0,0,0,1,2267.16,1,Sports,UPI,Social Commerce,Size issue,High Value,943,12,11,1,1,serial_return_abuse
ORD500313,CUST500114,TXN500313,DEV803607,ADDR908777,ADDR908777,2024-10-05,2024-10-17,5,2,1,8623.68,1971.23,0.3333,0.1667,1724.74,1971.23,0,1,1,0,22,1,1,1,2,2,1,1,0,2466.62,1,Footwear,Wallet,Mobile App,Quality issue,High Value,943,12,8,4,1,serial_return_abuse
ORD500315,CUST500114,TXN500315,DEV803607,ADDR908777,ADDR908777,2024-12-21,2025-01-04,8,3,2,14532.75,3911.3,0.3333,0.2222,1816.59,1955.65,1,1,0,0,7,1,1,1,3,3,2,2,0,4234.84,2,Sports,Credit Card,Website,Damaged product,High Value,943,14,11,3,1,serial_return_abuse
ORD500316,CUST500114,TXN500316,DEV803607,ADDR908777,ADDR908777,2024-12-28,2025-01-07,8,4,2,17491.08,3911.3,0.4444,0.2222,2186.39,1955.65,0,1,1,0,17,1,1,1,4,4,2,2,0,1276.51,2,Home,Credit Card,Mobile App,Damaged product,High Value,943,10,8,2,1,serial_return_abuse
ORD500318,CUST500115,TXN500318,DEV805543,ADDR909540,ADDR909540,2024-03-15,2024-03-25,1,0,0,1755.09,0.0,0.0,0.0,1755.09,0.0,0,0,0,0,64,1,1,1,0,0,0,0,0,1071.74,1,Accessories,Net Banking,Website,Other,Mass Market,536,10,8,2,0,none
ORD500339,CUST500122,TXN500339,DEV807232,ADDR908814,ADDR908814,2024-03-26,2024-03-31,0,0,0,0.0,0.0,0.0,0.0,0.0,0.0,0,0,0,0,999,1,1,1,0,0,0,0,0,2480.87,1,Fashion,Debit Card,Mobile App,Damaged product,High Value,1209,5,2,3,0,none
ORD500341,CUST500123,TXN500341,DEV807389,ADDR907865,ADDR907865,2024-01-25,2024-02-09,0,0,0,0.0,0.0,0.0,0.0,0.0,0.0,0,0,0,0,999,1,1,1,0,0,0,0,0,396.23,1,Accessories,Net Banking,Marketplace,Size issue,Budget,641,15,12,3,1,policy_exploitation
ORD500345,CUST500124,TXN500345,DEV804613,ADDR908999,ADDR908999,2024-09-23,2024-10-01,2,1,0,1177.49,0.0,0.3333,0.0,588.74,0.0,0,0,0,0,36,2,1,1,2,1,1,0,0,1207.36,1,Home,Debit Card,Mobile App,Wrong product,Mass Market,1148,8,4,4,1,refund_abuse
ORD500349,CUST500125,TXN500349,DEV801475,ADDR907371,ADDR907371,2024-01-31,2024-02-13,2,0,0,3584.24,0.0,0.0,0.0,1792.12,0.0,0,1,0,0,10,1,2,2,0,0,0,0,0,466.39,1,Sports,UPI,Mobile App,Damaged product,Budget,1024,13,9,4,0,none
ORD500356,CUST500127,TXN500356,DEV809751,ADDR901441,ADDR901441,2024-01-27,2024-01-31,1,0,0,735.2,0.0,0.0,0.0,735.2,0.0,0,1,0,0,18,1,1,1,0,0,0,0,0,3266.19,1,Footwear,Net Banking,Website,Product not as described,High Value,291,4,2,2,0,none
ORD500359,CUST500128,TXN500359,DEV801444,ADDR902375,ADDR902375,2024-04-30,2024-05-06,1,0,0,924.51,0.0,0.0,0.0,924.51,0.0,0,0,0,0,70,1,2,2,0,0,0,0,0,1199.97,2,Footwear,UPI,Website,Damaged product,Premium,1185,6,2,4,0,none
ORD500360,CUST500128,TXN500360,DEV801444,ADDR902375,ADDR902375,2024-07-26,2024-08-01,2,1,1,2124.48,1168.95,0.3333,0.3333,1062.24,1168.95,0,0,0,0,93,1,2,2,1,1,1,1,0,2480.82,1,Home,UPI,Mobile App,Wrong product,Premium,1185,6,3,3,0,none
ORD500365,CUST500129,TXN500365,DEV803977,ADDR901823,ADDR901823,2024-11-09,2024-11-17,4,0,0,5444.87,0.0,0.0,0.0,1361.22,0.0,0,1,0,0,25,2,1,1,1,0,0,0,0,236.47,1,Home,Net Banking,Mobile App,Product not as described,Mass Market,975,8,6,2,0,none
ORD500367,CUST500130,TXN500367,DEV809007,ADDR909007,ADDR909007,2024-12-08,2024-12-24,4,2,1,14098.68,2044.38,0.4,0.2,3524.67,2044.38,0,1,1,1,15,3,3,3,5,5,3,3,0,2059.42,1,Home,EMI,Marketplace,Changed mind,Budget,463,16,12,4,1,account_multiplication
ORD500368,CUST500130,TXN500368,DEV809007,ADDR909007,ADDR909007,2024-12-09,2024-12-20,4,1,0,13765.52,0.0,0.2,0.0,3441.38,0.0,0,1,0,0,12,3,3,3,4,4,2,2,0,2392.58,1,Home,Credit Card,Social Commerce,Quality issue,Budget,463,11,10,1,1,account_multiplication
ORD500394,CUST500138,TXN500394,DEV801420,ADDR906111,ADDR906111,2024-01-09,2024-01-20,0,0,0,0.0,0.0,0.0,0.0,0.0,0.0,0,0,0,0,999,1,1,1,0,0,0,0,0,514.99,1,Accessories,UPI,Social Commerce,Wrong product,Premium,1215,11,9,2,0,none
ORD500398,CUST500139,TXN500398,DEV807498,ADDR904249,ADDR904249,2024-04-07,2024-04-10,1,1,0,2857.81,0.0,0.5,0.0,2857.81,0.0,0,0,0,0,42,1,1,1,1,1,0,0,0,2418.27,1,Home,UPI,Mobile App,Changed mind,Mass Market,798,3,2,1,1,serial_return_abuse
ORD500404,CUST500141,TXN500404,DEV809007,ADDR909007,ADDR909007,2024-02-20,2024-02-25,1,0,0,2162.46,0.0,0.0,0.0,2162.46,0.0,0,0,0,0,44,2,2,2,0,0,0,0,0,3489.41,1,Footwear,UPI,Mobile App,Damaged product,Mass Market,1771,5,4,1,1,account_multiplication
ORD500406,CUST500141,TXN500406,DEV809007,ADDR909007,ADDR909007,2024-12-19,2024-12-26,3,2,1,6354.43,3164.48,0.5,0.25,2118.14,3164.48,0,0,0,0,230,3,3,3,6,6,3,3,0,2468.91,1,Footwear,Debit Card,Social Commerce,Wrong product,Mass Market,1771,7,4,3,1,account_multiplication
ORD500408,CUST500142,TXN500408,DEV807071,ADDR902129,ADDR902129,2024-09-09,2024-09-16,4,1,0,4113.12,0.0,0.2,0.0,1028.28,0.0,0,0,0,0,89,1,1,1,1,1,0,0,0,4553.86,3,Electronics,Credit Card,Mobile App,Size issue,Budget,1384,7,5,2,0,none
ORD500412,CUST500143,TXN500412,DEV807882,ADDR908001,ADDR908001,2024-06-23,2024-06-28,3,0,0,4071.57,0.0,0.0,0.0,1357.19,0.0,0,0,0,0,58,1,3,3,0,2,0,2,0,2101.71,1,Fashion,Net Banking,Mobile App,Changed mind,Mass Market,55,5,3,2,1,coordinated_address_abuse
ORD500414,CUST500144,TXN500414,DEV808532,ADDR903506,ADDR903506,2024-07-12,2024-07-15,2,0,0,1543.82,0.0,0.0,0.0,771.91,0.0,0,0,0,0,42,1,1,1,0,0,0,0,0,762.71,1,Fashion,UPI,Marketplace,Size issue,Budget,1331,3,2,1,0,none
ORD500419,CUST500146,TXN500419,DEV805397,ADDR906280,ADDR906280,2024-09-02,2024-09-08,1,0,0,274.15,0.0,0.0,0.0,274.15,0.0,0,0,0,0,49,1,1,1,0,0,0,0,0,1873.12,1,Electronics,UPI,Website,Size issue,High Value,922,6,3,3,0,none
ORD500425,CUST500147,TXN500425,DEV805569,ADDR908385,ADDR908385,2024-10-02,2024-10-12,3,1,0,4359.72,0.0,0.25,0.0,1453.24,0.0,0,0,0,0,61,1,1,1,1,1,0,0,0,1318.52,2,Electronics,UPI,Website,Quality issue,High Value,207,10,7,3,0,none
ORD500430,CUST500150,TXN500430,DEV806576,ADDR905581,ADDR905581,2024-03-31,2024-04-07,0,0,0,0.0,0.0,0.0,0.0,0.0,0.0,0,0,0,0,999,1,2,2,0,1,0,0,0,1047.05,2,Accessories,Credit Card,Mobile App,Changed mind,Budget,559,7,5,2,0,none
ORD500431,CUST500150,TXN500431,DEV806576,ADDR905581,ADDR905581,2024-05-12,2024-05-23,1,1,1,1047.05,947.34,0.5,0.5,1047.05,947.34,0,0,0,0,53,1,2,2,1,3,1,2,0,2986.16,1,Footwear,Debit Card,Website,Damaged product,Budget,559,11,7,4,0,none
ORD500435,CUST500152,TXN500435,DEV807658,ADDR909004,ADDR909004,2024-12-08,2024-12-21,2,0,0,6505.91,0.0,0.0,0.0,3252.96,0.0,0,0,0,0,326,1,5,5,0,6,0,4,0,1276.13,1,Sports,Credit Card,Marketplace,Wrong product,Premium,524,13,10,3,0,none
ORD500436,CUST500153,TXN500436,DEV808800,ADDR909041,ADDR909041,2024-04-14,2024-04-29,0,0,0,0.0,0.0,0.0,0.0,0.0,0.0,0,0,0,0,999,1,1,1,0,0,0,0,0,392.51,2,Beauty,UPI,Marketplace,Size issue,Mass Market,1444,15,12,3,0,none
ORD500437,CUST500153,TXN500437,DEV808800,ADDR909041,ADDR909041,2024-05-02,2024-05-15,1,1,1,392.51,364.18,0.5,0.5,392.51,364.18,0,0,1,1,31,1,1,1,1,1,1,1,0,1099.8,1,Accessories,Net Banking,Website,Size issue,Mass Market,1444,13,11,2,0,none
ORD500448,CUST500157,TXN500448,DEV805118,ADDR904777,ADDR904777,2024-05-01,2024-05-11,2,1,0,2483.48,0.0,0.3333,0.0,1241.74,0.0,0,0,0,0,110,1,1,1,1,1,0,0,0,2354.31,1,Electronics,UPI,Mobile App,Quality issue,Mass Market,657,10,7,3,1,policy_exploitation
ORD500462,CUST500160,TXN500462,DEV809595,ADDR905636,ADDR905636,2024-03-02,2024-03-06,0,0,0,0.0,0.0,0.0,0.0,0.0,0.0,0,0,0,0,999,1,1,1,0,0,0,0,0,1775.08,1,Footwear,Credit Card,Marketplace,Wrong product,Mass Market,1513,4,1,3,0,none
ORD500463,CUST500160,TXN500463,DEV809595,ADDR905636,ADDR905636,2024-04-08,2024-04-23,1,1,1,1775.08,1334.2,0.5,0.5,1775.08,1334.2,0,0,0,0,52,1,1,1,1,1,1,1,0,620.37,2,Grocery,Credit Card,Social Commerce,Size issue,Mass Market,1513,15,11,4,0,none
ORD500472,CUST500164,TXN500472,DEV802680,ADDR901200,ADDR901200,2024-03-03,2024-03-14,0,0,0,0.0,0.0,0.0,0.0,0.0,0.0,0,0,0,0,999,1,1,1,0,0,0,0,0,405.56,1,Beauty,Debit Card,Mobile App,Changed mind,Mass Market,1035,11,10,1,0,none
ORD500478,CUST500167,TXN500478,DEV802213,ADDR901878,ADDR901878,2024-09-01,2024-09-11,1,0,0,2630.92,0.0,0.0,0.0,2630.92,0.0,0,0,0,0,99,1,1,1,0,0,0,0,0,1387.18,2,Fashion,UPI,Mobile App,Size issue,High Value,1037,10,9,1,0,none
ORD500494,CUST500173,TXN500494,DEV803847,ADDR902229,ADDR902229,2024-07-26,2024-08-10,2,0,0,3060.5,0.0,0.0,0.0,1530.25,0.0,0,0,0,0,48,1,1,1,0,0,0,0,0,684.44,2,Sports,Wallet,Mobile App,Quality issue,Mass Market,521,15,11,4,0,none
ORD500495,CUST500174,TXN500495,DEV808699,ADDR905771,ADDR905771,2024-01-04,2024-01-13,0,0,0,0.0,0.0,0.0,0.0,0.0,0.0,0,0,0,0,999,1,1,1,0,0,0,0,0,529.27,1,Beauty,Net Banking,Marketplace,Product not as described,Budget,952,9,8,1,1,serial_return_abuse
ORD500496,CUST500174,TXN500496,DEV808699,ADDR905771,ADDR905771,2024-04-24,2024-05-03,1,1,1,529.27,473.96,0.5,0.5,529.27,473.96,0,0,0,0,120,1,1,1,1,1,1,1,0,3235.77,1,Footwear,UPI,Mobile App,Size issue,Budget,952,9,6,3,1,serial_return_abuse
ORD500510,CUST500177,TXN500510,DEV803441,ADDR905352,ADDR905352,2024-11-25,2024-12-07,4,1,0,4903.66,0.0,0.2,0.0,1225.92,0.0,0,0,0,0,83,1,1,1,1,1,0,0,0,1104.56,1,Beauty,UPI,Mobile App,Size issue,Budget,1356,12,8,4,0,none
ORD500529,CUST500184,TXN500529,DEV803870,ADDR908708,ADDR908708,2024-01-19,2024-01-27,0,0,0,0.0,0.0,0.0,0.0,0.0,0.0,0,0,0,0,999,1,1,1,0,0,0,0,0,704.03,1,Beauty,Credit Card,Website,Size issue,Mass Market,1578,8,5,3,0,none
ORD500531,CUST500184,TXN500531,DEV803870,ADDR908708,ADDR908708,2024-05-30,2024-06-15,2,1,1,3020.56,638.09,0.3333,0.3333,1510.28,638.09,0,0,0,0,57,1,1,1,1,1,1,1,0,2567.98,1,Fashion,Debit Card,Mobile App,Damaged product,Mass Market,1578,16,12,4,0,none
ORD500538,CUST500186,TXN500538,DEV808700,ADDR906700,ADDR906700,2024-10-29,2024-11-11,5,1,0,5957.27,0.0,0.1667,0.0,1191.45,0.0,0,0,0,0,95,1,2,3,1,1,0,0,0,2372.56,1,Home,Net Banking,Mobile App,Size issue,Mass Market,216,13,9,4,0,none
ORD500550,CUST500191,TXN500550,DEV809889,ADDR908569,ADDR908569,2024-08-11,2024-08-23,6,1,0,15977.01,0.0,0.1429,0.0,2662.84,0.0,0,2,1,0,12,1,1,1,1,1,0,0,0,5363.36,1,Electronics,Credit Card,Mobile App,Changed mind,High Value,1376,12,8,4,0,none
ORD500557,CUST500193,TXN500557,DEV804335,ADDR905375,ADDR905375,2024-10-31,2024-11-06,3,0,0,8768.86,0.0,0.0,0.0,2922.95,0.0,0,0,0,0,48,1,1,1,0,0,0,0,0,2468.27,1,Sports,UPI,Social Commerce,Size issue,Mass Market,135,6,3,3,0,none
ORD500575,CUST500198,TXN500575,DEV805781,ADDR909337,ADDR909337,2024-12-24,2025-01-04,4,1,0,4805.42,0.0,0.2,0.0,1201.36,0.0,0,0,0,0,65,2,1,1,1,1,0,0,0,2396.69,1,Electronics,EMI,Marketplace,Product not as described,Mass Market,1050,11,10,1,0,none
ORD500584,CUST500203,TXN500584,DEV801042,ADDR905634,ADDR905634,2024-07-22,2024-08-01,1,0,0,2815.51,0.0,0.0,0.0,2815.51,0.0,0,0,0,0,158,1,1,1,0,0,0,0,0,507.57,1,Home,Debit Card,Mobile App,Product not as described,Premium,577,10,6,4,0,none
ORD500593,CUST500206,TXN500593,DEV804090,ADDR904912,ADDR904912,2024-02-13,2024-02-24,0,0,0,0.0,0.0,0.0,0.0,0.0,0.0,0,0,0,0,999,1,1,1,0,0,0,0,0,932.94,2,Accessories,Debit Card,Mobile App,Quality issue,Budget,689,11,9,2,0,none
ORD500605,CUST500210,TXN500605,DEV806439,ADDR902644,ADDR902644,2024-01-26,2024-02-09,0,0,0,0.0,0.0,0.0,0.0,0.0,0.0,0,0,0,0,999,1,1,1,0,0,0,0,0,334.9,1,Beauty,Net Banking,Mobile App,Quality issue,Premium,1058,14,12,2,0,none
ORD500606,CUST500210,TXN500606,DEV806439,ADDR902644,ADDR902644,2024-10-22,2024-10-26,1,1,1,334.9,327.37,0.5,0.5,334.9,327.37,0,0,0,0,274,1,1,1,1,1,1,1,0,1458.25,1,Accessories,Credit Card,Marketplace,Wrong product,Premium,1058,4,1,3,0,none
ORD500617,CUST500213,TXN500617,DEV807512,ADDR902315,ADDR902315,2024-10-19,2024-10-30,0,0,0,0.0,0.0,0.0,0.0,0.0,0.0,0,0,0,0,999,3,1,1,0,0,0,0,0,4221.73,2,Sports,Net Banking,Mobile App,Quality issue,Mass Market,723,11,8,3,0,none
ORD500620,CUST500215,TXN500620,DEV808994,ADDR909864,ADDR903318,2024-02-23,2024-03-02,0,0,0,0.0,0.0,0.0,0.0,0.0,0.0,0,0,0,0,999,1,1,1,0,0,0,0,1,3144.31,1,Sports,Net Banking,Mobile App,Quality issue,Premium,1501,8,6,2,0,none
ORD500626,CUST500217,TXN500626,DEV802646,ADDR908269,ADDR908269,2024-02-03,2024-02-07,2,0,0,6040.86,0.0,0.0,0.0,3020.43,0.0,1,1,0,0,7,1,1,1,0,0,0,0,0,1216.5,2,Sports,Net Banking,Mobile App,Damaged product,Mass Market,231,4,2,2,0,none
ORD500641,CUST500222,TXN500641,DEV808005,ADDR905161,ADDR905161,2024-04-03,2024-04-11,0,0,0,0.0,0.0,0.0,0.0,0.0,0.0,0,0,0,0,999,4,1,1,2,0,0,0,0,1928.57,2,Footwear,UPI,Mobile App,Wrong product,Premium,505,8,4,4,1,coordinated_device_abuse
ORD500645,CUST500222,TXN500645,DEV808005,ADDR905161,ADDR905161,2024-12-17,2024-12-22,5,2,1,8588.79,1787.93,0.3333,0.1667,1717.76,1787.93,1,2,0,0,5,4,1,1,6,2,1,1,0,2405.63,1,Home,Debit Card,Mobile App,Size issue,Premium,505,5,2,3,1,coordinated_device_abuse
ORD500650,CUST500225,TXN500650,DEV807951,ADDR905097,ADDR905097,2024-02-01,2024-02-05,1,0,0,1602.74,0.0,0.0,0.0,1602.74,0.0,0,1,0,0,28,1,2,2,0,1,0,1,0,1704.5,1,Home,Debit Card,Mobile App,Damaged product,Premium,1338,4,1,3,0,none
ORD500651,CUST500225,TXN500651,DEV807951,ADDR905097,ADDR905097,2024-10-25,2024-10-30,2,1,1,3307.24,1635.86,0.3333,0.3333,1653.62,1635.86,0,0,0,0,272,1,2,2,1,4,1,3,0,1261.66,1,Fashion,Debit Card,Website,Size issue,Premium,1338,5,2,3,0,none
ORD500654,CUST500228,TXN500654,DEV807484,ADDR905497,ADDR908289,2024-07-08,2024-07-16,1,0,0,356.04,0.0,0.0,0.0,356.04,0.0,0,0,0,0,60,2,1,1,0,0,0,0,1,2462.81,1,Sports,Credit Card,Mobile App,Wrong product,Premium,74,8,6,2,0,none
ORD500656,CUST500229,TXN500656,DEV801803,ADDR909138,ADDR909138,2024-03-27,2024-04-09,1,0,0,308.68,0.0,0.0,0.0,308.68,0.0,0,0,0,0,49,1,1,1,0,0,0,0,0,3045.78,2,Electronics,Credit Card,Mobile App,Wrong product,Budget,1434,13,10,3,0,none
ORD500662,CUST500231,TXN500662,DEV805106,ADDR903240,ADDR903240,2024-11-16,2024-11-30,4,0,0,5087.33,0.0,0.0,0.0,1271.83,0.0,1,1,0,0,1,1,1,1,0,0,0,0,0,644.47,1,Fashion,EMI,Mobile App,Quality issue,Budget,1301,14,12,2,0,none
ORD500689,CUST500241,TXN500689,DEV805295,ADDR907242,ADDR907242,2024-03-16,2024-03-23,0,0,0,0.0,0.0,0.0,0.0,0.0,0.0,0,0,0,0,999,1,1,1,0,0,0,0,0,979.32,1,Accessories,Credit Card,Website,Wrong product,Budget,1407,7,5,2,0,none
ORD500692,CUST500242,TXN500692,DEV804830,ADDR908724,ADDR908724,2024-03-06,2024-03-08,2,0,0,1087.03,0.0,0.0,0.0,543.52,0.0,0,0,0,0,34,1,1,1,0,0,0,0,0,5092.36,1,Electronics,Credit Card,Marketplace,Size issue,High Value,251,2,1,1,0,none
ORD500704,CUST500246,TXN500704,DEV809005,ADDR909005,ADDR909005,2024-11-19,2024-11-21,2,1,0,2164.71,0.0,0.3333,0.0,1082.36,0.0,0,0,0,0,231,3,3,3,3,3,2,2,0,1611.03,1,Fashion,Net Banking,Social Commerce,Wrong product,Budget,267,2,1,1,1,account_multiplication
ORD500713,CUST500251,TXN500713,DEV808285,ADDR904868,ADDR904868,2024-10-17,2024-10-21,4,0,0,9398.66,0.0,0.0,0.0,2349.66,0.0,0,1,0,0,22,1,1,1,0,0,0,0,0,362.37,1,Grocery,Wallet,Website,Size issue,Mass Market,938,4,1,3,0,none
ORD500714,CUST500251,TXN500714,DEV808285,ADDR904868,ADDR901818,2024-11-13,2024-11-24,5,1,1,9761.03,341.95,0.1667,0.1667,1952.21,341.95,0,0,0,0,38,1,1,2,1,1,1,1,1,1634.35,1,Accessories,UPI,Website,Late delivery,Mass Market,938,11,7,4,0,none
ORD500716,CUST500252,TXN500716,DEV807018,ADDR909920,ADDR909920,2024-10-30,2024-11-13,2,0,0,6597.2,0.0,0.0,0.0,3298.6,0.0,0,1,0,0,17,1,1,1,0,0,0,0,0,3474.23,1,Footwear,Credit Card,Mobile App,Changed mind,High Value,1434,14,12,2,0,none
ORD500722,CUST500255,TXN500722,DEV801349,ADDR901828,ADDR903807,2024-06-18,2024-06-22,2,0,0,6100.59,0.0,0.0,0.0,3050.3,0.0,0,1,0,0,21,1,2,2,0,0,0,0,1,1320.42,1,Footwear,UPI,Marketplace,Product not as described,Mass Market,1339,4,1,3,0,none
ORD500725,CUST500257,TXN500725,DEV804538,ADDR904817,ADDR904817,2024-06-16,2024-06-22,1,0,0,3627.18,0.0,0.0,0.0,3627.18,0.0,0,0,0,0,151,1,2,2,0,2,0,2,0,2168.99,1,Home,UPI,Mobile App,Size issue,High Value,454,6,2,4,1,serial_return_abuse
ORD500726,CUST500257,TXN500726,DEV804538,ADDR904817,ADDR904817,2024-09-02,2024-09-16,3,2,2,6768.48,2450.29,0.5,0.5,2256.16,1225.14,0,1,1,1,14,1,2,2,2,5,2,5,0,703.2,2,Sports,UPI,Marketplace,Changed mind,High Value,454,14,10,4,1,serial_return_abuse
ORD500727,CUST500257,TXN500727,DEV804538,ADDR904817,ADDR904817,2024-09-02,2024-09-09,3,1,1,6499.37,1703.44,0.25,0.25,2166.46,1703.44,1,1,0,0,7,1,2,2,1,3,1,3,0,972.31,1,Grocery,Credit Card,Mobile App,Changed mind,High Value,454,7,4,3,1,serial_return_abuse
ORD500736,CUST500259,TXN500736,DEV809850,ADDR905106,ADDR905106,2024-04-11,2024-04-18,3,2,0,5065.67,0.0,0.5,0.0,1688.56,0.0,1,2,2,0,6,1,1,1,2,2,0,0,0,184.89,1,Grocery,Debit Card,Website,Product not as described,High Value,296,7,5,2,1,policy_exploitation
ORD500739,CUST500261,TXN500739,DEV804898,ADDR906304,ADDR906304,2024-02-22,2024-03-01,0,0,0,0.0,0.0,0.0,0.0,0.0,0.0,0,0,0,0,999,1,1,1,0,0,0,0,0,710.12,1,Accessories,UPI,Marketplace,Product not as described,Budget,1644,8,6,2,0,none
ORD500742,CUST500261,TXN500742,DEV804898,ADDR906304,ADDR906304,2024-11-21,2024-12-01,4,1,1,4709.48,559.94,0.2,0.2,1177.37,559.94,1,1,0,0,7,1,2,2,1,1,1,1,0,731.92,2,Beauty,UPI,Mobile App,Quality issue,Budget,1644,10,9,1,0,none
ORD500748,CUST500263,TXN500748,DEV808802,ADDR908344,ADDR908344,2024-07-14,2024-07-18,1,0,0,1136.05,0.0,0.0,0.0,1136.05,0.0,0,0,0,0,101,3,1,2,0,0,0,0,0,1122.78,2,Fashion,Credit Card,Website,Size issue,Mass Market,160,4,3,1,0,none
ORD500752,CUST500264,TXN500752,DEV802786,ADDR908405,ADDR908405,2024-03-22,2024-04-01,1,0,0,1429.57,0.0,0.0,0.0,1429.57,0.0,0,1,0,0,13,1,1,1,0,0,0,0,0,504.64,1,Home,UPI,Social Commerce,Changed mind,High Value,1245,10,6,4,0,none
ORD500759,CUST500267,TXN500759,DEV808267,ADDR902204,ADDR902204,2024-01-22,2024-02-01,1,0,0,1489.54,0.0,0.0,0.0,1489.54,0.0,0,0,0,0,31,1,1,1,0,0,0,0,0,3547.74,3,Sports,Debit Card,Mobile App,Damaged product,Mass Market,1034,10,7,3,0,none
ORD500762,CUST500268,TXN500762,DEV803430,ADDR902076,ADDR902076,2024-07-27,2024-08-01,0,0,0,0.0,0.0,0.0,0.0,0.0,0.0,0,0,0,0,999,1,1,1,0,0,0,0,0,2428.86,1,Footwear,Debit Card,Website,Wrong product,High Value,1275,5,4,1,0,none
ORD500763,CUST500268,TXN500763,DEV803430,ADDR902076,ADDR902076,2024-10-28,2024-11-07,1,1,1,2428.86,2250.48,0.5,0.5,2428.86,2250.48,0,0,0,0,103,1,1,1,1,1,1,1,0,314.53,2,Fashion,Debit Card,Website,Product not as described,High Value,1275,10,6,4,0,none
ORD500766,CUST500269,TXN500766,DEV809984,ADDR906327,ADDR906327,2024-10-08,2024-10-22,3,0,0,2828.37,0.0,0.0,0.0,942.79,0.0,0,1,0,0,12,2,1,1,0,0,0,0,0,1334.82,1,Beauty,Wallet,Website,Size issue,Budget,1326,14,12,2,1,policy_exploitation
ORD500769,CUST500270,TXN500769,DEV805831,ADDR908433,ADDR908433,2024-01-11,2024-01-25,0,0,0,0.0,0.0,0.0,0.0,0.0,0.0,0,0,0,0,999,1,1,1,0,0,0,0,0,955.03,1,Grocery,Credit Card,Website,Wrong product,Budget,1116,14,11,3,0,none
ORD500779,CUST500273,TXN500779,DEV802557,ADDR906120,ADDR909918,2024-01-17,2024-01-27,0,0,0,0.0,0.0,0.0,0.0,0.0,0.0,0,0,0,0,999,1,1,1,0,0,0,0,1,1086.41,3,Home,UPI,Mobile App,Wrong product,High Value,881,10,9,1,0,none
ORD500781,CUST500274,TXN500781,DEV807132,ADDR903500,ADDR903500,2024-04-07,2024-04-14,1,0,0,2300.49,0.0,0.0,0.0,2300.49,0.0,0,0,0,0,83,1,1,1,0,0,0,0,0,3775.33,1,Electronics,Net Banking,Mobile App,Size issue,Mass Market,552,7,4,3,0,none
ORD500787,CUST500276,TXN500787,DEV807105,ADDR903131,ADDR903131,2024-10-13,2024-10-19,2,0,0,1214.44,0.0,0.0,0.0,607.22,0.0,0,0,0,0,76,1,1,1,0,0,0,0,0,878.63,1,Grocery,Wallet,Marketplace,Size issue,Budget,1554,6,4,2,0,none
ORD500788,CUST500277,TXN500788,DEV806400,ADDR903002,ADDR903002,2024-06-06,2024-06-14,1,0,0,1271.73,0.0,0.0,0.0,1271.73,0.0,0,0,0,0,59,1,1,1,0,0,0,0,0,338.4,1,Grocery,Net Banking,Mobile App,Quality issue,Mass Market,1180,8,4,4,0,none
ORD500793,CUST500279,TXN500793,DEV806761,ADDR902697,ADDR902697,2024-01-29,2024-02-06,2,0,0,942.94,0.0,0.0,0.0,471.47,0.0,1,2,0,0,2,1,1,1,0,0,0,0,0,1728.55,1,Fashion,UPI,Website,Damaged product,Premium,669,8,4,4,1,serial_return_abuse
ORD500794,CUST500279,TXN500794,DEV806761,ADDR902697,ADDR902697,2024-02-04,2024-02-18,3,1,1,5588.68,1425.0,0.25,0.25,1862.89,1425.0,1,2,1,1,5,1,1,1,1,1,1,1,0,714.9,2,Footwear,Credit Card,Mobile App,Size issue,Premium,669,14,10,4,1,serial_return_abuse
ORD500795,CUST500279,TXN500795,DEV806761,ADDR902697,ADDR902697,2024-02-13,2024-02-25,3,2,2,2671.49,2000.9,0.5,0.5,890.5,1000.45,0,2,2,2,21,1,1,1,2,2,2,2,0,3632.09,1,Electronics,Net Banking,Mobile App,Other,Premium,669,12,10,2,1,serial_return_abuse
ORD500796,CUST500279,TXN500796,DEV806761,ADDR902697,ADDR902697,2024-06-21,2024-07-04,4,3,3,6303.58,5184.45,0.6,0.6,1575.9,1728.15,0,0,0,0,142,1,1,1,3,3,3,3,0,2058.4,1,Home,UPI,Mobile App,Quality issue,Premium,669,13,9,4,1,serial_return_abuse
ORD500811,CUST500283,TXN500811,DEV805381,ADDR901474,ADDR901474,2024-11-18,2024-11-24,3,0,0,4627.65,0.0,0.0,0.0,1542.55,0.0,0,2,0,0,12,1,1,1,0,0,0,0,0,277.15,1,Beauty,Debit Card,Mobile App,Late delivery,Mass Market,1728,6,4,2,1,policy_exploitation
ORD500821,CUST500285,TXN500821,DEV807566,ADDR902140,ADDR902140,2024-08-29,2024-09-05,3,0,0,6056.0,0.0,0.0,0.0,2018.67,0.0,0,1,0,0,15,2,1,1,0,0,0,0,0,4344.17,1,Sports,Debit Card,Website,Quality issue,Budget,323,7,3,4,0,none
ORD500823,CUST500286,TXN500823,DEV802503,ADDR909691,ADDR909691,2024-01-23,2024-02-02,1,0,0,294.42,0.0,0.0,0.0,294.42,0.0,0,1,0,0,21,1,1,1,0,0,0,0,0,864.05,1,Accessories,Net Banking,Website,Damaged product,Budget,92,10,9,1,0,none
ORD500835,CUST500289,TXN500835,DEV801815,ADDR902336,ADDR902336,2024-04-19,2024-04-21,1,0,0,1058.08,0.0,0.0,0.0,1058.08,0.0,0,1,0,0,23,1,1,1,0,0,0,0,0,1582.21,1,Fashion,Credit Card,Website,Size issue,Budget,1295,2,1,1,0,none
ORD500843,CUST500292,TXN500843,DEV808000,ADDR909633,ADDR909633,2024-09-10,2024-09-16,4,1,0,5533.58,0.0,0.2,0.0,1383.4,0.0,0,0,0,0,51,3,1,1,3,1,2,0,0,1778.27,1,Accessories,UPI,Website,Quality issue,Budget,610,6,3,3,1,coordinated_device_abuse
ORD500844,CUST500293,TXN500844,DEV807475,ADDR901897,ADDR901897,2024-12-12,2024-12-15,1,0,0,4248.73,0.0,0.0,0.0,4248.73,0.0,0,0,0,0,202,1,1,1,0,0,0,0,0,785.32,1,Home,Debit Card,Website,Product not as described,Mass Market,481,3,2,1,0,none
ORD500850,CUST500296,TXN500850,DEV804770,ADDR909196,ADDR909196,2024-03-21,2024-03-25,0,0,0,0.0,0.0,0.0,0.0,0.0,0.0,0,0,0,0,999,1,1,1,0,0,0,0,0,1766.41,3,Electronics,Credit Card,Mobile App,Duplicate order,Budget,1120,4,2,2,0,none
ORD500854,CUST500298,TXN500854,DEV809002,ADDR909002,ADDR909002,2024-11-17,2024-11-25,1,0,0,2077.94,0.0,0.0,0.0,2077.94,0.0,0,0,0,0,39,3,3,3,2,2,2,2,0,58.46,2,Grocery,UPI,Website,Size issue,Budget,116,8,4,4,1,account_multiplication
ORD500859,CUST500301,TXN500859,DEV803815,ADDR908538,ADDR908538,2024-02-16,2024-02-26,0,0,0,0.0,0.0,0.0,0.0,0.0,0.0,0,0,0,0,999,1,1,1,0,0,0,0,0,2313.53,1,Home,Credit Card,Website,Size issue,Budget,695,10,7,3,0,none
ORD500863,CUST500302,TXN500863,DEV802443,ADDR908155,ADDR908155,2024-01-10,2024-01-15,0,0,0,0.0,0.0,0.0,0.0,0.0,0.0,0,0,0,0,999,1,1,1,0,0,0,0,0,158.7,1,Grocery,Credit Card,Mobile App,Size issue,High Value,771,5,2,3,0,none
ORD500871,CUST500304,TXN500871,DEV806562,ADDR904630,ADDR904630,2024-12-01,2024-12-05,7,1,0,12019.27,0.0,0.125,0.0,1717.04,0.0,0,0,0,0,114,1,2,2,1,1,0,0,0,2051.23,2,Footwear,Debit Card,Website,Damaged product,Budget,665,4,2,2,0,none
ORD500883,CUST500310,TXN500883,DEV808354,ADDR906295,ADDR906295,2024-09-11,2024-09-20,3,0,0,7212.9,0.0,0.0,0.0,2404.3,0.0,0,0,0,0,140,2,1,2,3,0,2,0,0,3427.98,1,Footwear,Net Banking,Mobile App,Changed mind,Mass Market,1586,9,8,1,0,none
ORD500889,CUST500312,TXN500889,DEV805961,ADDR908004,ADDR908004,2024-03-03,2024-03-17,0,0,0,0.0,0.0,0.0,0.0,0.0,0.0,0,0,0,0,999,1,2,2,0,1,0,1,0,605.83,2,Grocery,Credit Card,Website,Quality issue,Budget,1323,14,11,3,1,coordinated_address_abuse
ORD500897,CUST500316,TXN500897,DEV801672,ADDR908368,ADDR908368,2024-03-03,2024-03-13,0,0,0,0.0,0.0,0.0,0.0,0.0,0.0,0,0,0,0,999,1,1,1,0,0,0,0,0,568.89,1,Accessories,Debit Card,Marketplace,Wrong product,Budget,1165,10,8,2,0,none
ORD500931,CUST500328,TXN500931,DEV807171,ADDR906381,ADDR906381,2024-10-15,2024-10-23,2,0,0,2521.91,0.0,0.0,0.0,1260.96,0.0,0,0,0,0,46,2,1,1,2,0,1,0,0,271.43,2,Beauty,Net Banking,Website,Damaged product,Mass Market,664,8,6,2,0,none
ORD500933,CUST500330,TXN500933,DEV809003,ADDR909003,ADDR909003,2024-02-17,2024-02-23,0,0,0,0.0,0.0,0.0,0.0,0.0,0.0,0,0,0,0,999,3,3,3,0,0,0,0,0,1362.36,1,Beauty,EMI,Mobile App,Size issue,Mass Market,1071,6,4,2,1,account_multiplication
ORD500950,CUST500334,TXN500950,DEV803147,ADDR907172,ADDR907172,2024-11-27,2024-11-30,2,0,0,1777.74,0.0,0.0,0.0,888.87,0.0,0,0,0,0,189,1,1,1,0,0,0,0,0,466.0,1,Home,Credit Card,Mobile App,Changed mind,Budget,1599,3,1,2,0,none
ORD500968,CUST500340,TXN500968,DEV808002,ADDR903655,ADDR903655,2024-08-27,2024-09-09,3,0,0,5841.65,0.0,0.0,0.0,1947.22,0.0,0,0,0,0,40,3,1,1,1,0,1,0,0,69.41,3,Grocery,UPI,Website,Changed mind,High Value,1110,13,12,1,1,coordinated_device_abuse
ORD500969,CUST500340,TXN500969,DEV808002,ADDR903655,ADDR903655,2024-12-13,2024-12-26,4,1,1,5911.06,55.72,0.2,0.2,1477.76,55.72,0,0,0,0,121,3,1,1,5,1,4,1,0,508.89,1,Grocery,UPI,Marketplace,Size issue,High Value,1110,13,12,1,1,coordinated_device_abuse
ORD500971,CUST500341,TXN500971,DEV803267,ADDR905096,ADDR905096,2024-09-17,2024-09-27,3,0,0,5769.9,0.0,0.0,0.0,1923.3,0.0,0,1,0,0,8,2,2,2,1,0,1,0,0,244.13,1,Grocery,UPI,Website,Damaged product,High Value,1268,10,6,4,0,none
ORD500982,CUST500345,TXN500982,DEV808391,ADDR906727,ADDR906727,2024-12-13,2024-12-24,4,0,0,10114.94,0.0,0.0,0.0,2528.74,0.0,1,1,0,0,3,2,1,1,1,0,1,0,0,2267.94,1,Home,UPI,Mobile App,Other,Premium,1702,11,10,1,0,none
ORD500983,CUST500345,TXN500983,DEV808391,ADDR906727,ADDR906727,2024-12-21,2024-12-28,4,1,0,12239.36,0.0,0.2,0.0,3059.84,0.0,0,1,1,0,15,2,1,1,2,1,1,0,0,143.52,1,Beauty,UPI,Website,Product not as described,Premium,1702,7,3,4,0,none
ORD500988,CUST500347,TXN500988,DEV807142,ADDR904678,ADDR904678,2024-04-21,2024-04-26,0,0,0,0.0,0.0,0.0,0.0,0.0,0.0,0,0,0,0,999,1,3,3,0,0,0,0,0,648.7,1,Grocery,UPI,Social Commerce,Damaged product,Budget,197,5,1,4,0,none
ORD500994,CUST500350,TXN500994,DEV801086,ADDR902298,ADDR902298,2024-06-29,2024-07-09,3,0,0,3558.87,0.0,0.0,0.0,1186.29,0.0,1,1,0,0,7,1,1,1,0,0,0,0,0,692.43,1,Home,Credit Card,Mobile App,Product not as described,High Value,948,10,6,4,0,none
ORD501005,CUST500352,TXN501005,DEV807934,ADDR902821,ADDR902821,2024-11-21,2024-11-25,3,0,0,1342.52,0.0,0.0,0.0,447.51,0.0,0,0,0,0,76,1,1,2,0,0,0,0,0,2301.13,1,Home,EMI,Marketplace,Size issue,Premium,1110,4,1,3,0,none
ORD501006,CUST500353,TXN501006,DEV802996,ADDR901782,ADDR901782,2024-02-21,2024-02-28,0,0,0,0.0,0.0,0.0,0.0,0.0,0.0,0,0,0,0,999,1,1,1,0,0,0,0,0,593.28,3,Grocery,UPI,Marketplace,Damaged product,High Value,646,7,4,3,0,none
ORD501018,CUST500356,TXN501018,DEV803352,ADDR905772,ADDR905772,2024-04-01,2024-04-12,1,0,0,2138.63,0.0,0.0,0.0,2138.63,0.0,0,0,0,0,61,1,1,1,0,0,0,0,0,700.27,1,Grocery,EMI,Website,Changed mind,Mass Market,525,11,7,4,0,none
ORD501019,CUST500356,TXN501019,DEV803352,ADDR905772,ADDR905772,2024-10-03,2024-10-11,3,1,1,3643.84,574.66,0.25,0.25,1214.61,574.66,0,0,0,0,115,1,1,1,1,1,1,1,0,723.83,1,Grocery,UPI,Mobile App,Product not as described,Mass Market,525,8,4,4,0,none
ORD501027,CUST500359,TXN501027,DEV809312,ADDR909316,ADDR909316,2024-07-27,2024-08-05,1,0,0,788.81,0.0,0.0,0.0,788.81,0.0,0,0,0,0,175,1,1,1,0,0,0,0,0,733.26,1,Home,Credit Card,Social Commerce,Size issue,Budget,1144,9,7,2,0,none
ORD501029,CUST500360,TXN501029,DEV801713,ADDR907338,ADDR907338,2024-04-20,2024-05-03,1,0,0,541.09,0.0,0.0,0.0,541.09,0.0,0,0,0,0,120,1,1,1,0,0,0,0,0,1301.6,1,Fashion,Credit Card,Website,Product not as described,Mass Market,992,13,9,4,0,none
ORD501044,CUST500365,TXN501044,DEV808498,ADDR901605,ADDR901605,2024-08-23,2024-09-03,6,0,0,9017.16,0.0,0.0,0.0,1502.86,0.0,1,1,0,0,7,1,1,2,0,0,0,0,0,1710.37,2,Accessories,UPI,Mobile App,Changed mind,High Value,1496,11,10,1,0,none
ORD501047,CUST500366,TXN501047,DEV804268,ADDR901686,ADDR901686,2024-03-25,2024-04-01,0,0,0,0.0,0.0,0.0,0.0,0.0,0.0,0,0,0,0,999,1,1,1,0,0,0,0,0,999.46,1,Accessories,Wallet,Mobile App,Product not as described,Budget,1650,7,4,3,0,none
ORD501052,CUST500368,TXN501052,DEV804131,ADDR905687,ADDR905687,2024-08-18,2024-08-30,4,0,0,8543.33,0.0,0.0,0.0,2135.83,0.0,2,2,0,0,3,1,1,1,0,0,0,0,0,153.73,2,Accessories,UPI,Website,Changed mind,Mass Market,1572,12,10,2,0,none
ORD501064,CUST500371,TXN501064,DEV804060,ADDR909129,ADDR909129,2024-04-08,2024-04-21,2,0,0,3996.48,0.0,0.0,0.0,1998.24,0.0,0,1,0,0,28,1,1,2,0,0,0,0,0,209.84,1,Accessories,EMI,Mobile App,Size issue,High Value,724,13,12,1,0,none
ORD501093,CUST500379,TXN501093,DEV803621,ADDR901510,ADDR901510,2024-05-14,2024-05-28,0,0,0,0.0,0.0,0.0,0.0,0.0,0.0,0,0,0,0,999,2,1,1,0,0,0,0,0,880.95,1,Accessories,Net Banking,Social Commerce,Changed mind,Budget,1565,14,10,4,0,none
ORD501094,CUST500380,TXN501094,DEV808179,ADDR901570,ADDR901570,2024-02-15,2024-02-17,0,0,0,0.0,0.0,0.0,0.0,0.0,0.0,0,0,0,0,999,1,1,1,0,0,0,0,0,1343.59,1,Electronics,Net Banking,Website,Product not as described,Budget,1418,2,1,1,0,none
ORD501111,CUST500385,TXN501111,DEV804048,ADDR909176,ADDR909176,2024-05-10,2024-05-21,1,0,0,2506.8,0.0,0.0,0.0,2506.8,0.0,0,0,0,0,51,1,1,1,0,0,0,0,0,2990.64,1,Electronics,UPI,Social Commerce,Quality issue,Premium,1536,11,10,1,0,none
ORD501125,CUST500390,TXN501125,DEV806692,ADDR902063,ADDR902063,2024-05-09,2024-05-16,0,0,0,0.0,0.0,0.0,0.0,0.0,0.0,0,0,0,0,999,2,1,1,1,0,1,0,0,1698.49,1,Footwear,UPI,Website,Product not as described,High Value,684,7,5,2,0,none
ORD501127,CUST500391,TXN501127,DEV803580,ADDR903852,ADDR903852,2024-02-18,2024-02-26,0,0,0,0.0,0.0,0.0,0.0,0.0,0.0,0,0,0,0,999,1,1,1,0,0,0,0,0,172.47,1,Beauty,UPI,Mobile App,Product not as described,Mass Market,644,8,4,4,0,none
ORD501128,CUST500391,TXN501128,DEV803580,ADDR903852,ADDR903852,2024-08-05,2024-08-16,1,1,1,172.47,139.22,0.5,0.5,172.47,139.22,0,0,0,0,180,1,1,1,1,1,1,1,0,1116.24,1,Accessories,UPI,Marketplace,Product not as described,Mass Market,644,11,10,1,0,none
ORD501131,CUST500392,TXN501131,DEV802988,ADDR904292,ADDR904292,2024-07-09,2024-07-17,2,0,0,1693.45,0.0,0.0,0.0,846.72,0.0,0,0,0,0,81,2,1,1,1,0,1,0,0,4401.43,1,Sports,UPI,Website,Damaged product,High Value,489,8,5,3,0,none
ORD501134,CUST500393,TXN501134,DEV809094,ADDR901430,ADDR901430,2024-06-10,2024-06-15,2,0,0,1935.61,0.0,0.0,0.0,967.8,0.0,0,0,0,0,114,1,3,3,0,0,0,0,0,1712.37,1,Home,UPI,Website,Changed mind,High Value,1648,5,4,1,0,none
ORD501145,CUST500397,TXN501145,DEV802208,ADDR903053,ADDR903053,2024-08-31,2024-09-13,2,0,0,1710.17,0.0,0.0,0.0,855.08,0.0,0,0,0,0,83,1,1,1,0,0,0,0,0,1820.05,1,Footwear,Debit Card,Mobile App,Quality issue,High Value,1207,13,12,1,0,none
ORD501148,CUST500398,TXN501148,DEV808372,ADDR908632,ADDR908632,2024-10-06,2024-10-11,2,1,0,3604.28,0.0,0.3333,0.0,1802.14,0.0,0,0,0,0,72,1,1,1,1,1,0,0,0,1921.96,2,Accessories,UPI,Marketplace,Other,Premium,181,5,2,3,0,none
ORD501156,CUST500402,TXN501156,DEV802292,ADDR905105,ADDR905105,2024-02-01,2024-02-07,1,0,0,2590.74,0.0,0.0,0.0,2590.74,0.0,1,1,0,0,1,1,1,1,0,0,0,0,0,518.94,1,Grocery,UPI,Mobile App,Product not as described,Budget,611,6,5,1,1,policy_exploitation
ORD501162,CUST500404,TXN501162,DEV803762,ADDR903526,ADDR903526,2024-12-09,2024-12-19,3,0,0,4812.06,0.0,0.0,0.0,1604.02,0.0,0,0,0,0,105,2,1,1,0,0,0,0,0,863.12,1,Home,Net Banking,Mobile App,Quality issue,Mass Market,1059,10,9,1,0,none
ORD501163,CUST500405,TXN501163,DEV806531,ADDR901674,ADDR901674,2024-11-07,2024-11-20,1,0,0,2663.68,0.0,0.0,0.0,2663.68,0.0,0,1,0,0,23,1,1,1,0,0,0,0,0,1457.65,1,Beauty,Credit Card,Website,Damaged product,Budget,1505,13,9,4,0,none
ORD501166,CUST500406,TXN501166,DEV801744,ADDR905336,ADDR905336,2024-05-26,2024-06-09,3,0,0,1840.13,0.0,0.0,0.0,613.38,0.0,0,0,0,0,74,1,2,2,0,0,0,0,0,1682.82,3,Sports,UPI,Website,Changed mind,High Value,196,14,11,3,0,none
ORD501167,CUST500406,TXN501167,DEV801744,ADDR905336,ADDR905336,2024-07-13,2024-07-17,4,1,1,3522.95,1507.7,0.2,0.2,880.74,1507.7,0,0,0,1,52,1,2,2,1,1,1,1,0,2226.21,2,Footwear,UPI,Mobile App,Product not as described,High Value,196,4,2,2,0,none
ORD501168,CUST500406,TXN501168,DEV801744,ADDR905336,ADDR905336,2024-10-22,2024-10-29,5,2,2,5749.16,3428.6,0.3333,0.3333,1149.83,1714.3,0,0,0,0,108,1,2,2,2,2,2,2,0,247.8,1,Grocery,Credit Card,Marketplace,Changed mind,High Value,196,7,3,4,0,none
ORD501173,CUST500407,TXN501173,DEV807825,ADDR901496,ADDR901496,2024-07-12,2024-07-22,3,1,0,2414.87,0.0,0.25,0.0,804.96,0.0,0,0,0,0,70,1,1,1,1,1,0,0,0,1386.12,1,Home,Debit Card,Website,Changed mind,Mass Market,1201,10,9,1,0,none
ORD501176,CUST500407,TXN501176,DEV807825,ADDR901496,ADDR909854,2024-11-27,2024-12-01,6,2,1,10361.16,1347.97,0.2857,0.1429,1726.86,1347.97,0,0,0,0,75,1,1,1,2,2,1,1,1,4315.14,1,Sports,UPI,Website,Size issue,Mass Market,1201,4,2,2,0,none
ORD501182,CUST500410,TXN501182,DEV803589,ADDR908202,ADDR908202,2024-12-04,2024-12-17,3,0,0,6119.63,0.0,0.0,0.0,2039.88,0.0,0,0,0,0,209,2,1,1,0,0,0,0,0,2552.11,1,Fashion,Credit Card,Website,Damaged product,Mass Market,152,13,10,3,0,none
ORD501183,CUST500411,TXN501183,DEV806573,ADDR903353,ADDR903353,2024-04-29,2024-05-05,3,0,0,3184.87,0.0,0.0,0.0,1061.62,0.0,1,1,0,0,2,1,1,1,0,0,0,0,0,1536.68,1,Accessories,Wallet,Mobile App,Changed mind,Mass Market,447,6,4,2,0,none
ORD501185,CUST500412,TXN501185,DEV806658,ADDR908001,ADDR908001,2024-06-03,2024-06-09,2,0,0,6652.38,0.0,0.0,0.0,3326.19,0.0,0,0,0,0,102,1,3,3,0,1,0,1,0,1733.39,1,Accessories,Net Banking,Marketplace,Wrong product,Budget,683,6,3,3,1,coordinated_address_abuse
ORD501186,CUST500412,TXN501186,DEV806658,ADDR908001,ADDR908001,2024-08-23,2024-08-27,3,1,1,8385.77,1632.33,0.25,0.25,2795.26,1632.33,0,0,0,0,85,1,3,3,1,4,1,3,0,596.06,1,Footwear,UPI,Website,Changed mind,Budget,683,4,2,2,1,coordinated_address_abuse
ORD501189,CUST500413,TXN501189,DEV802739,ADDR906228,ADDR906228,2024-07-12,2024-07-18,2,0,0,2536.5,0.0,0.0,0.0,1268.25,0.0,0,0,0,0,116,1,2,2,0,0,0,0,0,374.95,2,Footwear,Debit Card,Mobile App,Late delivery,Budget,1084,6,5,1,0,none
ORD501193,CUST500415,TXN501193,DEV807293,ADDR907850,ADDR907850,2024-10-22,2024-11-03,4,0,0,16450.37,0.0,0.0,0.0,4112.59,0.0,0,0,0,0,80,1,1,1,0,0,0,0,0,1000.18,1,Beauty,Debit Card,Website,Size issue,Budget,624,12,11,1,0,none
ORD501195,CUST500417,TXN501195,DEV809433,ADDR908648,ADDR908648,2024-08-18,2024-08-27,1,0,0,3919.11,0.0,0.0,0.0,3919.11,0.0,0,0,0,0,33,1,1,1,0,0,0,0,0,683.23,1,Home,Debit Card,Website,Product not as described,Budget,1050,9,7,2,0,none
ORD501198,CUST500419,TXN501198,DEV804944,ADDR904524,ADDR904524,2024-02-04,2024-02-18,0,0,0,0.0,0.0,0.0,0.0,0.0,0.0,0,0,0,0,999,1,1,1,0,0,0,0,0,212.28,1,Home,Credit Card,Marketplace,Size issue,Premium,966,14,11,3,0,none
ORD501213,CUST500424,TXN501213,DEV804189,ADDR906939,ADDR906939,2024-03-16,2024-03-20,1,0,0,509.79,0.0,0.0,0.0,509.79,0.0,0,0,0,0,77,1,1,1,0,0,0,0,0,1473.78,1,Accessories,Net Banking,Mobile App,Size issue,Budget,1197,4,1,3,0,none
ORD501221,CUST500426,TXN501221,DEV802946,ADDR903108,ADDR901014,2024-12-12,2024-12-21,5,0,0,8629.93,0.0,0.0,0.0,1725.99,0.0,0,0,0,0,90,1,1,1,0,0,0,0,1,2600.04,2,Footwear,UPI,Website,Changed mind,High Value,1720,9,6,3,0,none
ORD501233,CUST500430,TXN501233,DEV803440,ADDR909446,ADDR909446,2024-12-24,2025-01-01,4,0,0,8655.19,0.0,0.0,0.0,2163.8,0.0,0,0,0,0,103,2,1,1,3,0,3,0,0,439.66,2,Accessories,Credit Card,Website,Damaged product,High Value,965,8,6,2,0,none
ORD501236,CUST500432,TXN501236,DEV805902,ADDR906511,ADDR906511,2024-02-29,2024-03-09,1,0,0,821.01,0.0,0.0,0.0,821.01,0.0,1,1,0,0,7,1,1,1,0,0,0,0,0,795.15,1,Sports,Debit Card,Social Commerce,Wrong product,Budget,1544,9,8,1,0,none
ORD501240,CUST500432,TXN501240,DEV805902,ADDR906511,ADDR906511,2024-09-13,2024-09-26,4,1,1,3894.37,738.76,0.2,0.2,973.59,738.76,0,0,0,0,120,1,2,2,1,1,1,1,0,1939.59,1,Fashion,UPI,Marketplace,Damaged product,Budget,1544,13,10,3,0,none
ORD501248,CUST500434,TXN501248,DEV806427,ADDR902795,ADDR902795,2024-01-12,2024-01-25,0,0,0,0.0,0.0,0.0,0.0,0.0,0.0,0,0,0,0,999,1,1,1,0,0,0,0,0,228.27,3,Beauty,Credit Card,Mobile App,Size issue,Mass Market,784,13,9,4,0,none
ORD501250,CUST500435,TXN501250,DEV801436,ADDR908775,ADDR908775,2024-12-07,2024-12-12,2,0,0,900.65,0.0,0.0,0.0,450.32,0.0,0,0,0,0,83,1,1,1,0,0,0,0,0,800.42,1,Grocery,Credit Card,Website,Changed mind,Premium,660,5,2,3,0,none
ORD501251,CUST500436,TXN501251,DEV804728,ADDR901841,ADDR901841,2024-08-03,2024-08-05,0,0,0,0.0,0.0,0.0,0.0,0.0,0.0,0,0,0,0,999,1,1,1,0,0,0,0,0,633.95,1,Beauty,Net Banking,Mobile App,Product not as described,Budget,1633,2,1,1,0,none
ORD501254,CUST500437,TXN501254,DEV807229,ADDR903421,ADDR903421,2024-05-22,2024-06-03,3,0,0,2760.3,0.0,0.0,0.0,920.1,0.0,0,1,0,0,16,1,1,1,0,0,0,0,0,1878.89,1,Electronics,UPI,Marketplace,Changed mind,Mass Market,1103,12,11,1,0,none
ORD501257,CUST500437,TXN501257,DEV807229,ADDR903421,ADDR903421,2024-10-05,2024-10-13,6,1,1,8406.52,1775.46,0.1429,0.1429,1401.09,1775.46,0,0,0,0,115,1,1,1,1,1,1,1,0,946.52,1,Beauty,UPI,Mobile App,Product not as described,Mass Market,1103,8,7,1,0,none
ORD501262,CUST500439,TXN501262,DEV808004,ADDR907765,ADDR907765,2024-07-24,2024-08-02,2,0,0,1905.38,0.0,0.0,0.0,952.69,0.0,0,0,0,0,126,3,1,1,0,0,0,0,0,1552.26,1,Fashion,UPI,Mobile App,Quality issue,Budget,887,9,8,1,1,coordinated_device_abuse
ORD501268,CUST500440,TXN501268,DEV808726,ADDR902020,ADDR902020,2024-08-13,2024-08-15,4,0,0,11169.19,0.0,0.0,0.0,2792.3,0.0,0,1,0,0,29,1,1,1,0,0,0,0,0,948.75,1,Home,Debit Card,Mobile App,Changed mind,Mass Market,1057,2,1,1,0,none
ORD501275,CUST500442,TXN501275,DEV808531,ADDR909734,ADDR909734,2024-09-20,2024-10-04,3,0,0,8455.76,0.0,0.0,0.0,2818.59,0.0,0,0,0,0,134,1,1,1,0,0,0,0,0,2158.49,2,Home,UPI,Social Commerce,Damaged product,Mass Market,384,14,11,3,1,policy_exploitation
ORD501277,CUST500443,TXN501277,DEV805331,ADDR908932,ADDR908932,2024-05-04,2024-05-10,2,0,0,1939.15,0.0,0.0,0.0,969.58,0.0,0,0,0,0,49,1,1,1,0,0,0,0,0,1261.28,2,Fashion,Net Banking,Mobile App,Quality issue,Budget,1414,6,3,3,0,none
ORD501282,CUST500444,TXN501282,DEV805890,ADDR904684,ADDR902647,2024-06-24,2024-06-30,1,0,0,2404.64,0.0,0.0,0.0,2404.64,0.0,0,0,0,0,170,1,1,1,0,0,0,0,1,1254.11,2,Beauty,Debit Card,Marketplace,Product not as described,Budget,601,6,4,2,0,none
ORD501283,CUST500445,TXN501283,DEV805735,ADDR904396,ADDR904396,2024-08-23,2024-09-01,1,0,0,1224.65,0.0,0.0,0.0,1224.65,0.0,0,0,0,0,75,1,1,1,0,0,0,0,0,851.25,1,Footwear,Debit Card,Marketplace,Quality issue,Premium,1609,9,6,3,0,none
ORD501284,CUST500446,TXN501284,DEV808861,ADDR906714,ADDR906714,2024-02-11,2024-02-24,1,0,0,2374.8,0.0,0.0,0.0,2374.8,0.0,0,0,0,0,47,1,1,1,0,0,0,0,0,977.96,2,Grocery,Net Banking,Website,Wrong product,Mass Market,679,13,11,2,0,none
ORD501285,CUST500446,TXN501285,DEV808861,ADDR906714,ADDR906714,2024-05-12,2024-05-22,2,1,1,3352.76,918.26,0.3333,0.3333,1676.38,918.26,0,0,0,0,101,1,1,1,1,1,1,1,0,1064.09,1,Beauty,Wallet,Mobile App,Size issue,Mass Market,679,10,8,2,0,none
ORD501293,CUST500449,TXN501293,DEV803399,ADDR905758,ADDR905758,2024-03-18,2024-04-02,2,0,0,3083.07,0.0,0.0,0.0,1541.54,0.0,0,1,0,0,18,1,1,1,0,0,0,0,0,1072.21,1,Electronics,Credit Card,Website,Size issue,High Value,1677,15,12,3,0,none
ORD501301,CUST500451,TXN501301,DEV804505,ADDR904310,ADDR904310,2024-04-19,2024-05-04,0,0,0,0.0,0.0,0.0,0.0,0.0,0.0,0,0,0,0,999,2,1,1,0,0,0,0,0,2660.42,2,Footwear,UPI,Mobile App,Damaged product,Mass Market,1011,15,11,4,0,none
ORD501303,CUST500452,TXN501303,DEV805450,ADDR903249,ADDR903249,2024-08-23,2024-09-03,3,0,0,5518.11,0.0,0.0,0.0,1839.37,0.0,0,1,0,0,11,1,2,2,0,0,0,0,0,1199.06,1,Home,Net Banking,Mobile App,Changed mind,High Value,1181,11,9,2,0,none
ORD501306,CUST500453,TXN501306,DEV804920,ADDR904972,ADDR904972,2024-04-23,2024-05-03,3,0,0,4552.58,0.0,0.0,0.0,1517.53,0.0,0,1,0,0,22,1,1,1,0,0,0,0,0,1557.81,1,Fashion,Debit Card,Website,Size issue,Budget,1231,10,6,4,0,none
ORD501311,CUST500456,TXN501311,DEV803587,ADDR907666,ADDR907666,2024-07-24,2024-08-06,1,0,0,1578.19,0.0,0.0,0.0,1578.19,0.0,0,0,0,0,57,2,1,1,1,0,1,0,0,927.48,1,Grocery,UPI,Mobile App,Wrong product,Mass Market,40,13,9,4,0,none
ORD501316,CUST500459,TXN501316,DEV804804,ADDR909767,ADDR909767,2024-09-29,2024-10-13,3,0,0,1388.65,0.0,0.0,0.0,462.88,0.0,0,0,0,0,71,1,1,1,0,0,0,0,0,662.19,1,Beauty,Net Banking,Marketplace,Other,Premium,1365,14,12,2,0,none
ORD501317,CUST500460,TXN501317,DEV803868,ADDR907846,ADDR907846,2024-06-17,2024-06-27,0,0,0,0.0,0.0,0.0,0.0,0.0,0.0,0,0,0,0,999,1,1,1,0,0,0,0,0,492.22,1,Beauty,UPI,Mobile App,Size issue,Mass Market,106,10,8,2,0,none
ORD501319,CUST500462,TXN501319,DEV801613,ADDR901151,ADDR901151,2024-05-09,2024-05-19,0,0,0,0.0,0.0,0.0,0.0,0.0,0.0,0,0,0,0,999,1,1,1,0,0,0,0,0,1799.34,1,Accessories,Credit Card,Website,Size issue,Budget,622,10,8,2,0,none
ORD501336,CUST500468,TXN501336,DEV804164,ADDR903875,ADDR903875,2024-08-07,2024-08-20,4,0,0,3738.66,0.0,0.0,0.0,934.66,0.0,1,1,0,0,1,1,1,1,0,0,0,0,0,1678.57,1,Home,Debit Card,Social Commerce,Wrong product,Mass Market,634,13,11,2,0,none
ORD501339,CUST500469,TXN501339,DEV808007,ADDR909442,ADDR909442,2024-03-20,2024-04-03,1,0,0,1778.85,0.0,0.0,0.0,1778.85,0.0,0,0,0,0,78,2,2,2,0,0,0,0,0,1119.89,1,Electronics,Credit Card,Mobile App,Changed mind,Mass Market,860,14,10,4,0,none
ORD501343,CUST500470,TXN501343,DEV802562,ADDR904027,ADDR904027,2024-08-04,2024-08-16,1,0,0,777.65,0.0,0.0,0.0,777.65,0.0,0,0,0,0,41,2,1,1,0,0,0,0,0,1972.11,1,Home,UPI,Website,Damaged product,Budget,1400,12,9,3,0,none
ORD501370,CUST500478,TXN501370,DEV807813,ADDR909998,ADDR909998,2024-11-09,2024-11-23,2,0,0,4300.93,0.0,0.0,0.0,2150.46,0.0,0,0,0,0,136,1,1,1,0,0,0,0,0,634.65,1,Accessories,UPI,Social Commerce,Quality issue,Mass Market,795,14,10,4,0,none
ORD501378,CUST500481,TXN501378,DEV802279,ADDR902838,ADDR902838,2024-09-06,2024-09-20,2,0,0,2355.82,0.0,0.0,0.0,1177.91,0.0,0,0,0,0,156,2,1,1,2,0,2,0,0,1057.79,1,Fashion,Credit Card,Mobile App,Size issue,Mass Market,770,14,10,4,0,none
ORD501379,CUST500481,TXN501379,DEV802279,ADDR902838,ADDR902838,2024-12-08,2024-12-13,3,1,1,3413.61,884.07,0.25,0.25,1137.87,884.07,0,0,0,0,98,2,1,1,3,1,3,1,0,321.3,1,Sports,UPI,Website,Product not as described,Mass Market,770,5,3,2,0,none
ORD501389,CUST500485,TXN501389,DEV801911,ADDR908429,ADDR908429,2024-10-10,2024-10-24,4,0,0,2934.46,0.0,0.0,0.0,733.62,0.0,0,0,0,0,210,2,1,1,0,0,0,0,0,2277.32,3,Fashion,EMI,Mobile App,Other,High Value,1686,14,10,4,0,none
ORD501396,CUST500489,TXN501396,DEV809006,ADDR909006,ADDR909006,2024-07-13,2024-07-27,1,0,0,4260.2,0.0,0.0,0.0,4260.2,0.0,0,1,0,0,13,2,3,3,1,1,1,1,0,505.34,2,Electronics,Wallet,Marketplace,Size issue,Budget,1464,14,12,2,1,account_multiplication
ORD501398,CUST500489,TXN501398,DEV809006,ADDR909006,ADDR909006,2024-11-24,2024-12-05,3,1,1,6290.37,398.2,0.25,0.25,2096.79,398.2,0,0,0,0,50,3,4,4,2,2,2,2,0,956.87,1,Grocery,UPI,Mobile App,Size issue,Budget,1464,11,10,1,1,account_multiplication
ORD501407,CUST500491,TXN501407,DEV803218,ADDR907887,ADDR907887,2024-12-20,2025-01-03,4,1,0,2795.03,0.0,0.2,0.0,698.76,0.0,0,0,0,0,58,1,1,1,1,1,0,0,0,58.67,1,Grocery,Net Banking,Mobile App,Product not as described,Budget,1604,14,10,4,0,none
ORD501408,CUST500492,TXN501408,DEV808348,ADDR907184,ADDR907184,2024-03-27,2024-04-05,1,0,0,731.59,0.0,0.0,0.0,731.59,0.0,0,0,0,0,39,1,1,2,0,0,0,0,0,1439.75,1,Footwear,Debit Card,Mobile App,Size issue,Budget,813,9,8,1,1,serial_return_abuse
ORD501409,CUST500492,TXN501409,DEV808348,ADDR907184,ADDR907184,2024-05-05,2024-05-08,4,1,1,3879.65,1424.39,0.2,0.2,969.91,1424.39,0,2,0,0,13,1,1,2,1,1,1,1,0,500.52,1,Grocery,Net Banking,Mobile App,Damaged product,Budget,813,3,1,2,1,serial_return_abuse
ORD501411,CUST500492,TXN501411,DEV808348,ADDR907184,ADDR907184,2024-09-23,2024-09-30,6,2,2,5223.15,1901.72,0.2857,0.2857,870.52,950.86,0,0,0,0,108,1,1,2,2,2,2,2,0,2200.7,1,Home,Wallet,Website,Size issue,Budget,813,7,6,1,1,serial_return_abuse
ORD501412,CUST500492,TXN501412,DEV808348,ADDR907184,ADDR907184,2024-10-13,2024-10-20,7,3,3,7423.85,3787.22,0.375,0.375,1060.55,1262.41,0,1,1,1,27,1,1,2,3,3,3,3,0,2821.58,2,Footwear,Credit Card,Mobile App,Damaged product,Budget,813,7,6,1,1,serial_return_abuse
ORD501413,CUST500492,TXN501413,DEV808348,ADDR907184,ADDR907184,2024-10-27,2024-11-07,9,4,3,12052.17,3787.22,0.4,0.3,1339.13,1262.41,1,2,1,0,1,1,1,2,4,4,3,3,0,2425.77,2,Footwear,Credit Card,Mobile App,Changed mind,Budget,813,11,8,3,1,serial_return_abuse
ORD501416,CUST500494,TXN501416,DEV803924,ADDR909802,ADDR909802,2024-08-07,2024-08-18,1,0,0,714.14,0.0,0.0,0.0,714.14,0.0,0,0,0,0,150,1,1,1,0,0,0,0,0,2568.58,1,Footwear,UPI,Marketplace,Quality issue,Mass Market,272,11,7,4,0,none
ORD501422,CUST500497,TXN501422,DEV805055,ADDR908546,ADDR908546,2024-04-14,2024-04-22,2,1,0,1804.22,0.0,0.3333,0.0,902.11,0.0,0,0,0,0,95,3,1,1,1,1,0,0,0,510.33,1,Grocery,Debit Card,Social Commerce,Damaged product,Mass Market,500,8,6,2,0,none
ORD501425,CUST500497,TXN501425,DEV805055,ADDR908546,ADDR908546,2024-11-20,2024-11-25,5,2,1,5404.87,462.37,0.3333,0.1667,1080.97,462.37,0,0,0,0,70,3,1,1,3,2,1,1,0,879.92,2,Beauty,Debit Card,Mobile App,Changed mind,Mass Market,500,5,3,2,0,none
ORD501447,CUST500506,TXN501447,DEV807244,ADDR909592,ADDR909592,2024-10-02,2024-10-08,0,0,0,0.0,0.0,0.0,0.0,0.0,0.0,0,0,0,0,999,1,1,1,0,0,0,0,0,478.13,1,Beauty,UPI,Marketplace,Size issue,Mass Market,735,6,4,2,0,none
ORD501452,CUST500508,TXN501452,DEV808758,ADDR904948,ADDR904948,2024-11-17,2024-11-24,3,0,0,3606.27,0.0,0.0,0.0,1202.09,0.0,0,1,0,0,8,1,2,2,0,0,0,0,0,457.71,1,Grocery,UPI,Mobile App,Product not as described,Budget,1131,7,5,2,0,none
ORD501477,CUST500516,TXN501477,DEV805967,ADDR901251,ADDR901251,2024-10-12,2024-10-20,4,0,0,3397.42,0.0,0.0,0.0,849.36,0.0,0,0,0,0,61,2,1,1,1,0,1,0,0,1385.01,1,Accessories,UPI,Mobile App,Size issue,Budget,711,8,4,4,0,none
ORD501481,CUST500517,TXN501481,DEV802922,ADDR908846,ADDR908846,2024-09-12,2024-09-26,4,0,0,10552.48,0.0,0.0,0.0,2638.12,0.0,0,0,0,0,59,2,1,1,0,0,0,0,0,845.19,2,Accessories,UPI,Website,Damaged product,Budget,1548,14,10,4,0,none
ORD501482,CUST500518,TXN501482,DEV804350,ADDR907498,ADDR907498,2024-01-13,2024-01-23,0,0,0,0.0,0.0,0.0,0.0,0.0,0.0,0,0,0,0,999,1,1,1,0,0,0,0,0,911.96,1,Beauty,UPI,Website,Changed mind,Premium,1267,10,7,3,0,none
ORD501489,CUST500521,TXN501489,DEV808635,ADDR902615,ADDR902615,2024-05-12,2024-05-23,1,0,0,1052.07,0.0,0.0,0.0,1052.07,0.0,0,0,0,0,129,1,2,2,0,0,0,0,0,3558.74,1,Sports,UPI,Website,Wrong product,Budget,1048,11,7,4,0,none
ORD501492,CUST500522,TXN501492,DEV806246,ADDR904328,ADDR904328,2024-06-19,2024-06-26,0,0,0,0.0,0.0,0.0,0.0,0.0,0.0,0,0,0,0,999,1,1,1,0,0,0,0,0,1595.11,2,Fashion,Wallet,Website,Size issue,High Value,991,7,3,4,0,none
ORD501503,CUST500526,TXN501503,DEV806530,ADDR905216,ADDR906979,2024-08-06,2024-08-12,1,0,0,2448.18,0.0,0.0,0.0,2448.18,0.0,0,0,0,0,219,1,1,1,0,0,0,0,1,3043.65,1,Footwear,Credit Card,Mobile App,Quality issue,Mass Market,1432,6,2,4,0,none
ORD501506,CUST500527,TXN501506,DEV809037,ADDR908550,ADDR908550,2024-05-01,2024-05-08,2,0,0,3443.26,0.0,0.0,0.0,1721.63,0.0,0,0,0,0,53,3,1,1,1,0,1,0,0,1544.47,1,Home,Credit Card,Social Commerce,Damaged product,High Value,1511,7,4,3,0,none
ORD501510,CUST500528,TXN501510,DEV803773,ADDR903293,ADDR903293,2024-07-29,2024-08-09,2,0,0,2445.16,0.0,0.0,0.0,1222.58,0.0,0,1,0,0,24,1,1,1,0,0,0,0,0,1007.7,1,Footwear,Debit Card,Mobile App,Changed mind,Budget,751,11,7,4,0,none
ORD501515,CUST500530,TXN501515,DEV802217,ADDR901794,ADDR901794,2024-02-21,2024-03-04,0,0,0,0.0,0.0,0.0,0.0,0.0,0.0,0,0,0,0,999,1,1,1,0,0,0,0,0,559.28,2,Accessories,UPI,Mobile App,Late delivery,Mass Market,1764,12,8,4,1,serial_return_abuse
ORD501516,CUST500530,TXN501516,DEV802217,ADDR901794,ADDR901794,2024-03-16,2024-03-22,1,1,1,559.28,542.33,0.5,0.5,559.28,542.33,0,1,1,1,30,1,1,1,1,1,1,1,0,3582.39,1,Electronics,Debit Card,Mobile App,Product not as described,Mass Market,1764,6,3,3,1,serial_return_abuse
ORD501533,CUST500534,TXN501533,DEV807739,ADDR901194,ADDR901194,2024-06-27,2024-07-02,4,0,0,8972.3,0.0,0.0,0.0,2243.07,0.0,1,1,0,0,7,1,1,1,0,0,0,0,0,4040.05,1,Sports,UPI,Mobile App,Changed mind,Budget,1159,5,1,4,0,none
ORD501541,CUST500539,TXN501541,DEV807652,ADDR908520,ADDR908520,2024-10-26,2024-11-06,3,0,0,3165.21,0.0,0.0,0.0,1055.07,0.0,1,1,0,0,4,1,1,1,0,0,0,0,0,688.77,1,Sports,EMI,Website,Quality issue,High Value,794,11,7,4,0,none
ORD501543,CUST500539,TXN501543,DEV807652,ADDR908520,ADDR908520,2024-11-17,2024-11-20,4,1,1,3853.98,607.3,0.2,0.2,963.5,607.3,0,2,1,1,18,1,1,1,1,1,1,1,0,1247.95,1,Fashion,UPI,Mobile App,Wrong product,High Value,794,3,1,2,0,none
ORD501545,CUST500541,TXN501545,DEV801519,ADDR902531,ADDR902531,2024-02-20,2024-02-26,0,0,0,0.0,0.0,0.0,0.0,0.0,0.0,0,0,0,0,999,1,1,1,0,0,0,0,0,305.7,2,Accessories,Net Banking,Mobile App,Size issue,Mass Market,1360,6,2,4,0,none
ORD501548,CUST500542,TXN501548,DEV808798,ADDR901919,ADDR901919,2024-03-10,2024-03-13,0,0,0,0.0,0.0,0.0,0.0,0.0,0.0,0,0,0,0,999,2,1,1,0,0,0,0,0,2789.54,1,Electronics,Net Banking,Marketplace,Product not as described,Mass Market,1161,3,1,2,0,none
ORD501577,CUST500552,TXN501577,DEV802600,ADDR908161,ADDR908161,2024-04-27,2024-05-10,2,0,0,3564.18,0.0,0.0,0.0,1782.09,0.0,0,0,0,0,48,2,1,1,0,0,0,0,0,547.18,3,Accessories,UPI,Website,Quality issue,Mass Market,139,13,9,4,0,none
ORD501580,CUST500552,TXN501580,DEV802600,ADDR908161,ADDR908161,2024-09-02,2024-09-09,5,1,1,8531.74,518.83,0.1667,0.1667,1706.35,518.83,0,0,0,0,61,2,1,1,1,1,1,1,0,1843.08,1,Accessories,Wallet,Mobile App,Wrong product,Mass Market,139,7,4,3,0,none
ORD501584,CUST500553,TXN501584,DEV807499,ADDR906347,ADDR906347,2024-11-01,2024-11-03,2,0,0,1025.14,0.0,0.0,0.0,512.57,0.0,0,0,0,0,34,1,1,1,0,0,0,0,0,1000.97,1,Home,Net Banking,Website,Size issue,Budget,727,2,1,1,0,none
ORD501589,CUST500555,TXN501589,DEV808075,ADDR904043,ADDR904043,2024-02-07,2024-02-13,1,0,0,3412.12,0.0,0.0,0.0,3412.12,0.0,0,1,0,0,12,1,1,1,0,0,0,0,0,3329.72,1,Sports,UPI,Social Commerce,Damaged product,Budget,798,6,4,2,0,none
ORD501590,CUST500555,TXN501590,DEV808075,ADDR904043,ADDR904043,2024-05-14,2024-05-23,3,1,0,7285.45,0.0,0.25,0.0,2428.48,0.0,0,1,0,0,8,1,1,2,1,1,0,0,0,749.79,1,Footwear,Debit Card,Website,Changed mind,Budget,798,9,7,2,0,none
ORD501597,CUST500557,TXN501597,DEV802344,ADDR905390,ADDR905390,2024-08-06,2024-08-16,1,0,0,1933.5,0.0,0.0,0.0,1933.5,0.0,0,0,0,0,97,1,1,1,0,0,0,0,0,2381.49,2,Fashion,Debit Card,Mobile App,Product not as described,High Value,180,10,6,4,0,none
ORD501605,CUST500560,TXN501605,DEV802674,ADDR903170,ADDR903170,2024-01-21,2024-01-25,0,0,0,0.0,0.0,0.0,0.0,0.0,0.0,0,0,0,0,999,1,1,1,0,0,0,0,0,216.51,1,Beauty,UPI,Mobile App,Quality issue,Mass Market,582,4,1,3,0,none
ORD501609,CUST500560,TXN501609,DEV802674,ADDR903170,ADDR908402,2024-12-15,2024-12-23,5,1,1,3279.78,192.17,0.1667,0.1667,655.96,192.17,0,1,0,0,14,1,1,2,1,1,1,1,1,452.73,2,Home,UPI,Mobile App,Changed mind,Mass Market,582,8,4,4,0,none
ORD501614,CUST500561,TXN501614,DEV809395,ADDR907685,ADDR907685,2024-12-15,2024-12-20,6,0,0,9445.23,0.0,0.0,0.0,1574.2,0.0,0,2,0,0,12,1,1,1,0,0,0,0,0,569.6,1,Fashion,UPI,Mobile App,Product not as described,Budget,949,5,1,4,0,none
ORD501622,CUST500565,TXN501622,DEV803274,ADDR905405,ADDR905405,2024-09-16,2024-09-25,2,0,0,767.03,0.0,0.0,0.0,383.52,0.0,0,0,0,0,102,1,1,1,0,0,0,0,0,615.17,1,Beauty,Wallet,Marketplace,Damaged product,Budget,377,9,6,3,1,refund_abuse
ORD501637,CUST500569,TXN501637,DEV801110,ADDR907483,ADDR907483,2024-08-07,2024-08-20,3,0,0,7416.07,0.0,0.0,0.0,2472.02,0.0,0,0,0,0,46,1,1,1,0,0,0,0,0,5318.86,2,Electronics,Credit Card,Mobile App,Size issue,Mass Market,653,13,11,2,0,none
ORD501639,CUST500570,TXN501639,DEV806399,ADDR908212,ADDR908212,2024-01-23,2024-02-01,0,0,0,0.0,0.0,0.0,0.0,0.0,0.0,0,0,0,0,999,1,1,1,0,0,0,0,0,221.8,3,Beauty,UPI,Marketplace,Product not as described,Budget,808,9,6,3,1,serial_return_abuse
ORD501640,CUST500570,TXN501640,DEV806399,ADDR908212,ADDR908212,2024-04-05,2024-04-15,1,1,1,221.8,200.9,0.5,0.5,221.8,200.9,0,0,0,0,83,1,1,1,1,1,1,1,0,766.83,1,Home,UPI,Social Commerce,Damaged product,Budget,808,10,7,3,1,serial_return_abuse
ORD501643,CUST500570,TXN501643,DEV806399,ADDR908212,ADDR908212,2024-12-15,2024-12-22,4,4,2,5448.54,912.2,0.8,0.4,1362.14,456.1,0,0,0,0,73,1,1,1,4,4,2,2,0,1386.3,2,Accessories,UPI,Mobile App,Size issue,Budget,808,7,3,4,1,serial_return_abuse
ORD501656,CUST500573,TXN501656,DEV805775,ADDR909044,ADDR909044,2024-12-17,2024-12-24,6,1,0,9007.05,0.0,0.1429,0.0,1501.18,0.0,1,1,0,0,7,3,1,1,1,1,0,0,0,1140.26,1,Home,UPI,Mobile App,Damaged product,Budget,683,7,3,4,1,serial_return_abuse
ORD501659,CUST500574,TXN501659,DEV806339,ADDR907161,ADDR907161,2024-08-13,2024-08-22,3,0,0,7569.58,0.0,0.0,0.0,2523.19,0.0,0,1,0,0,16,1,1,1,0,0,0,0,0,1573.33,1,Accessories,Credit Card,Mobile App,Size issue,Premium,526,9,5,4,0,none
ORD501660,CUST500574,TXN501660,DEV806339,ADDR907161,ADDR907161,2024-11-27,2024-12-06,4,1,1,9142.91,1381.64,0.2,0.2,2285.73,1381.64,0,0,0,0,115,1,1,1,1,1,1,1,0,2249.91,1,Home,UPI,Website,Size issue,Premium,526,9,6,3,0,none
ORD501668,CUST500577,TXN501668,DEV808563,ADDR904434,ADDR904434,2024-10-11,2024-10-25,4,1,0,3273.28,0.0,0.2,0.0,818.32,0.0,0,1,0,0,14,1,1,1,1,1,0,0,0,369.33,1,Sports,UPI,Mobile App,Size issue,Mass Market,85,14,11,3,0,none
ORD501674,CUST500580,TXN501674,DEV807932,ADDR907176,ADDR907176,2024-02-15,2024-02-24,0,0,0,0.0,0.0,0.0,0.0,0.0,0.0,0,0,0,0,999,1,1,1,0,0,0,0,0,672.24,1,Accessories,Net Banking,Website,Product not as described,Budget,1494,9,5,4,0,none
ORD501682,CUST500582,TXN501682,DEV807853,ADDR909907,ADDR909907,2024-03-20,2024-03-24,3,1,0,4937.4,0.0,0.25,0.0,1645.8,0.0,0,1,0,0,8,1,2,2,1,1,0,0,0,3338.85,1,Electronics,UPI,Mobile App,Quality issue,Mass Market,1446,4,3,1,0,none
ORD501684,CUST500583,TXN501684,DEV809796,ADDR902392,ADDR902392,2024-06-18,2024-06-30,2,0,0,3937.13,0.0,0.0,0.0,1968.56,0.0,0,1,0,0,15,1,1,1,0,0,0,0,0,1331.49,1,Footwear,Wallet,Website,Late delivery,Budget,1466,12,10,2,0,none
ORD501687,CUST500584,TXN501687,DEV806816,ADDR903725,ADDR903725,2024-09-21,2024-09-29,1,0,0,599.38,0.0,0.0,0.0,599.38,0.0,0,0,0,0,145,1,1,1,0,0,0,0,0,1980.28,2,Sports,UPI,Mobile App,Wrong product,Budget,1376,8,4,4,0,none
ORD501692,CUST500587,TXN501692,DEV809499,ADDR904621,ADDR904621,2024-09-08,2024-09-20,3,0,0,3562.99,0.0,0.0,0.0,1187.66,0.0,0,0,0,0,165,1,2,2,0,0,0,0,0,2432.8,1,Sports,UPI,Mobile App,Wrong product,Budget,1559,12,11,1,0,none
ORD501694,CUST500588,TXN501694,DEV809199,ADDR903469,ADDR903469,2024-11-06,2024-11-12,1,0,0,1955.36,0.0,0.0,0.0,1955.36,0.0,0,0,0,0,224,2,1,1,2,0,1,0,0,949.73,1,Footwear,UPI,Website,Size issue,Mass Market,978,6,3,3,0,none
ORD501724,CUST500595,TXN501724,DEV808000,ADDR907985,ADDR907985,2024-05-28,2024-06-10,3,0,0,5049.69,0.0,0.0,0.0,1683.23,0.0,0,0,0,0,33,3,1,1,2,0,1,0,0,1219.88,1,Beauty,Debit Card,Mobile App,Damaged product,Mass Market,357,13,10,3,1,coordinated_device_abuse
ORD501736,CUST500599,TXN501736,DEV804371,ADDR905560,ADDR905560,2024-10-31,2024-11-06,1,0,0,3362.92,0.0,0.0,0.0,3362.92,0.0,0,0,0,0,183,2,1,1,0,0,0,0,0,1789.6,1,Footwear,Net Banking,Mobile App,Size issue,Budget,469,6,4,2,0,none
ORD501744,CUST500604,TXN501744,DEV808501,ADDR908002,ADDR908002,2024-08-08,2024-08-13,0,0,0,0.0,0.0,0.0,0.0,0.0,0.0,0,0,0,0,999,1,3,3,0,2,0,2,0,663.58,1,Footwear,Debit Card,Mobile App,Product not as described,Mass Market,750,5,3,2,1,coordinated_address_abuse
ORD501746,CUST500605,TXN501746,DEV805873,ADDR902388,ADDR902388,2024-04-19,2024-04-30,1,0,0,1126.17,0.0,0.0,0.0,1126.17,0.0,0,0,0,0,102,1,1,1,0,0,0,0,0,843.42,1,Electronics,UPI,Mobile App,Product not as described,High Value,1669,11,9,2,0,none
ORD501756,CUST500607,TXN501756,DEV803316,ADDR909369,ADDR909369,2024-10-14,2024-10-23,3,0,0,4558.32,0.0,0.0,0.0,1519.44,0.0,0,0,0,0,157,1,2,2,0,0,0,0,0,2112.97,3,Home,Debit Card,Mobile App,Size issue,Budget,1450,9,6,3,0,none
ORD501760,CUST500608,TXN501760,DEV807286,ADDR907931,ADDR907931,2024-11-27,2024-12-05,4,0,0,3250.82,0.0,0.0,0.0,812.7,0.0,0,0,0,0,52,1,2,2,0,1,0,1,0,2156.0,3,Sports,Debit Card,Mobile App,Size issue,Budget,312,8,5,3,0,none
ORD501764,CUST500610,TXN501764,DEV806154,ADDR908389,ADDR908389,2024-06-23,2024-06-29,1,0,0,2226.3,0.0,0.0,0.0,2226.3,0.0,0,0,0,0,138,1,1,1,0,0,0,0,0,570.04,1,Footwear,UPI,Website,Late delivery,Mass Market,413,6,5,1,0,none
ORD501766,CUST500611,TXN501766,DEV801157,ADDR908939,ADDR908939,2024-05-03,2024-05-16,1,0,0,1868.92,0.0,0.0,0.0,1868.92,0.0,0,0,0,0,106,1,1,2,0,0,0,0,0,1999.98,1,Accessories,EMI,Website,Quality issue,Mass Market,765,13,9,4,0,none
ORD501778,CUST500614,TXN501778,DEV804613,ADDR905785,ADDR905785,2024-06-25,2024-07-06,2,0,0,3480.8,0.0,0.0,0.0,1740.4,0.0,0,0,0,0,57,2,1,1,0,0,0,0,0,3169.57,1,Footwear,Credit Card,Mobile App,Changed mind,Budget,93,11,8,3,0,none
ORD501789,CUST500619,TXN501789,DEV805055,ADDR905877,ADDR905877,2024-11-13,2024-11-21,3,0,0,2196.49,0.0,0.0,0.0,732.16,0.0,0,0,0,0,88,3,1,1,2,0,1,0,0,944.52,1,Beauty,Debit Card,Marketplace,Size issue,Budget,239,8,6,2,0,none
ORD501791,CUST500620,TXN501791,DEV805305,ADDR906711,ADDR906711,2024-02-11,2024-02-23,1,0,0,299.65,0.0,0.0,0.0,299.65,0.0,0,0,0,0,38,2,1,1,0,0,0,0,0,663.92,1,Grocery,UPI,Mobile App,Changed mind,High Value,951,12,9,3,1,serial_return_abuse
ORD501792,CUST500620,TXN501792,DEV805305,ADDR906711,ADDR906711,2024-03-06,2024-03-18,2,1,1,963.57,645.76,0.3333,0.3333,481.78,645.76,0,0,1,1,36,2,1,1,1,1,1,1,0,924.0,1,Fashion,UPI,Marketplace,Damaged product,High Value,951,12,10,2,1,serial_return_abuse
ORD501793,CUST500620,TXN501793,DEV805305,ADDR906711,ADDR906711,2024-06-25,2024-07-02,3,2,2,1887.57,1386.32,0.5,0.5,629.19,693.16,0,0,0,0,118,2,1,1,3,2,2,2,0,266.46,1,Grocery,Debit Card,Marketplace,Damaged product,High Value,951,7,6,1,1,serial_return_abuse
ORD501810,CUST500627,TXN501810,DEV801971,ADDR905543,ADDR905959,2024-06-09,2024-06-19,1,0,0,1667.95,0.0,0.0,0.0,1667.95,0.0,0,0,0,0,51,1,1,1,0,0,0,0,1,724.65,1,Grocery,Debit Card,Website,Product not as described,Premium,872,10,9,1,0,none
ORD501814,CUST500628,TXN501814,DEV803174,ADDR905090,ADDR905090,2024-05-31,2024-06-15,2,0,0,5358.35,0.0,0.0,0.0,2679.18,0.0,0,0,0,0,39,1,1,1,0,0,0,0,0,1557.13,1,Electronics,Net Banking,Mobile App,Damaged product,High Value,1466,15,12,3,0,none
ORD501824,CUST500630,TXN501824,DEV805402,ADDR907786,ADDR907786,2024-10-11,2024-10-20,0,0,0,0.0,0.0,0.0,0.0,0.0,0.0,0,0,0,0,999,1,2,2,0,0,0,0,0,5559.49,2,Electronics,Debit Card,Website,Changed mind,Mass Market,1325,9,5,4,0,none
ORD501834,CUST500633,TXN501834,DEV801040,ADDR902526,ADDR902526,2024-03-09,2024-03-20,1,0,0,1918.9,0.0,0.0,0.0,1918.9,0.0,0,1,0,0,13,1,1,1,0,0,0,0,0,2508.03,1,Footwear,Net Banking,Mobile App,Changed mind,Premium,1221,11,7,4,0,none
ORD501836,CUST500633,TXN501836,DEV801040,ADDR902526,ADDR902526,2024-11-07,2024-11-17,4,1,1,5614.58,2396.12,0.2,0.2,1403.64,2396.12,0,0,0,0,99,1,1,1,1,1,1,1,0,878.83,1,Sports,UPI,Mobile App,Damaged product,Premium,1221,10,6,4,0,none
ORD501838,CUST500634,TXN501838,DEV806869,ADDR902037,ADDR902037,2024-02-14,2024-02-19,0,0,0,0.0,0.0,0.0,0.0,0.0,0.0,0,0,0,0,999,1,1,1,0,0,0,0,0,1674.43,1,Footwear,UPI,Social Commerce,Size issue,Mass Market,1330,5,3,2,0,none
ORD501839,CUST500634,TXN501839,DEV806869,ADDR902037,ADDR902037,2024-03-01,2024-03-11,1,1,1,1674.43,1625.53,0.5,0.5,1674.43,1625.53,0,1,1,1,26,1,1,1,1,1,1,1,0,3690.74,2,Footwear,UPI,Mobile App,Late delivery,Mass Market,1330,10,9,1,0,none
ORD501840,CUST500634,TXN501840,DEV806869,ADDR902037,ADDR902037,2024-04-06,2024-04-09,2,2,2,5365.17,5021.85,0.6667,0.6667,2682.58,2510.93,0,0,1,1,39,1,1,1,2,2,2,2,0,1764.31,1,Accessories,Debit Card,Mobile App,Changed mind,Mass Market,1330,3,2,1,0,none
ORD501844,CUST500635,TXN501844,DEV808039,ADDR904470,ADDR904470,2024-06-26,2024-07-07,2,0,0,1579.28,0.0,0.0,0.0,789.64,0.0,0,0,0,0,44,1,1,1,0,0,0,0,0,1665.53,1,Accessories,UPI,Website,Late delivery,High Value,476,11,8,3,0,none
ORD501850,CUST500636,TXN501850,DEV805646,ADDR906533,ADDR908845,2024-09-26,2024-09-30,6,0,0,10810.31,0.0,0.0,0.0,1801.72,0.0,0,0,0,0,86,1,1,1,0,0,0,0,1,934.8,1,Grocery,Credit Card,Mobile App,Product not as described,Mass Market,1726,4,2,2,0,none
ORD501857,CUST500639,TXN501857,DEV801266,ADDR903035,ADDR903035,2024-08-29,2024-09-09,1,0,0,1468.92,0.0,0.0,0.0,1468.92,0.0,0,0,0,0,33,3,1,1,0,0,0,0,0,323.6,1,Footwear,Credit Card,Mobile App,Changed mind,Mass Market,971,11,8,3,0,none
ORD501871,CUST500646,TXN501871,DEV804705,ADDR909510,ADDR909510,2024-01-02,2024-01-17,0,0,0,0.0,0.0,0.0,0.0,0.0,0.0,0,0,0,0,999,1,1,1,0,0,0,0,0,142.39,2,Grocery,Debit Card,Marketplace,Other,Mass Market,1245,15,11,4,0,none
ORD501873,CUST500647,TXN501873,DEV806629,ADDR902975,ADDR902975,2024-04-24,2024-05-03,2,0,0,2726.86,0.0,0.0,0.0,1363.43,0.0,0,1,0,0,9,1,1,1,0,0,0,0,0,162.26,2,Grocery,Debit Card,Mobile App,Quality issue,Mass Market,46,9,6,3,0,none
ORD501877,CUST500648,TXN501877,DEV803165,ADDR908826,ADDR908826,2024-06-23,2024-07-04,3,0,0,2835.22,0.0,0.0,0.0,945.07,0.0,0,0,0,0,68,1,1,1,0,0,0,0,0,766.61,1,Grocery,Debit Card,Mobile App,Other,Premium,1451,11,7,4,1,serial_return_abuse
ORD501881,CUST500648,TXN501881,DEV803165,ADDR908826,ADDR908826,2024-10-09,2024-10-22,7,3,1,7662.61,733.89,0.375,0.125,1094.66,733.89,0,1,1,0,21,1,1,1,3,3,1,1,0,744.99,2,Home,UPI,Website,Quality issue,Premium,1451,13,12,1,1,serial_return_abuse
ORD501882,CUST500648,TXN501882,DEV803165,ADDR908826,ADDR908826,2024-11-24,2024-12-07,8,4,2,8407.6,1354.61,0.4444,0.2222,1050.95,677.3,0,0,0,0,59,1,1,1,4,4,2,2,0,939.96,2,Fashion,UPI,Website,Size issue,Premium,1451,13,9,4,1,serial_return_abuse
ORD501883,CUST500648,TXN501883,DEV803165,ADDR908826,ADDR908826,2024-12-17,2024-12-19,10,5,3,11596.18,2195.96,0.4545,0.2727,1159.62,731.99,1,2,1,1,1,1,1,1,5,5,3,3,0,1845.8,1,Home,Credit Card,Mobile App,Quality issue,Premium,1451,2,1,1,1,serial_return_abuse
ORD501884,CUST500648,TXN501884,DEV803165,ADDR908826,ADDR908826,2024-12-18,2024-12-31,10,6,4,11193.36,3620.62,0.5455,0.3636,1119.34,905.16,0,1,2,2,14,1,1,1,6,6,4,4,0,2248.62,1,Fashion,UPI,Social Commerce,Wrong product,Premium,1451,13,12,1,1,serial_return_abuse
ORD501927,CUST500664,TXN501927,DEV808717,ADDR902195,ADDR902195,2024-09-14,2024-09-19,2,0,0,5310.06,0.0,0.0,0.0,2655.03,0.0,0,0,0,0,49,1,2,2,0,0,0,0,0,1318.48,1,Beauty,Credit Card,Website,Size issue,Mass Market,1592,5,2,3,0,none
ORD501934,CUST500667,TXN501934,DEV807806,ADDR907939,ADDR907939,2024-05-11,2024-05-21,1,0,0,1331.66,0.0,0.0,0.0,1331.66,0.0,0,0,0,0,126,1,1,1,0,0,0,0,0,2452.7,1,Sports,Credit Card,Mobile App,Quality issue,Budget,1056,10,7,3,0,none
ORD501956,CUST500674,TXN501956,DEV803877,ADDR902956,ADDR902956,2024-03-15,2024-03-29,1,0,0,719.14,0.0,0.0,0.0,719.14,0.0,0,0,0,0,77,1,1,1,0,0,0,0,0,688.73,1,Fashion,UPI,Mobile App,Size issue,Mass Market,663,14,10,4,0,none
ORD501959,CUST500674,TXN501959,DEV803877,ADDR902956,ADDR902956,2024-08-02,2024-08-13,4,1,1,9712.21,683.82,0.2,0.2,2428.05,683.82,0,0,0,0,52,1,1,1,1,1,1,1,0,3016.08,1,Footwear,EMI,Marketplace,Product not as described,Mass Market,663,11,8,3,0,none
ORD501961,CUST500675,TXN501961,DEV801185,ADDR903684,ADDR903684,2024-01-18,2024-01-29,0,0,0,0.0,0.0,0.0,0.0,0.0,0.0,0,0,0,0,999,1,1,1,0,0,0,0,0,554.65,2,Footwear,Wallet,Mobile App,Size issue,Budget,1466,11,10,1,0,none
ORD501976,CUST500680,TXN501976,DEV809185,ADDR903734,ADDR903734,2024-11-28,2024-12-10,3,0,0,6426.83,0.0,0.0,0.0,2142.28,0.0,0,0,0,0,43,2,1,1,0,0,0,0,0,1041.61,1,Electronics,Debit Card,Marketplace,Quality issue,Mass Market,143,12,8,4,0,none
ORD501981,CUST500682,TXN501981,DEV801721,ADDR901201,ADDR901201,2024-10-04,2024-10-09,2,0,0,5014.78,0.0,0.0,0.0,2507.39,0.0,0,0,0,0,97,1,1,1,0,0,0,0,0,621.98,1,Beauty,Credit Card,Website,Product not as described,Budget,35,5,2,3,0,none
ORD501992,CUST500689,TXN501992,DEV802415,ADDR908483,ADDR908483,2024-02-24,2024-03-04,0,0,0,0.0,0.0,0.0,0.0,0.0,0.0,0,0,0,0,999,1,1,1,0,0,0,0,0,2421.79,1,Fashion,UPI,Marketplace,Wrong product,High Value,700,9,5,4,1,refund_abuse
ORD501993,CUST500689,TXN501993,DEV802415,ADDR908483,ADDR908483,2024-05-16,2024-05-28,2,1,1,3564.87,1881.01,0.3333,0.3333,1782.44,1881.01,0,1,0,0,9,1,1,1,1,1,1,1,0,3480.07,2,Electronics,Debit Card,Website,Product not as described,High Value,700,12,11,1,1,refund_abuse
ORD501999,CUST500690,TXN501999,DEV805979,ADDR904974,ADDR906856,2024-08-22,2024-08-27,4,0,0,14089.71,0.0,0.0,0.0,3522.43,0.0,0,0,0,0,37,3,1,1,2,0,2,0,1,2246.0,1,Fashion,UPI,Marketplace,Changed mind,Budget,627,5,4,1,0,none
ORD502001,CUST500692,TXN502001,DEV809002,ADDR909002,ADDR909002,2024-02-13,2024-02-24,0,0,0,0.0,0.0,0.0,0.0,0.0,0.0,0,0,0,0,999,1,1,1,0,0,0,0,0,1396.7,1,Sports,Debit Card,Mobile App,Damaged product,High Value,338,11,10,1,1,account_multiplication
ORD502002,CUST500692,TXN502002,DEV809002,ADDR909002,ADDR909002,2024-12-06,2024-12-12,1,1,1,1396.7,1240.24,0.5,0.5,1396.7,1240.24,0,0,0,0,303,3,3,3,3,3,3,3,0,1328.91,1,Accessories,UPI,Mobile App,Product not as described,High Value,338,6,5,1,1,account_multiplication
ORD502014,CUST500697,TXN502014,DEV809515,ADDR907767,ADDR907767,2024-11-18,2024-11-25,6,0,0,9723.76,0.0,0.0,0.0,1620.63,0.0,0,0,0,0,36,1,1,1,0,0,0,0,0,1024.91,1,Accessories,UPI,Website,Wrong product,Budget,1761,7,4,3,0,none
ORD502031,CUST500706,TXN502031,DEV802964,ADDR902481,ADDR902481,2024-01-09,2024-01-16,0,0,0,0.0,0.0,0.0,0.0,0.0,0.0,0,0,0,0,999,1,1,1,0,0,0,0,0,2438.87,1,Home,Credit Card,Marketplace,Damaged product,Budget,1775,7,4,3,0,none
ORD502046,CUST500712,TXN502046,DEV802989,ADDR901195,ADDR901195,2024-07-29,2024-08-08,0,0,0,0.0,0.0,0.0,0.0,0.0,0.0,0,0,0,0,999,2,2,2,2,0,0,0,0,823.19,2,Beauty,Wallet,Mobile App,Size issue,Budget,316,10,6,4,0,none
ORD502051,CUST500714,TXN502051,DEV802376,ADDR905240,ADDR905240,2024-02-24,2024-03-05,2,1,0,4588.4,0.0,0.3333,0.0,2294.2,0.0,0,0,0,0,45,1,2,2,1,2,0,1,0,509.3,1,Grocery,UPI,Mobile App,Size issue,High Value,1435,10,8,2,1,serial_return_abuse
ORD502057,CUST500715,TXN502057,DEV802056,ADDR904239,ADDR904239,2024-12-02,2024-12-08,3,0,0,8636.26,0.0,0.0,0.0,2878.75,0.0,0,1,0,0,28,1,1,1,0,0,0,0,0,1206.73,1,Footwear,Net Banking,Social Commerce,Size issue,Premium,74,6,2,4,0,none
ORD502062,CUST500718,TXN502062,DEV803752,ADDR908096,ADDR908096,2024-08-05,2024-08-15,1,0,0,1120.75,0.0,0.0,0.0,1120.75,0.0,1,1,0,0,3,1,2,2,0,1,0,1,0,1147.57,1,Beauty,UPI,Mobile App,Size issue,Budget,133,10,7,3,0,none
ORD502072,CUST500721,TXN502072,DEV801567,ADDR905026,ADDR904646,2024-07-18,2024-08-02,3,0,0,2060.63,0.0,0.0,0.0,686.88,0.0,0,0,0,0,62,1,2,1,0,0,0,0,1,3296.36,1,Footwear,UPI,Mobile App,Damaged product,Budget,334,15,11,4,0,none
ORD502086,CUST500727,TXN502086,DEV806224,ADDR904588,ADDR904588,2024-07-16,2024-07-21,0,0,0,0.0,0.0,0.0,0.0,0.0,0.0,0,0,0,0,999,2,1,1,0,0,0,0,0,972.69,2,Grocery,UPI,Marketplace,Late delivery,Budget,83,5,2,3,1,policy_exploitation
ORD502087,CUST500727,TXN502087,DEV806224,ADDR904588,ADDR904588,2024-09-24,2024-09-30,1,1,1,972.69,745.44,0.5,0.5,972.69,745.44,0,0,0,0,76,2,1,1,1,1,1,1,0,521.76,1,Accessories,Credit Card,Mobile App,Size issue,Budget,83,6,4,2,1,policy_exploitation
ORD502094,CUST500729,TXN502094,DEV806856,ADDR904813,ADDR904813,2024-04-10,2024-04-19,3,0,0,3702.9,0.0,0.0,0.0,1234.3,0.0,0,2,0,0,8,1,1,1,0,0,0,0,0,518.94,1,Grocery,Debit Card,Website,Product not as described,High Value,1114,9,6,3,0,none
ORD502105,CUST500733,TXN502105,DEV806878,ADDR901462,ADDR901462,2024-03-22,2024-03-28,1,0,0,1771.72,0.0,0.0,0.0,1771.72,0.0,0,0,0,0,64,1,1,1,0,0,0,0,0,1449.46,2,Beauty,UPI,Mobile App,Size issue,Budget,681,6,4,2,0,none
ORD502109,CUST500734,TXN502109,DEV803328,ADDR904084,ADDR904084,2024-06-14,2024-06-26,0,0,0,0.0,0.0,0.0,0.0,0.0,0.0,0,0,0,0,999,1,1,1,0,0,0,0,0,2581.17,1,Footwear,EMI,Mobile App,Damaged product,Mass Market,1192,12,8,4,0,none
ORD502110,CUST500734,TXN502110,DEV803328,ADDR904084,ADDR904084,2024-08-10,2024-08-24,1,1,1,2581.17,2541.58,0.5,0.5,2581.17,2541.58,0,0,0,0,71,1,1,1,1,1,1,1,0,5472.55,2,Electronics,UPI,Mobile App,Quality issue,Mass Market,1192,14,11,3,0,none
ORD502115,CUST500735,TXN502115,DEV809882,ADDR906063,ADDR906063,2024-09-07,2024-09-21,4,0,0,4410.66,0.0,0.0,0.0,1102.66,0.0,0,1,0,0,20,2,1,1,0,0,0,0,0,438.28,1,Home,UPI,Mobile App,Size issue,High Value,1038,14,12,2,0,none
ORD502122,CUST500737,TXN502122,DEV808831,ADDR901011,ADDR901011,2024-10-27,2024-11-09,4,0,0,4207.71,0.0,0.0,0.0,1051.93,0.0,0,0,0,0,138,1,2,2,0,0,0,0,0,161.63,1,Home,Debit Card,Mobile App,Quality issue,Mass Market,1108,13,9,4,0,none
ORD502124,CUST500738,TXN502124,DEV803137,ADDR906582,ADDR906582,2024-01-29,2024-02-01,0,0,0,0.0,0.0,0.0,0.0,0.0,0.0,0,0,0,0,999,1,1,1,0,0,0,0,0,3718.31,1,Electronics,Credit Card,Marketplace,Damaged product,Budget,442,3,2,1,1,serial_return_abuse
ORD502125,CUST500738,TXN502125,DEV803137,ADDR906582,ADDR906582,2024-04-09,2024-04-13,1,1,1,3718.31,3117.47,0.5,0.5,3718.31,3117.47,0,0,0,0,75,1,3,3,1,2,1,1,0,1708.34,1,Sports,UPI,Website,Changed mind,Budget,442,4,2,2,1,serial_return_abuse
ORD502131,CUST500740,TXN502131,DEV803320,ADDR902817,ADDR902817,2024-05-25,2024-06-05,2,0,0,1394.27,0.0,0.0,0.0,697.14,0.0,0,0,0,0,56,2,2,2,0,0,0,0,0,544.23,2,Fashion,UPI,Social Commerce,Changed mind,Budget,1473,11,10,1,0,none
ORD502135,CUST500740,TXN502135,DEV803320,ADDR902817,ADDR902817,2024-12-16,2024-12-18,8,1,1,14957.91,522.01,0.1111,0.1111,1869.74,522.01,0,0,0,0,49,2,3,3,1,3,1,1,0,826.68,1,Home,Credit Card,Mobile App,Product not as described,Budget,1473,2,1,1,0,none
ORD502137,CUST500741,TXN502137,DEV802188,ADDR907120,ADDR905341,2024-03-22,2024-03-31,1,1,0,2227.74,0.0,0.5,0.0,2227.74,0.0,0,0,0,0,59,1,1,2,1,1,0,0,1,1361.4,2,Home,Debit Card,Marketplace,Late delivery,High Value,777,9,5,4,1,refund_abuse
ORD502145,CUST500744,TXN502145,DEV806846,ADDR904657,ADDR904657,2024-05-10,2024-05-24,3,0,0,3293.24,0.0,0.0,0.0,1097.75,0.0,0,0,0,0,38,1,1,1,0,0,0,0,0,3267.55,1,Footwear,Debit Card,Mobile App,Changed mind,Mass Market,1478,14,12,2,0,none
ORD502157,CUST500748,TXN502157,DEV804619,ADDR902705,ADDR902705,2024-07-21,2024-08-04,3,1,0,2548.02,0.0,0.25,0.0,849.34,0.0,0,1,0,0,29,1,1,1,1,1,0,0,0,690.15,1,Home,UPI,Mobile App,Wrong product,Mass Market,1686,14,10,4,0,none
ORD502165,CUST500751,TXN502165,DEV805088,ADDR902110,ADDR902110,2024-08-17,2024-08-30,1,0,0,1317.7,0.0,0.0,0.0,1317.7,0.0,0,0,0,0,220,1,1,1,0,0,0,0,0,1296.43,1,Home,UPI,Marketplace,Changed mind,Mass Market,459,13,11,2,0,none
ORD502166,CUST500752,TXN502166,DEV801020,ADDR901788,ADDR901788,2024-08-01,2024-08-12,1,0,0,1891.03,0.0,0.0,0.0,1891.03,0.0,1,1,0,0,4,1,1,1,0,0,0,0,0,150.09,1,Grocery,Wallet,Mobile App,Wrong product,Budget,251,11,7,4,0,none
ORD502174,CUST500754,TXN502174,DEV809946,ADDR907149,ADDR907149,2024-11-19,2024-11-25,5,0,0,8329.95,0.0,0.0,0.0,1665.99,0.0,0,1,0,0,17,1,1,1,0,0,0,0,0,336.94,1,Home,UPI,Mobile App,Size issue,Mass Market,749,6,2,4,0,none
ORD502180,CUST500757,TXN502180,DEV802215,ADDR906600,ADDR906600,2024-12-07,2024-12-20,3,0,0,4821.36,0.0,0.0,0.0,1607.12,0.0,0,0,0,0,52,2,1,1,0,0,0,0,0,367.52,2,Fashion,Net Banking,Mobile App,Damaged product,Budget,244,13,12,1,0,none
ORD502190,CUST500760,TXN502190,DEV808113,ADDR903573,ADDR903573,2024-06-22,2024-07-06,2,0,0,4702.81,0.0,0.0,0.0,2351.4,0.0,0,1,0,0,23,1,1,1,0,0,0,0,0,4983.58,1,Electronics,UPI,Mobile App,Product not as described,Mass Market,367,14,10,4,0,none
ORD502193,CUST500761,TXN502193,DEV804112,ADDR907705,ADDR907705,2024-06-29,2024-07-06,3,0,0,2303.72,0.0,0.0,0.0,767.91,0.0,0,0,0,0,47,1,1,1,0,0,0,0,0,3369.0,1,Footwear,Debit Card,Mobile App,Quality issue,Budget,450,7,4,3,0,none
ORD502196,CUST500762,TXN502196,DEV809849,ADDR905346,ADDR905346,2024-08-01,2024-08-06,2,0,0,2112.8,0.0,0.0,0.0,1056.4,0.0,0,0,0,0,68,1,2,2,0,0,0,0,0,1525.09,2,Footwear,Credit Card,Social Commerce,Quality issue,Mass Market,1524,5,4,1,0,none
ORD502217,CUST500770,TXN502217,DEV807052,ADDR904056,ADDR904056,2024-03-27,2024-03-30,2,0,0,2918.28,0.0,0.0,0.0,1459.14,0.0,0,0,0,0,53,1,2,2,0,0,0,0,0,1341.55,1,Fashion,UPI,Marketplace,Wrong product,Budget,811,3,2,1,0,none
ORD502219,CUST500770,TXN502219,DEV807052,ADDR904056,ADDR904056,2024-06-06,2024-06-14,5,1,1,7364.15,1033.46,0.1667,0.1667,1472.83,1033.46,0,0,0,0,60,1,2,2,1,1,1,1,0,799.74,3,Grocery,Credit Card,Mobile App,Wrong product,Budget,811,8,7,1,0,none
ORD502223,CUST500772,TXN502223,DEV802009,ADDR903476,ADDR903476,2024-09-30,2024-10-08,2,0,0,5107.67,0.0,0.0,0.0,2553.84,0.0,0,0,0,0,65,1,3,3,0,1,0,1,0,1425.31,1,Accessories,Debit Card,Website,Quality issue,Budget,1185,8,6,2,0,none
ORD502249,CUST500781,TXN502249,DEV803422,ADDR905225,ADDR905225,2024-02-24,2024-03-04,0,0,0,0.0,0.0,0.0,0.0,0.0,0.0,0,0,0,0,999,1,1,1,0,0,0,0,0,2381.2,1,Footwear,EMI,Website,Size issue,Premium,443,9,5,4,0,none
ORD502253,CUST500784,TXN502253,DEV809561,ADDR907874,ADDR907874,2024-05-08,2024-05-22,0,0,0,0.0,0.0,0.0,0.0,0.0,0.0,0,0,0,0,999,1,1,1,0,0,0,0,0,709.9,1,Home,UPI,Mobile App,Quality issue,Mass Market,55,14,12,2,0,none
ORD502254,CUST500784,TXN502254,DEV809561,ADDR907874,ADDR907874,2024-06-13,2024-06-27,1,1,1,709.9,620.05,0.5,0.5,709.9,620.05,0,0,0,0,50,1,2,2,1,2,1,1,0,2426.15,1,Fashion,Credit Card,Website,Changed mind,Mass Market,55,14,11,3,0,none
ORD502263,CUST500787,TXN502263,DEV805327,ADDR907275,ADDR903107,2024-10-25,2024-11-01,2,0,0,5331.98,0.0,0.0,0.0,2665.99,0.0,0,0,0,0,151,2,1,1,0,0,0,0,1,762.88,1,Home,UPI,Mobile App,Product not as described,High Value,871,7,3,4,0,none
ORD502271,CUST500789,TXN502271,DEV807581,ADDR901635,ADDR901635,2024-10-19,2024-10-30,4,1,0,4571.61,0.0,0.2,0.0,1142.9,0.0,0,0,0,0,46,1,1,1,1,1,0,0,0,1297.2,1,Beauty,UPI,Mobile App,Changed mind,Budget,324,11,8,3,0,none
ORD502273,CUST500790,TXN502273,DEV804892,ADDR901807,ADDR901807,2024-02-29,2024-03-04,1,0,0,180.24,0.0,0.0,0.0,180.24,0.0,0,1,0,0,22,1,1,1,0,0,0,0,0,1704.09,1,Home,UPI,Website,Quality issue,Budget,708,4,3,1,0,none
ORD502276,CUST500791,TXN502276,DEV807102,ADDR901331,ADDR901331,2024-01-26,2024-02-01,0,0,0,0.0,0.0,0.0,0.0,0.0,0.0,0,0,0,0,999,1,1,1,0,0,0,0,0,3955.19,1,Footwear,UPI,Mobile App,Size issue,Mass Market,580,6,4,2,0,none
ORD502291,CUST500796,TXN502291,DEV807671,ADDR908937,ADDR908937,2024-04-12,2024-04-19,2,0,0,4447.09,0.0,0.0,0.0,2223.54,0.0,0,1,0,0,26,1,1,1,0,0,0,0,0,924.53,1,Beauty,UPI,Mobile App,Damaged product,Mass Market,1717,7,5,2,0,none
ORD502298,CUST500798,TXN502298,DEV809303,ADDR907609,ADDR904588,2024-11-05,2024-11-13,2,0,0,2630.17,0.0,0.0,0.0,1315.08,0.0,0,1,0,0,27,1,1,2,0,0,0,0,1,687.15,1,Footwear,Credit Card,Social Commerce,Late delivery,High Value,667,8,4,4,0,none
ORD502299,CUST500799,TXN502299,DEV801474,ADDR908004,ADDR908004,2024-02-04,2024-02-12,0,0,0,0.0,0.0,0.0,0.0,0.0,0.0,0,0,0,0,999,1,1,1,0,0,0,0,0,6295.5,1,Electronics,UPI,Website,Size issue,Budget,1103,8,5,3,1,coordinated_address_abuse
ORD502303,CUST500800,TXN502303,DEV801944,ADDR905087,ADDR905087,2024-04-21,2024-05-03,0,0,0,0.0,0.0,0.0,0.0,0.0,0.0,0,0,0,0,999,1,1,1,0,0,0,0,0,644.86,1,Accessories,Debit Card,Mobile App,Product not as described,Budget,441,12,10,2,0,none
ORD502305,CUST500800,TXN502305,DEV801944,ADDR905087,ADDR905087,2024-09-30,2024-10-12,3,1,1,3642.82,597.41,0.25,0.25,1214.27,597.41,1,1,0,0,4,1,1,1,1,1,1,1,0,3760.68,1,Electronics,UPI,Marketplace,Wrong product,Budget,441,12,8,4,0,none
ORD502312,CUST500803,TXN502312,DEV809008,ADDR908308,ADDR908308,2024-06-30,2024-07-10,2,0,0,6740.47,0.0,0.0,0.0,3370.23,0.0,0,0,0,0,38,2,1,1,1,0,0,0,0,860.82,1,Beauty,UPI,Mobile App,Size issue,Mass Market,792,10,6,4,0,none
ORD502324,CUST500807,TXN502324,DEV805408,ADDR907709,ADDR907709,2024-04-07,2024-04-20,1,0,0,451.55,0.0,0.0,0.0,451.55,0.0,0,0,0,0,92,1,1,1,0,0,0,0,0,3522.99,1,Footwear,EMI,Website,Product not as described,Mass Market,453,13,9,4,0,none
ORD502327,CUST500809,TXN502327,DEV801138,ADDR904666,ADDR904666,2024-03-31,2024-04-13,2,0,0,3205.35,0.0,0.0,0.0,1602.68,0.0,1,2,0,0,3,2,1,1,0,0,0,0,0,1761.72,2,Footwear,Debit Card,Mobile App,Changed mind,Premium,384,13,9,4,0,none
ORD502337,CUST500811,TXN502337,DEV808520,ADDR905128,ADDR905128,2024-07-13,2024-07-22,2,0,0,1856.31,0.0,0.0,0.0,928.16,0.0,0,0,0,0,44,1,1,1,0,0,0,0,0,585.16,1,Beauty,Net Banking,Mobile App,Damaged product,High Value,744,9,8,1,0,none
ORD502345,CUST500815,TXN502345,DEV805536,ADDR905278,ADDR905278,2024-05-02,2024-05-09,1,0,0,1394.04,0.0,0.0,0.0,1394.04,0.0,0,1,0,0,12,1,2,2,0,0,0,0,0,1078.8,1,Footwear,UPI,Marketplace,Other,Premium,695,7,4,3,0,none
ORD502346,CUST500815,TXN502346,DEV805536,ADDR905278,ADDR905278,2024-09-15,2024-09-21,2,1,1,2472.84,886.63,0.3333,0.3333,1236.42,886.63,0,0,0,0,142,1,2,2,1,2,1,2,0,672.59,2,Grocery,Credit Card,Mobile App,Late delivery,Premium,695,6,5,1,0,none
ORD502348,CUST500816,TXN502348,DEV805895,ADDR904086,ADDR905197,2024-05-11,2024-05-21,0,0,0,0.0,0.0,0.0,0.0,0.0,0.0,0,0,0,0,999,1,1,1,0,0,0,0,1,895.2,1,Beauty,Credit Card,Website,Product not as described,Mass Market,1364,10,9,1,1,refund_abuse
ORD502349,CUST500816,TXN502349,DEV805895,ADDR904086,ADDR904086,2024-05-27,2024-06-04,1,1,1,895.2,745.15,0.5,0.5,895.2,745.15,0,1,1,1,24,1,1,1,1,1,1,1,0,1533.19,1,Accessories,Net Banking,Website,Changed mind,Mass Market,1364,8,4,4,1,refund_abuse
ORD502350,CUST500816,TXN502350,DEV805895,ADDR904086,ADDR904086,2024-08-28,2024-09-02,3,2,2,3815.09,1995.97,0.5,0.5,1271.7,997.98,0,0,0,0,40,1,1,1,2,2,2,2,0,165.7,1,Home,UPI,Mobile App,Damaged product,Mass Market,1364,5,3,2,1,refund_abuse
ORD502365,CUST500821,TXN502365,DEV809759,ADDR908005,ADDR909680,2024-06-16,2024-07-02,2,0,0,4368.9,0.0,0.0,0.0,2184.45,0.0,0,0,0,0,83,1,2,2,0,1,0,1,1,4125.13,1,Sports,Credit Card,Website,Product not as described,Mass Market,1435,16,12,4,1,coordinated_address_abuse
ORD502388,CUST500827,TXN502388,DEV808598,ADDR902929,ADDR902929,2024-10-10,2024-10-16,3,0,0,5266.32,0.0,0.0,0.0,1755.44,0.0,0,0,0,0,102,1,1,1,0,0,0,0,0,154.7,1,Grocery,Credit Card,Social Commerce,Product not as described,Budget,632,6,3,3,0,none
ORD502403,CUST500832,TXN502403,DEV802324,ADDR908988,ADDR908988,2024-10-29,2024-11-08,2,0,0,2084.8,0.0,0.0,0.0,1042.4,0.0,0,1,0,0,10,1,2,2,0,0,0,0,0,833.49,1,Footwear,Debit Card,Website,Damaged product,Budget,399,10,8,2,0,none
ORD502404,CUST500832,TXN502404,DEV802324,ADDR908988,ADDR908988,2024-12-02,2024-12-08,3,1,1,2918.29,746.97,0.25,0.25,972.76,746.97,0,0,1,1,40,1,2,2,1,2,1,1,0,2794.98,2,Sports,Credit Card,Marketplace,Damaged product,Budget,399,6,5,1,0,none
ORD502406,CUST500833,TXN502406,DEV801950,ADDR901077,ADDR901077,2024-08-02,2024-08-11,1,0,0,386.7,0.0,0.0,0.0,386.7,0.0,0,0,0,0,162,1,1,1,0,0,0,0,0,3859.8,1,Sports,Wallet,Website,Changed mind,Budget,671,9,5,4,0,none
ORD502418,CUST500838,TXN502418,DEV806279,ADDR909700,ADDR909700,2024-08-04,2024-08-16,1,0,0,1707.75,0.0,0.0,0.0,1707.75,0.0,0,1,0,0,11,2,1,1,0,0,0,0,0,1923.43,1,Accessories,Credit Card,Website,Wrong product,Budget,58,12,11,1,0,none
ORD502425,CUST500839,TXN502425,DEV805076,ADDR904707,ADDR904707,2024-07-03,2024-07-11,5,0,0,5263.32,0.0,0.0,0.0,1052.66,0.0,0,0,0,0,57,1,1,1,0,0,0,0,0,1954.17,1,Footwear,Wallet,Website,Changed mind,Budget,38,8,6,2,0,none
ORD502428,CUST500840,TXN502428,DEV803112,ADDR902682,ADDR902682,2024-12-06,2024-12-20,3,0,0,2712.56,0.0,0.0,0.0,904.19,0.0,0,0,0,0,275,1,2,2,0,0,0,0,0,4407.1,1,Sports,Debit Card,Mobile App,Changed mind,Mass Market,669,14,11,3,0,none
ORD502438,CUST500844,TXN502438,DEV804087,ADDR903701,ADDR903701,2024-06-16,2024-06-22,1,0,0,1422.37,0.0,0.0,0.0,1422.37,0.0,0,0,0,0,53,2,1,2,0,0,0,0,0,1061.81,2,Home,UPI,Marketplace,Damaged product,Premium,765,6,5,1,0,none
ORD502447,CUST500848,TXN502447,DEV809761,ADDR901796,ADDR901796,2024-11-05,2024-11-11,2,0,0,1844.12,0.0,0.0,0.0,922.06,0.0,0,0,0,0,136,1,1,1,0,0,0,0,0,1921.31,3,Sports,UPI,Mobile App,Damaged product,Budget,553,6,2,4,0,none
ORD502450,CUST500850,TXN502450,DEV808279,ADDR907230,ADDR907230,2024-11-17,2024-11-27,3,0,0,2102.85,0.0,0.0,0.0,700.95,0.0,0,1,0,0,9,2,2,2,1,0,1,0,0,1948.74,1,Home,Credit Card,Website,Changed mind,Budget,883,10,6,4,0,none
ORD502457,CUST500851,TXN502457,DEV803508,ADDR904366,ADDR904366,2024-12-21,2024-12-31,11,0,0,24123.27,0.0,0.0,0.0,2193.02,0.0,0,1,0,0,27,1,1,1,0,0,0,0,0,1954.28,1,Home,Net Banking,Mobile App,Quality issue,Budget,1001,10,8,2,0,none
ORD502459,CUST500852,TXN502459,DEV805933,ADDR907895,ADDR907895,2024-06-02,2024-06-14,1,0,0,549.94,0.0,0.0,0.0,549.94,0.0,0,0,0,0,85,1,1,1,0,0,0,0,0,2257.64,1,Home,Debit Card,Social Commerce,Size issue,Mass Market,49,12,9,3,0,none
ORD502460,CUST500852,TXN502460,DEV805933,ADDR907895,ADDR907895,2024-07-28,2024-08-09,2,1,1,2807.58,2155.38,0.3333,0.3333,1403.79,2155.38,0,0,0,0,68,1,1,1,1,1,1,1,0,3438.21,1,Sports,UPI,Mobile App,Wrong product,Mass Market,49,12,9,3,0,none
ORD502471,CUST500857,TXN502471,DEV803627,ADDR901645,ADDR901645,2024-07-18,2024-08-01,2,0,0,1776.71,0.0,0.0,0.0,888.36,0.0,0,0,0,0,180,3,1,1,1,0,1,0,0,336.49,1,Home,UPI,Mobile App,Size issue,Budget,634,14,10,4,0,none
ORD502472,CUST500857,TXN502472,DEV803627,ADDR901645,ADDR901645,2024-08-10,2024-08-13,3,1,1,2113.2,280.31,0.25,0.25,704.4,280.31,0,1,1,1,26,3,1,1,2,1,2,1,0,1225.99,1,Accessories,Net Banking,Mobile App,Wrong product,Budget,634,3,1,2,0,none
ORD502480,CUST500859,TXN502480,DEV802458,ADDR902809,ADDR902809,2024-10-18,2024-10-27,1,0,0,1056.17,0.0,0.0,0.0,1056.17,0.0,0,0,0,0,45,1,1,1,0,0,0,0,0,3062.48,1,Sports,UPI,Mobile App,Product not as described,Budget,1405,9,8,1,0,none
ORD502486,CUST500863,TXN502486,DEV801646,ADDR905760,ADDR905760,2024-02-03,2024-02-13,0,0,0,0.0,0.0,0.0,0.0,0.0,0.0,0,0,0,0,999,1,1,1,0,0,0,0,0,570.13,1,Grocery,Net Banking,Marketplace,Size issue,Budget,387,10,6,4,1,serial_return_abuse
ORD502488,CUST500863,TXN502488,DEV801646,ADDR905760,ADDR905760,2024-03-06,2024-03-17,2,1,1,1449.05,443.51,0.3333,0.3333,724.52,443.51,0,1,0,1,22,1,1,1,1,1,1,1,0,2505.45,1,Sports,Credit Card,Website,Late delivery,Budget,387,11,9,2,1,serial_return_abuse
ORD502516,CUST500874,TXN502516,DEV807738,ADDR908001,ADDR908001,2024-03-13,2024-03-23,0,0,0,0.0,0.0,0.0,0.0,0.0,0.0,0,0,0,0,999,1,3,2,0,0,0,0,0,1293.04,2,Fashion,Credit Card,Mobile App,Size issue,Mass Market,261,10,8,2,1,coordinated_address_abuse
ORD502522,CUST500875,TXN502522,DEV806148,ADDR901202,ADDR901202,2024-12-29,2025-01-06,4,1,0,5479.06,0.0,0.2,0.0,1369.76,0.0,0,0,0,0,162,1,1,1,1,1,0,0,0,3350.35,1,Electronics,UPI,Mobile App,Damaged product,Budget,1371,8,6,2,0,none
ORD502528,CUST500878,TXN502528,DEV806664,ADDR907305,ADDR907812,2024-11-30,2024-12-04,1,0,0,880.71,0.0,0.0,0.0,880.71,0.0,0,0,0,0,249,1,2,2,0,3,0,1,1,2191.74,2,Home,EMI,Mobile App,Quality issue,Mass Market,1016,4,1,3,0,none
ORD502530,CUST500879,TXN502530,DEV801894,ADDR901190,ADDR901190,2024-03-10,2024-03-16,2,0,0,1540.97,0.0,0.0,0.0,770.48,0.0,0,0,0,0,51,2,1,1,0,0,0,0,0,686.25,1,Beauty,Credit Card,Social Commerce,Quality issue,Budget,1173,6,4,2,0,none
ORD502534,CUST500880,TXN502534,DEV808688,ADDR909123,ADDR909123,2024-03-19,2024-04-01,1,0,0,1489.47,0.0,0.0,0.0,1489.47,0.0,1,1,0,0,2,1,1,2,0,0,0,0,0,342.09,1,Beauty,Debit Card,Mobile App,Product not as described,Mass Market,1065,13,10,3,0,none
ORD502542,CUST500884,TXN502542,DEV808341,ADDR902442,ADDR902442,2024-03-26,2024-03-30,1,0,0,101.83,0.0,0.0,0.0,101.83,0.0,0,0,0,0,86,1,1,1,0,0,0,0,0,423.54,1,Beauty,UPI,Marketplace,Product not as described,Mass Market,1203,4,2,2,0,none
ORD502544,CUST500884,TXN502544,DEV808341,ADDR902442,ADDR902442,2024-04-05,2024-04-14,4,1,1,1581.87,351.16,0.2,0.2,395.47,351.16,0,3,1,1,11,1,1,1,1,1,1,1,0,315.34,2,Fashion,Net Banking,Mobile App,Duplicate order,Mass Market,1203,9,7,2,0,none
ORD502547,CUST500884,TXN502547,DEV808341,ADDR902442,ADDR902442,2024-08-10,2024-08-17,7,2,2,3008.32,650.72,0.25,0.25,429.76,325.36,0,0,0,0,62,1,2,2,2,2,2,2,0,612.87,1,Beauty,Credit Card,Mobile App,Size issue,Mass Market,1203,7,6,1,0,none
ORD502550,CUST500885,TXN502550,DEV802944,ADDR909148,ADDR909148,2024-07-20,2024-08-04,3,0,0,4248.27,0.0,0.0,0.0,1416.09,0.0,0,0,0,0,38,1,2,2,0,0,0,0,0,1359.01,1,Electronics,Credit Card,Social Commerce,Late delivery,High Value,677,15,11,4,0,none
ORD502552,CUST500886,TXN502552,DEV807609,ADDR907755,ADDR907755,2024-02-17,2024-02-22,1,0,0,432.17,0.0,0.0,0.0,432.17,0.0,0,0,0,0,52,3,1,1,0,0,0,0,0,455.83,2,Beauty,Debit Card,Marketplace,Changed mind,Mass Market,240,5,1,4,0,none
ORD502553,CUST500886,TXN502553,DEV807609,ADDR907755,ADDR907755,2024-05-15,2024-05-20,3,1,1,2703.52,353.67,0.25,0.25,901.17,353.67,0,0,0,0,51,3,1,1,1,1,1,1,0,1212.05,1,Home,Net Banking,Website,Late delivery,Mass Market,240,5,4,1,0,none
ORD502554,CUST500886,TXN502554,DEV807609,ADDR907755,ADDR907755,2024-10-20,2024-10-30,6,2,2,6676.89,1341.35,0.2857,0.2857,1112.82,670.68,0,0,0,0,58,3,2,2,2,3,2,3,0,471.86,1,Fashion,Debit Card,Website,Damaged product,Mass Market,240,10,7,3,0,none
ORD502566,CUST500891,TXN502566,DEV804633,ADDR901035,ADDR901035,2024-02-09,2024-02-16,0,0,0,0.0,0.0,0.0,0.0,0.0,0.0,0,0,0,0,999,1,2,2,0,0,0,0,0,457.32,3,Sports,Net Banking,Mobile App,Product not as described,Mass Market,229,7,6,1,0,none
ORD502574,CUST500894,TXN502574,DEV807704,ADDR902752,ADDR902752,2024-06-10,2024-06-18,1,0,0,2532.92,0.0,0.0,0.0,2532.92,0.0,0,0,0,0,100,1,1,1,0,0,0,0,0,541.79,1,Accessories,UPI,Marketplace,Size issue,Mass Market,1498,8,5,3,0,none
ORD502578,CUST500897,TXN502578,DEV803018,ADDR908381,ADDR908381,2024-10-25,2024-10-28,1,0,0,1671.86,0.0,0.0,0.0,1671.86,0.0,0,0,0,0,72,1,2,2,0,0,0,0,0,349.91,1,Home,UPI,Marketplace,Quality issue,Budget,125,3,1,2,0,none
ORD502580,CUST500898,TXN502580,DEV803205,ADDR908006,ADDR905987,2024-10-22,2024-10-28,2,0,0,4255.02,0.0,0.0,0.0,2127.51,0.0,0,0,0,0,159,1,3,1,0,1,0,1,1,1805.83,2,Fashion,Credit Card,Mobile App,Changed mind,Mass Market,1062,6,2,4,1,coordinated_address_abuse
ORD502583,CUST500900,TXN502583,DEV803845,ADDR903103,ADDR903103,2024-11-02,2024-11-08,1,0,0,348.22,0.0,0.0,0.0,348.22,0.0,0,0,0,0,130,1,1,1,0,0,0,0,0,856.44,1,Beauty,Debit Card,Social Commerce,Quality issue,Premium,392,6,4,2,0,none
ORD502599,CUST500906,TXN502599,DEV805760,ADDR906657,ADDR906657,2024-07-31,2024-08-03,2,0,0,6086.0,0.0,0.0,0.0,3043.0,0.0,0,0,0,0,73,1,1,1,0,0,0,0,0,4173.77,1,Sports,Credit Card,Marketplace,Damaged product,Budget,1493,3,2,1,0,none
ORD502601,CUST500907,TXN502601,DEV803913,ADDR909255,ADDR901803,2024-01-10,2024-01-18,0,0,0,0.0,0.0,0.0,0.0,0.0,0.0,0,0,0,0,999,1,1,1,0,0,0,0,1,5541.71,2,Electronics,UPI,Mobile App,Size issue,Premium,1484,8,5,3,0,none
ORD502631,CUST500919,TXN502631,DEV807025,ADDR909955,ADDR909955,2024-12-14,2024-12-19,4,0,0,3190.37,0.0,0.0,0.0,797.59,0.0,0,1,0,0,22,1,2,2,0,0,0,0,0,2768.0,1,Electronics,Credit Card,Mobile App,Quality issue,Premium,1483,5,1,4,0,none
ORD502635,CUST500920,TXN502635,DEV804170,ADDR905819,ADDR905819,2024-10-23,2024-10-29,6,0,0,10684.94,0.0,0.0,0.0,1780.82,0.0,0,0,0,0,80,1,3,3,0,1,0,1,0,1450.25,3,Home,Wallet,Mobile App,Size issue,Mass Market,1619,6,3,3,0,none
ORD502643,CUST500924,TXN502643,DEV803536,ADDR901654,ADDR909417,2024-03-25,2024-03-28,0,0,0,0.0,0.0,0.0,0.0,0.0,0.0,0,0,0,0,999,1,1,1,0,0,0,0,1,347.82,2,Grocery,UPI,Website,Changed mind,Budget,1483,3,1,2,0,none
ORD502648,CUST500925,TXN502648,DEV801833,ADDR905934,ADDR905934,2024-08-14,2024-08-20,3,0,0,8218.55,0.0,0.0,0.0,2739.52,0.0,0,0,0,0,45,1,1,1,0,0,0,0,0,2398.74,1,Footwear,Wallet,Mobile App,Damaged product,Budget,1252,6,2,4,0,none
ORD502649,CUST500926,TXN502649,DEV806866,ADDR902194,ADDR902194,2024-04-19,2024-04-30,1,0,0,1423.01,0.0,0.0,0.0,1423.01,0.0,0,1,0,0,11,1,1,1,0,0,0,0,0,525.25,2,Fashion,UPI,Website,Product not as described,Mass Market,1156,11,9,2,0,none
ORD502650,CUST500926,TXN502650,DEV806866,ADDR902194,ADDR902194,2024-04-19,2024-05-04,2,1,0,3078.51,0.0,0.3333,0.0,1539.26,0.0,1,2,1,0,4,1,1,1,1,1,0,0,0,1423.01,1,Fashion,Credit Card,Mobile App,Changed mind,Mass Market,1156,15,11,4,0,none
ORD502651,CUST500926,TXN502651,DEV806866,ADDR902194,ADDR902194,2024-04-30,2024-05-06,2,2,1,1948.26,395.98,0.6667,0.3333,974.13,395.98,0,2,2,1,17,1,1,1,2,2,1,1,0,2553.26,2,Fashion,UPI,Marketplace,Changed mind,Mass Market,1156,6,5,1,0,none
ORD502667,CUST500933,TXN502667,DEV804994,ADDR901653,ADDR901653,2024-08-07,2024-08-15,3,0,0,5797.95,0.0,0.0,0.0,1932.65,0.0,1,1,0,0,6,2,2,2,1,0,1,0,0,1059.62,3,Footwear,Credit Card,Mobile App,Product not as described,Mass Market,522,8,6,2,0,none
ORD502689,CUST500941,TXN502689,DEV808523,ADDR906434,ADDR906434,2024-07-14,2024-07-20,0,0,0,0.0,0.0,0.0,0.0,0.0,0.0,0,0,0,0,999,1,1,1,0,0,0,0,0,1957.87,1,Footwear,Net Banking,Mobile App,Product not as described,Mass Market,78,6,4,2,0,none
ORD502703,CUST500944,TXN502703,DEV807626,ADDR908094,ADDR908094,2024-09-28,2024-10-10,5,0,0,6480.27,0.0,0.0,0.0,1296.05,0.0,0,1,0,0,14,2,1,1,0,0,0,0,0,1018.29,1,Home,UPI,Mobile App,Product not as described,Mass Market,1320,12,8,4,0,none
ORD502712,CUST500947,TXN502712,DEV809238,ADDR902738,ADDR902738,2024-09-06,2024-09-19,5,0,0,12721.33,0.0,0.0,0.0,2544.27,0.0,0,0,0,0,97,1,1,1,0,0,0,0,0,1206.52,1,Home,UPI,Website,Changed mind,Mass Market,762,13,9,4,0,none
ORD502713,CUST500947,TXN502713,DEV809238,ADDR902738,ADDR902738,2024-10-03,2024-10-17,6,1,1,13927.85,1120.55,0.1429,0.1429,2321.31,1120.55,0,0,1,1,41,1,1,2,1,1,1,1,0,290.41,1,Grocery,UPI,Mobile App,Product not as described,Mass Market,762,14,10,4,0,none
ORD502714,CUST500947,TXN502714,DEV809238,ADDR902738,ADDR902738,2024-11-19,2024-11-26,8,2,2,14716.83,1363.26,0.2222,0.2222,1839.6,681.63,1,1,0,0,5,1,1,2,2,2,2,2,0,892.82,1,Home,Net Banking,Mobile App,Product not as described,Mass Market,762,7,3,4,0,none
ORD502727,CUST500953,TXN502727,DEV803019,ADDR901684,ADDR907737,2024-03-12,2024-03-24,0,0,0,0.0,0.0,0.0,0.0,0.0,0.0,0,0,0,0,999,1,2,1,0,0,0,0,1,508.71,1,Sports,UPI,Website,Changed mind,Mass Market,319,12,9,3,1,refund_abuse
ORD502729,CUST500953,TXN502729,DEV803019,ADDR901684,ADDR902621,2024-07-30,2024-08-06,2,1,1,2362.48,425.2,0.3333,0.3333,1181.24,425.2,0,0,0,0,45,1,2,2,1,1,1,1,1,2411.31,3,Home,Debit Card,Marketplace,Damaged product,Mass Market,319,7,5,2,1,refund_abuse
ORD502730,CUST500953,TXN502730,DEV803019,ADDR901684,ADDR901684,2024-08-08,2024-08-21,3,2,2,4773.79,2597.25,0.5,0.5,1591.26,1298.62,0,1,1,1,22,1,2,2,2,2,2,2,0,970.17,1,Accessories,Debit Card,Mobile App,Quality issue,Mass Market,319,13,11,2,1,refund_abuse
ORD502733,CUST500954,TXN502733,DEV809800,ADDR909970,ADDR909970,2024-08-29,2024-09-05,3,0,0,7751.55,0.0,0.0,0.0,2583.85,0.0,0,0,0,0,97,1,1,1,0,0,0,0,0,3941.88,1,Footwear,UPI,Website,Quality issue,Budget,837,7,3,4,0,none
ORD502745,CUST500958,TXN502745,DEV801891,ADDR909992,ADDR909992,2024-04-24,2024-05-03,0,0,0,0.0,0.0,0.0,0.0,0.0,0.0,0,0,0,0,999,1,1,1,0,0,0,0,0,2172.59,1,Sports,Credit Card,Website,Damaged product,Budget,1667,9,7,2,0,none
ORD502752,CUST500960,TXN502752,DEV808982,ADDR906420,ADDR906420,2024-09-19,2024-10-05,2,0,0,3648.35,0.0,0.0,0.0,1824.18,0.0,0,0,0,0,112,1,1,1,0,0,0,0,0,645.27,2,Accessories,Credit Card,Mobile App,Wrong product,Budget,1516,16,12,4,0,none
ORD502756,CUST500962,TXN502756,DEV806206,ADDR908960,ADDR908960,2024-10-30,2024-11-11,6,0,0,6403.16,0.0,0.0,0.0,1067.19,0.0,0,1,0,0,26,1,1,1,0,0,0,0,0,2164.48,2,Sports,Debit Card,Mobile App,Size issue,Budget,426,12,11,1,0,none
ORD502764,CUST500964,TXN502764,DEV806182,ADDR908017,ADDR908017,2024-05-03,2024-05-14,4,0,0,10871.21,0.0,0.0,0.0,2717.8,0.0,0,1,0,0,10,1,2,2,0,0,0,0,0,1116.32,2,Sports,UPI,Website,Size issue,Mass Market,1684,11,7,4,0,none
ORD502766,CUST500965,TXN502766,DEV804629,ADDR908145,ADDR908145,2024-06-18,2024-06-26,0,0,0,0.0,0.0,0.0,0.0,0.0,0.0,0,0,0,0,999,1,1,1,0,0,0,0,0,1026.82,1,Fashion,Debit Card,Website,Size issue,Budget,534,8,4,4,1,policy_exploitation
ORD502801,CUST500975,TXN502801,DEV807500,ADDR906961,ADDR906961,2024-12-11,2024-12-17,3,0,0,3913.52,0.0,0.0,0.0,1304.51,0.0,0,0,0,0,73,1,1,1,0,0,0,0,0,1604.99,1,Accessories,Net Banking,Mobile App,Size issue,Mass Market,215,6,3,3,0,none
ORD502803,CUST500976,TXN502803,DEV803717,ADDR909423,ADDR909423,2024-10-13,2024-10-23,1,0,0,765.76,0.0,0.0,0.0,765.76,0.0,0,0,0,0,171,1,2,2,0,0,0,0,0,92.15,1,Grocery,Credit Card,Marketplace,Product not as described,Mass Market,519,10,7,3,0,none
ORD502808,CUST500978,TXN502808,DEV809000,ADDR909000,ADDR909000,2024-10-06,2024-10-15,1,0,0,2128.87,0.0,0.0,0.0,2128.87,0.0,0,1,0,0,18,3,3,3,2,2,2,2,0,5794.81,1,Electronics,UPI,Website,Quality issue,Premium,478,9,7,2,1,account_multiplication
ORD502812,CUST500979,TXN502812,DEV801701,ADDR904387,ADDR904387,2024-09-10,2024-09-16,3,0,0,5268.86,0.0,0.0,0.0,1756.29,0.0,0,0,0,0,46,2,1,1,1,0,1,0,0,953.33,1,Footwear,Credit Card,Social Commerce,Damaged product,Budget,509,6,2,4,0,none
ORD502813,CUST500979,TXN502813,DEV801701,ADDR904387,ADDR904387,2024-10-13,2024-10-17,4,1,1,6222.19,753.01,0.2,0.2,1555.55,753.01,0,0,0,1,37,2,1,1,2,1,2,1,0,388.96,1,Grocery,UPI,Mobile App,Quality issue,Budget,509,4,2,2,0,none
ORD502814,CUST500980,TXN502814,DEV807358,ADDR908695,ADDR905287,2024-03-12,2024-03-20,0,0,0,0.0,0.0,0.0,0.0,0.0,0.0,0,0,0,0,999,1,1,1,0,0,0,0,1,5724.61,1,Electronics,Debit Card,Mobile App,Size issue,Mass Market,769,8,6,2,0,none
ORD502823,CUST500983,TXN502823,DEV807171,ADDR907201,ADDR907201,2024-04-23,2024-05-03,3,1,0,1287.55,0.0,0.25,0.0,429.18,0.0,0,1,0,0,18,2,1,1,1,1,0,0,0,2292.19,1,Sports,Debit Card,Website,Changed mind,Mass Market,386,10,9,1,0,none
ORD502825,CUST500984,TXN502825,DEV802275,ADDR909465,ADDR909465,2024-07-08,2024-07-20,0,0,0,0.0,0.0,0.0,0.0,0.0,0.0,0,0,0,0,999,1,1,1,0,0,0,0,0,2421.2,1,Sports,Debit Card,Mobile App,Size issue,Budget,1741,12,9,3,0,none
ORD502826,CUST500984,TXN502826,DEV802275,ADDR909465,ADDR909465,2024-11-20,2024-12-01,2,1,1,3948.12,1945.2,0.3333,0.3333,1974.06,1945.2,0,0,0,0,64,1,1,1,1,1,1,1,0,556.29,3,Fashion,UPI,Website,Size issue,Budget,1741,11,10,1,0,none
ORD502828,CUST500986,TXN502828,DEV808976,ADDR908898,ADDR908898,2024-03-15,2024-03-22,0,0,0,0.0,0.0,0.0,0.0,0.0,0.0,0,0,0,0,999,1,1,1,0,0,0,0,0,3968.93,1,Footwear,Debit Card,Mobile App,Wrong product,Budget,736,7,3,4,1,policy_exploitation
ORD502829,CUST500986,TXN502829,DEV808976,ADDR908898,ADDR908898,2024-12-04,2024-12-11,2,1,0,5850.49,0.0,0.3333,0.0,2925.24,0.0,1,1,0,0,1,1,1,1,1,1,0,0,0,252.63,1,Accessories,UPI,Marketplace,Size issue,Budget,736,7,5,2,1,policy_exploitation
ORD502832,CUST500987,TXN502832,DEV803276,ADDR908207,ADDR908207,2024-01-26,2024-02-06,1,0,0,1546.29,0.0,0.0,0.0,1546.29,0.0,0,1,0,0,27,1,1,1,0,0,0,0,0,1051.58,1,Footwear,UPI,Marketplace,Size issue,High Value,1057,11,9,2,0,none
ORD502850,CUST500992,TXN502850,DEV803639,ADDR903207,ADDR903207,2024-11-07,2024-11-17,2,0,0,2072.01,0.0,0.0,0.0,1036.0,0.0,0,1,0,0,15,1,1,1,0,0,0,0,0,3153.76,3,Sports,Wallet,Mobile App,Changed mind,Budget,291,10,8,2,0,none
ORD502851,CUST500993,TXN502851,DEV803406,ADDR901916,ADDR901916,2024-02-13,2024-02-22,0,0,0,0.0,0.0,0.0,0.0,0.0,0.0,0,0,0,0,999,1,1,1,0,0,0,0,0,81.72,1,Grocery,Debit Card,Mobile App,Size issue,Mass Market,1202,9,5,4,0,none
ORD502852,CUST500993,TXN502852,DEV803406,ADDR901916,ADDR901916,2024-11-20,2024-11-29,3,1,1,2968.58,66.4,0.25,0.25,989.53,66.4,1,1,0,0,5,1,1,1,1,1,1,1,0,747.5,1,Beauty,UPI,Social Commerce,Wrong product,Mass Market,1202,9,6,3,0,none
ORD502859,CUST500996,TXN502859,DEV808723,ADDR908891,ADDR908891,2024-04-15,2024-04-29,0,0,0,0.0,0.0,0.0,0.0,0.0,0.0,0,0,0,0,999,1,2,2,0,0,0,0,0,2862.18,1,Footwear,Wallet,Website,Size issue,Premium,949,14,10,4,0,none
ORD502861,CUST500997,TXN502861,DEV803338,ADDR903979,ADDR903979,2024-02-11,2024-02-19,0,0,0,0.0,0.0,0.0,0.0,0.0,0.0,0,0,0,0,999,1,1,1,0,0,0,0,0,2113.31,1,Footwear,UPI,Mobile App,Late delivery,Budget,871,8,4,4,0,none
ORD502864,CUST500998,TXN502864,DEV803747,ADDR906614,ADDR906614,2024-01-07,2024-01-16,0,0,0,0.0,0.0,0.0,0.0,0.0,0.0,0,0,0,0,999,1,1,1,0,0,0,0,0,1350.62,1,Home,EMI,Mobile App,Product not as described,Mass Market,571,9,6,3,0,none
ORD502872,CUST501000,TXN502872,DEV801271,ADDR904315,ADDR904315,2024-08-17,2024-08-28,0,0,0,0.0,0.0,0.0,0.0,0.0,0.0,0,0,0,0,999,1,1,1,0,0,0,0,0,717.5,1,Grocery,UPI,Marketplace,Other,Budget,252,11,7,4,0,none
ORD502877,CUST501002,TXN502877,DEV801639,ADDR909706,ADDR909706,2024-01-20,2024-02-01,0,0,0,0.0,0.0,0.0,0.0,0.0,0.0,0,0,0,0,999,1,1,1,0,0,0,0,0,782.95,1,Footwear,UPI,Mobile App,Damaged product,Mass Market,1004,12,8,4,0,none
ORD502878,CUST501002,TXN502878,DEV801639,ADDR909706,ADDR909706,2024-03-26,2024-04-06,1,1,1,782.95,765.95,0.5,0.5,782.95,765.95,0,0,0,0,77,1,1,1,1,1,1,1,0,4812.03,3,Electronics,Credit Card,Mobile App,Duplicate order,Mass Market,1004,11,9,2,0,none
ORD502897,CUST501009,TXN502897,DEV807695,ADDR905223,ADDR905223,2024-09-06,2024-09-17,1,0,0,3669.31,0.0,0.0,0.0,3669.31,0.0,0,0,0,0,66,1,1,1,0,0,0,0,0,514.43,1,Accessories,Credit Card,Mobile App,Changed mind,Budget,1143,11,10,1,0,none
ORD502899,CUST501010,TXN502899,DEV801116,ADDR909561,ADDR909561,2024-06-01,2024-06-13,1,0,0,883.74,0.0,0.0,0.0,883.74,0.0,0,1,0,0,22,1,1,1,0,0,0,0,0,1045.13,1,Beauty,UPI,Website,Quality issue,Budget,1552,12,8,4,0,none
ORD502901,CUST501011,TXN502901,DEV804365,ADDR906175,ADDR906175,2024-04-05,2024-04-19,0,0,0,0.0,0.0,0.0,0.0,0.0,0.0,0,0,0,0,999,1,1,1,0,0,0,0,0,201.26,1,Accessories,UPI,Mobile App,Changed mind,Budget,798,14,10,4,0,none
ORD502906,CUST501013,TXN502906,DEV806990,ADDR905514,ADDR905514,2024-07-20,2024-07-23,1,0,0,228.79,0.0,0.0,0.0,228.79,0.0,0,0,0,0,49,1,1,1,0,0,0,0,0,116.5,2,Grocery,Net Banking,Marketplace,Late delivery,Budget,897,3,1,2,0,none
ORD502908,CUST501013,TXN502908,DEV806990,ADDR905514,ADDR905514,2024-11-09,2024-11-23,3,1,1,683.29,96.2,0.25,0.25,227.76,96.2,0,0,0,0,83,1,1,1,1,1,1,1,0,651.81,1,Beauty,Wallet,Mobile App,Quality issue,Budget,897,14,11,3,0,none
ORD502911,CUST501014,TXN502911,DEV804337,ADDR907770,ADDR907770,2024-01-20,2024-01-27,1,0,0,2872.21,0.0,0.0,0.0,2872.21,0.0,1,1,0,0,6,1,1,1,0,0,0,0,0,4066.77,2,Electronics,UPI,Marketplace,Wrong product,Premium,1576,7,5,2,0,none
ORD502934,CUST501022,TXN502934,DEV801618,ADDR907296,ADDR907296,2024-10-16,2024-10-23,3,1,0,5759.67,0.0,0.25,0.0,1919.89,0.0,0,0,0,0,50,2,1,1,1,1,0,0,0,777.69,1,Accessories,UPI,Marketplace,Wrong product,Budget,193,7,6,1,0,none
ORD502939,CUST501023,TXN502939,DEV809536,ADDR905693,ADDR905693,2024-04-07,2024-04-22,3,1,0,7896.43,0.0,0.25,0.0,2632.14,0.0,0,1,0,0,27,1,1,1,1,1,0,0,0,6445.17,1,Electronics,Credit Card,Mobile App,Damaged product,Premium,1287,15,12,3,0,none
ORD502943,CUST501024,TXN502943,DEV803871,ADDR909099,ADDR909099,2024-06-02,2024-06-11,0,0,0,0.0,0.0,0.0,0.0,0.0,0.0,0,0,0,0,999,1,1,1,0,0,0,0,0,844.94,1,Grocery,UPI,Mobile App,Late delivery,Mass Market,147,9,8,1,0,none
ORD502947,CUST501026,TXN502947,DEV809364,ADDR909451,ADDR909451,2024-12-01,2024-12-12,3,0,0,6509.23,0.0,0.0,0.0,2169.74,0.0,0,0,0,0,100,1,1,1,0,0,0,0,0,2941.23,2,Sports,Wallet,Marketplace,Damaged product,Budget,1257,11,10,1,0,none
ORD502948,CUST501027,TXN502948,DEV801590,ADDR906893,ADDR906893,2024-03-24,2024-04-06,0,0,0,0.0,0.0,0.0,0.0,0.0,0.0,0,0,0,0,999,1,1,1,0,0,0,0,0,1179.28,1,Beauty,UPI,Marketplace,Damaged product,Mass Market,377,13,10,3,0,none
ORD502950,CUST501027,TXN502950,DEV801590,ADDR906893,ADDR906893,2024-06-10,2024-06-15,2,1,1,2252.01,885.09,0.3333,0.3333,1126.01,885.09,0,1,0,0,22,1,1,1,1,1,1,1,0,814.7,2,Grocery,UPI,Mobile App,Wrong product,Mass Market,377,5,3,2,0,none
ORD502961,CUST501029,TXN502961,DEV807474,ADDR907642,ADDR907642,2024-08-07,2024-08-14,6,0,0,6600.81,0.0,0.0,0.0,1100.14,0.0,0,0,0,0,38,1,2,2,0,0,0,0,0,2542.0,3,Electronics,UPI,Website,Quality issue,High Value,1401,7,5,2,0,none
ORD502962,CUST501030,TXN502962,DEV802124,ADDR902477,ADDR902477,2024-11-22,2024-12-06,0,0,0,0.0,0.0,0.0,0.0,0.0,0.0,0,0,0,0,999,2,1,1,1,0,0,0,0,3168.47,1,Sports,UPI,Marketplace,Damaged product,Mass Market,61,14,11,3,0,none
ORD502965,CUST501031,TXN502965,DEV806703,ADDR906693,ADDR906693,2024-09-17,2024-09-30,3,1,0,2134.38,0.0,0.25,0.0,711.46,0.0,0,1,0,0,30,1,1,1,1,1,0,0,0,498.12,1,Beauty,Wallet,Mobile App,Quality issue,Mass Market,1729,13,9,4,0,none
ORD502970,CUST501035,TXN502970,DEV809409,ADDR905222,ADDR905222,2024-07-24,2024-07-27,0,0,0,0.0,0.0,0.0,0.0,0.0,0.0,0,0,0,0,999,1,1,1,0,0,0,0,0,540.24,1,Grocery,Debit Card,Mobile App,Changed mind,Budget,1674,3,2,1,0,none
ORD502978,CUST501038,TXN502978,DEV808548,ADDR901448,ADDR901448,2024-08-05,2024-08-14,4,1,0,5579.65,0.0,0.2,0.0,1394.91,0.0,0,0,0,0,68,3,1,1,2,1,0,0,0,5978.62,1,Electronics,Credit Card,Mobile App,Changed mind,Premium,1425,9,8,1,0,none
ORD502980,CUST501039,TXN502980,DEV807269,ADDR904610,ADDR904610,2024-02-19,2024-03-01,0,0,0,0.0,0.0,0.0,0.0,0.0,0.0,0,0,0,0,999,1,1,1,0,0,0,0,0,2612.36,1,Sports,UPI,Website,Product not as described,Mass Market,168,11,7,4,0,none
ORD502982,CUST501039,TXN502982,DEV807269,ADDR904610,ADDR905053,2024-07-18,2024-07-25,2,1,0,5420.11,0.0,0.3333,0.0,2710.06,0.0,0,0,0,0,73,1,1,1,1,1,0,0,1,2713.36,1,Sports,Net Banking,Marketplace,Late delivery,Mass Market,168,7,6,1,0,none
ORD502989,CUST501041,TXN502989,DEV801159,ADDR905314,ADDR905314,2024-10-03,2024-10-18,2,0,0,3928.42,0.0,0.0,0.0,1964.21,0.0,0,0,0,0,42,1,2,2,0,1,0,0,0,5813.66,1,Electronics,Credit Card,Mobile App,Size issue,Premium,1127,15,11,4,0,none
ORD502991,CUST501041,TXN502991,DEV801159,ADDR905314,ADDR905314,2024-12-01,2024-12-07,4,1,1,10280.67,5785.62,0.2,0.2,2570.17,5785.62,0,1,0,0,11,1,2,2,1,2,1,1,0,2076.51,2,Electronics,Wallet,Mobile App,Changed mind,Premium,1127,6,5,1,0,none
ORD502993,CUST501042,TXN502993,DEV806603,ADDR902245,ADDR902245,2024-10-22,2024-11-03,1,0,0,1139.09,0.0,0.0,0.0,1139.09,0.0,0,0,0,0,285,2,1,2,0,0,0,0,0,2470.13,2,Home,Credit Card,Website,Changed mind,Budget,847,12,8,4,1,policy_exploitation
ORD502996,CUST501043,TXN502996,DEV806142,ADDR906792,ADDR906792,2024-12-02,2024-12-12,2,0,0,3581.42,0.0,0.0,0.0,1790.71,0.0,0,0,0,0,31,1,1,2,0,0,0,0,0,792.02,1,Home,Debit Card,Social Commerce,Size issue,Mass Market,1005,10,6,4,0,none
ORD503005,CUST501046,TXN503005,DEV805091,ADDR906833,ADDR906833,2024-09-18,2024-09-23,1,0,0,1767.4,0.0,0.0,0.0,1767.4,0.0,0,1,0,0,24,1,2,3,0,1,0,1,0,1945.48,1,Footwear,UPI,Mobile App,Product not as described,Budget,1739,5,2,3,0,none
ORD503008,CUST501048,TXN503008,DEV809871,ADDR901692,ADDR901692,2024-11-11,2024-11-14,2,0,0,2331.76,0.0,0.0,0.0,1165.88,0.0,0,0,0,0,60,1,1,1,0,0,0,0,0,828.71,1,Home,Debit Card,Marketplace,Damaged product,Mass Market,1785,3,2,1,0,none
ORD503013,CUST501049,TXN503013,DEV806167,ADDR909066,ADDR909066,2024-07-31,2024-08-09,3,0,0,3864.36,0.0,0.0,0.0,1288.12,0.0,0,0,0,0,83,1,1,1,0,0,0,0,0,1690.73,1,Accessories,Debit Card,Mobile App,Size issue,High Value,1301,9,7,2,0,none
ORD503018,CUST501051,TXN503018,DEV805591,ADDR907518,ADDR907518,2024-04-16,2024-04-22,1,0,0,1948.35,0.0,0.0,0.0,1948.35,0.0,0,0,0,0,99,1,1,1,0,0,0,0,0,5953.45,1,Electronics,UPI,Marketplace,Size issue,Budget,1076,6,4,2,0,none
ORD503031,CUST501055,TXN503031,DEV808537,ADDR906171,ADDR906171,2024-08-23,2024-08-28,2,0,0,1681.22,0.0,0.0,0.0,840.61,0.0,0,0,0,0,137,1,1,1,0,0,0,0,0,2042.92,1,Fashion,Wallet,Marketplace,Size issue,Premium,1091,5,3,2,0,none
ORD503037,CUST501057,TXN503037,DEV809004,ADDR909004,ADDR909004,2024-11-05,2024-11-14,2,0,0,2012.55,0.0,0.0,0.0,1006.28,0.0,0,0,0,0,49,3,5,5,4,4,3,3,0,569.91,2,Beauty,Debit Card,Social Commerce,Wrong product,Mass Market,770,9,5,4,1,account_multiplication
ORD503038,CUST501058,TXN503038,DEV808722,ADDR906621,ADDR906621,2024-10-02,2024-10-11,2,0,0,4036.91,0.0,0.0,0.0,2018.46,0.0,0,1,0,0,16,1,1,1,0,0,0,0,0,970.91,2,Accessories,UPI,Mobile App,Size issue,Mass Market,581,9,8,1,0,none
ORD503042,CUST501060,TXN503042,DEV807563,ADDR905581,ADDR905581,2024-02-12,2024-02-24,0,0,0,0.0,0.0,0.0,0.0,0.0,0.0,0,0,0,0,999,1,1,1,0,0,0,0,0,1000.56,1,Sports,UPI,Social Commerce,Wrong product,Mass Market,777,12,10,2,0,none
ORD503043,CUST501060,TXN503043,DEV807563,ADDR905581,ADDR905581,2024-04-10,2024-04-23,3,1,0,3737.55,0.0,0.25,0.0,1245.85,0.0,0,1,0,0,14,1,2,2,1,2,0,1,0,2669.11,1,Fashion,EMI,Mobile App,Other,Mass Market,777,13,10,3,0,none
ORD503044,CUST501060,TXN503044,DEV807563,ADDR905581,ADDR905581,2024-09-13,2024-09-26,4,2,1,6406.66,2452.48,0.4,0.2,1601.67,2452.48,0,0,0,0,169,1,2,2,2,4,1,3,0,905.39,1,Beauty,Net Banking,Website,Product not as described,Mass Market,777,13,10,3,0,none
ORD503049,CUST501061,TXN503049,DEV804744,ADDR902636,ADDR902636,2024-10-10,2024-10-25,6,0,0,10432.49,0.0,0.0,0.0,1738.75,0.0,0,1,0,0,11,1,1,1,0,0,0,0,0,964.8,1,Sports,UPI,Mobile App,Damaged product,Mass Market,298,15,11,4,1,serial_return_abuse
ORD503050,CUST501062,TXN503050,DEV808081,ADDR907240,ADDR907240,2024-01-01,2024-01-08,0,0,0,0.0,0.0,0.0,0.0,0.0,0.0,0,0,0,0,999,1,1,1,0,0,0,0,0,3662.11,1,Sports,Debit Card,Marketplace,Changed mind,Mass Market,512,7,6,1,0,none
ORD503055,CUST501062,TXN503055,DEV808081,ADDR907240,ADDR907240,2024-12-12,2024-12-26,5,1,1,8141.49,2877.35,0.1667,0.1667,1628.3,2877.35,0,1,0,0,22,1,1,1,1,1,1,1,0,1003.24,1,Footwear,Debit Card,Mobile App,Changed mind,Mass Market,512,14,12,2,0,none
ORD503060,CUST501065,TXN503060,DEV809470,ADDR909748,ADDR908510,2024-01-16,2024-01-23,0,0,0,0.0,0.0,0.0,0.0,0.0,0.0,0,0,0,0,999,1,1,1,0,0,0,0,1,122.79,3,Beauty,UPI,Marketplace,Product not as described,Premium,1321,7,5,2,0,none
ORD503062,CUST501065,TXN503062,DEV809470,ADDR909748,ADDR909748,2024-05-25,2024-06-07,3,2,1,5181.83,103.46,0.5,0.25,1727.28,103.46,1,1,0,0,5,1,1,1,2,2,1,1,0,729.26,1,Footwear,UPI,Mobile App,Size issue,Premium,1321,13,12,1,0,none
ORD503065,CUST501066,TXN503065,DEV805915,ADDR905111,ADDR905111,2024-01-06,2024-01-10,0,0,0,0.0,0.0,0.0,0.0,0.0,0.0,0,0,0,0,999,1,1,1,0,0,0,0,0,1727.99,1,Sports,Debit Card,Website,Changed mind,Mass Market,1026,4,3,1,0,none
ORD503066,CUST501066,TXN503066,DEV805915,ADDR905111,ADDR905111,2024-04-05,2024-04-13,1,1,1,1727.99,1434.61,0.5,0.5,1727.99,1434.61,0,0,0,0,98,1,1,1,1,1,1,1,0,856.51,1,Home,Credit Card,Website,Damaged product,Mass Market,1026,8,4,4,0,none
ORD503067,CUST501066,TXN503067,DEV805915,ADDR905111,ADDR905111,2024-05-10,2024-05-23,2,2,2,2584.5,2274.58,0.6667,0.6667,1292.25,1137.29,0,0,0,0,48,1,1,1,2,2,2,2,0,1195.0,2,Beauty,Credit Card,Mobile App,Product not as described,Mass Market,1026,13,10,3,0,none
ORD503073,CUST501067,TXN503073,DEV807527,ADDR902621,ADDR902621,2024-10-31,2024-11-12,3,0,0,5548.73,0.0,0.0,0.0,1849.58,0.0,0,0,0,0,93,1,1,2,0,0,0,0,0,482.74,1,Grocery,UPI,Mobile App,Damaged product,Mass Market,127,12,10,2,0,none
ORD503079,CUST501069,TXN503079,DEV806483,ADDR905256,ADDR905256,2024-10-25,2024-10-27,5,0,0,11578.62,0.0,0.0,0.0,2315.72,0.0,0,0,0,0,41,2,1,1,1,0,1,0,0,437.19,1,Sports,Credit Card,Social Commerce,Quality issue,High Value,951,2,1,1,1,refund_abuse
ORD503081,CUST501071,TXN503081,DEV804259,ADDR909821,ADDR909821,2024-05-31,2024-06-04,0,0,0,0.0,0.0,0.0,0.0,0.0,0.0,0,0,0,0,999,1,1,1,0,0,0,0,0,3259.94,1,Footwear,Debit Card,Marketplace,Changed mind,Budget,749,4,1,3,0,none
ORD503085,CUST501072,TXN503085,DEV806818,ADDR906326,ADDR906326,2024-05-01,2024-05-12,2,0,0,3857.07,0.0,0.0,0.0,1928.54,0.0,0,0,0,0,64,1,1,1,0,0,0,0,0,2427.67,1,Electronics,Debit Card,Website,Changed mind,Budget,612,11,9,2,0,none
ORD503100,CUST501080,TXN503100,DEV804844,ADDR905122,ADDR905122,2024-01-11,2024-01-19,0,0,0,0.0,0.0,0.0,0.0,0.0,0.0,0,0,0,0,999,1,1,1,0,0,0,0,0,948.16,1,Grocery,UPI,Marketplace,Wrong product,Budget,286,8,6,2,0,none
ORD503105,CUST501083,TXN503105,DEV807504,ADDR909584,ADDR909584,2024-01-12,2024-01-25,0,0,0,0.0,0.0,0.0,0.0,0.0,0.0,0,0,0,0,999,1,1,1,0,0,0,0,0,2589.37,1,Electronics,Debit Card,Marketplace,Quality issue,Mass Market,1608,13,10,3,0,none
ORD503116,CUST501086,TXN503116,DEV803071,ADDR903150,ADDR903150,2024-08-30,2024-09-04,3,0,0,2076.97,0.0,0.0,0.0,692.32,0.0,2,2,0,0,2,1,1,1,0,0,0,0,0,362.06,1,Grocery,UPI,Social Commerce,Quality issue,Budget,937,5,4,1,0,none
ORD503119,CUST501086,TXN503119,DEV803071,ADDR903150,ADDR903150,2024-10-12,2024-10-26,4,1,1,2439.03,319.67,0.2,0.2,609.76,319.67,0,0,0,0,54,1,1,1,1,1,1,1,0,947.08,1,Beauty,UPI,Mobile App,Size issue,Budget,937,14,11,3,0,none
ORD503145,CUST501097,TXN503145,DEV809001,ADDR909001,ADDR909001,2024-01-26,2024-02-02,0,0,0,0.0,0.0,0.0,0.0,0.0,0.0,0,0,0,0,999,2,2,2,0,0,0,0,0,1128.84,1,Accessories,Credit Card,Website,Late delivery,Budget,911,7,3,4,1,account_multiplication
ORD503148,CUST501098,TXN503148,DEV804089,ADDR907745,ADDR904286,2024-08-06,2024-08-12,2,0,0,2612.46,0.0,0.0,0.0,1306.23,0.0,1,1,0,0,2,1,2,1,0,1,0,0,1,2633.97,1,Fashion,EMI,Mobile App,Size issue,High Value,795,6,5,1,0,none
ORD503150,CUST501099,TXN503150,DEV805094,ADDR903675,ADDR903675,2024-03-07,2024-03-15,1,0,0,586.12,0.0,0.0,0.0,586.12,0.0,0,1,0,0,11,1,1,1,0,0,0,0,0,5027.32,1,Electronics,Debit Card,Mobile App,Changed mind,High Value,838,8,7,1,0,none
ORD503156,CUST501101,TXN503156,DEV804924,ADDR909464,ADDR909464,2024-10-14,2024-10-22,3,0,0,7686.66,0.0,0.0,0.0,2562.22,0.0,0,3,0,0,8,1,2,2,0,0,0,0,0,1764.18,3,Sports,Debit Card,Website,Wrong product,Budget,1310,8,6,2,0,none
ORD503159,CUST501102,TXN503159,DEV805454,ADDR905664,ADDR905664,2024-12-17,2024-12-29,1,0,0,1986.07,0.0,0.0,0.0,1986.07,0.0,0,0,0,0,138,1,1,1,0,0,0,0,0,554.11,1,Grocery,UPI,Social Commerce,Product not as described,High Value,1285,12,9,3,0,none
ORD503162,CUST501104,TXN503162,DEV803238,ADDR905744,ADDR905744,2024-05-09,2024-05-17,0,0,0,0.0,0.0,0.0,0.0,0.0,0.0,0,0,0,0,999,1,1,1,0,0,0,0,0,1899.98,1,Accessories,UPI,Social Commerce,Size issue,Budget,403,8,5,3,0,none
ORD503164,CUST501105,TXN503164,DEV808418,ADDR905458,ADDR905458,2024-02-08,2024-02-17,1,0,0,400.45,0.0,0.0,0.0,400.45,0.0,0,1,0,0,30,1,1,1,0,0,0,0,0,1752.74,1,Home,Credit Card,Mobile App,Wrong product,Budget,1295,9,6,3,0,none
ORD503173,CUST501108,TXN503173,DEV808183,ADDR901134,ADDR901134,2024-05-18,2024-06-03,0,0,0,0.0,0.0,0.0,0.0,0.0,0.0,0,0,0,0,999,1,1,1,0,0,0,0,0,1383.07,1,Home,Credit Card,Mobile App,Quality issue,Budget,1494,16,12,4,0,none
ORD503174,CUST501109,TXN503174,DEV809086,ADDR904558,ADDR904558,2024-02-10,2024-02-18,0,0,0,0.0,0.0,0.0,0.0,0.0,0.0,0,0,0,0,999,1,1,1,0,0,0,0,0,1819.83,1,Accessories,Debit Card,Website,Product not as described,Budget,60,8,5,3,0,none
ORD503179,CUST501110,TXN503179,DEV809165,ADDR907084,ADDR907084,2024-09-21,2024-09-29,1,0,0,6423.98,0.0,0.0,0.0,6423.98,0.0,0,1,0,0,21,1,1,1,0,0,0,0,0,184.65,1,Beauty,Net Banking,Mobile App,Changed mind,Budget,1639,8,7,1,0,none
ORD503185,CUST501113,TXN503185,DEV804148,ADDR905097,ADDR905097,2024-01-05,2024-01-12,0,0,0,0.0,0.0,0.0,0.0,0.0,0.0,0,0,0,0,999,2,2,2,0,0,0,0,0,4210.73,1,Sports,UPI,Website,Size issue,Budget,401,7,5,2,0,none
ORD503188,CUST501113,TXN503188,DEV804148,ADDR905097,ADDR905097,2024-05-24,2024-06-02,3,2,1,10192.47,3612.15,0.5,0.25,3397.49,3612.15,0,0,0,0,81,2,2,2,2,3,1,2,0,323.12,1,Accessories,Wallet,Website,Wrong product,Budget,401,9,7,2,0,none
ORD503190,CUST501114,TXN503190,DEV802998,ADDR905078,ADDR905078,2024-04-15,2024-04-30,1,0,0,1329.21,0.0,0.0,0.0,1329.21,0.0,0,0,0,0,85,2,1,1,0,0,0,0,0,811.74,3,Electronics,Net Banking,Website,Quality issue,High Value,55,15,12,3,0,none
ORD503197,CUST501116,TXN503197,DEV809538,ADDR904415,ADDR904415,2024-06-21,2024-06-28,1,0,0,1319.03,0.0,0.0,0.0,1319.03,0.0,0,1,0,0,29,1,1,1,0,0,0,0,0,137.52,1,Beauty,Credit Card,Mobile App,Product not as described,Mass Market,222,7,6,1,0,none
ORD503199,CUST501116,TXN503199,DEV809538,ADDR904415,ADDR904415,2024-11-19,2024-12-05,4,1,1,3012.69,116.27,0.2,0.2,753.17,116.27,0,1,0,0,12,1,1,1,1,1,1,1,0,991.38,1,Accessories,UPI,Mobile App,Changed mind,Mass Market,222,16,12,4,0,none
ORD503202,CUST501118,TXN503202,DEV809534,ADDR903001,ADDR903001,2024-05-02,2024-05-16,0,0,0,0.0,0.0,0.0,0.0,0.0,0.0,0,0,0,0,999,1,1,1,0,0,0,0,0,2439.47,1,Home,UPI,Website,Size issue,Mass Market,1555,14,12,2,0,none
ORD503205,CUST501120,TXN503205,DEV804568,ADDR902850,ADDR902850,2024-03-28,2024-04-11,1,0,0,517.09,0.0,0.0,0.0,517.09,0.0,0,0,0,0,85,1,1,1,0,0,0,0,0,759.23,3,Sports,Credit Card,Mobile App,Changed mind,High Value,1395,14,10,4,0,none
ORD503209,CUST501121,TXN503209,DEV801246,ADDR903742,ADDR906735,2024-05-30,2024-06-11,2,0,0,663.99,0.0,0.0,0.0,332.0,0.0,0,0,0,0,78,1,2,1,0,0,0,0,1,1367.78,2,Beauty,Credit Card,Mobile App,Size issue,Budget,694,12,10,2,0,none
ORD503217,CUST501123,TXN503217,DEV808786,ADDR903539,ADDR903539,2024-04-05,2024-04-12,3,0,0,2342.0,0.0,0.0,0.0,780.67,0.0,0,3,0,0,13,1,1,1,0,0,0,0,0,3957.38,1,Sports,Credit Card,Marketplace,Product not as described,Budget,1220,7,3,4,0,none
ORD503240,CUST501130,TXN503240,DEV809029,ADDR904109,ADDR904109,2024-03-11,2024-03-16,1,0,0,629.53,0.0,0.0,0.0,629.53,0.0,0,0,0,0,44,1,1,1,0,0,0,0,0,2292.47,1,Fashion,Debit Card,Social Commerce,Size issue,Mass Market,1457,5,4,1,0,none
ORD503244,CUST501130,TXN503244,DEV809029,ADDR904109,ADDR904109,2024-08-14,2024-08-25,6,2,1,9003.97,1804.12,0.2857,0.1429,1500.66,1804.12,0,3,1,0,26,1,1,1,2,2,1,1,0,6288.13,1,Electronics,Credit Card,Mobile App,Late delivery,Mass Market,1457,11,8,3,0,none
ORD503246,CUST501131,TXN503246,DEV806303,ADDR908674,ADDR909837,2024-11-20,2024-12-03,1,0,0,1582.32,0.0,0.0,0.0,1582.32,0.0,0,1,0,0,10,1,1,4,0,0,0,0,1,910.57,1,Home,Net Banking,Website,Product not as described,Mass Market,742,13,11,2,0,none
ORD503256,CUST501134,TXN503256,DEV809289,ADDR907210,ADDR907210,2024-09-08,2024-09-21,2,0,0,2304.36,0.0,0.0,0.0,1152.18,0.0,0,0,0,0,67,1,1,1,0,0,0,0,0,480.79,1,Footwear,Credit Card,Marketplace,Product not as described,Budget,1619,13,10,3,1,serial_return_abuse
ORD503257,CUST501134,TXN503257,DEV809289,ADDR907210,ADDR907210,2024-10-12,2024-10-24,3,1,1,2785.15,403.36,0.25,0.25,928.38,403.36,0,0,0,1,46,1,1,1,1,1,1,1,0,1964.58,1,Fashion,Credit Card,Website,Size issue,Budget,1619,12,9,3,1,serial_return_abuse
ORD503265,CUST501136,TXN503265,DEV809830,ADDR907348,ADDR907348,2024-11-06,2024-11-14,3,0,0,5556.44,0.0,0.0,0.0,1852.15,0.0,0,1,0,0,25,2,1,1,1,0,0,0,0,2972.18,3,Footwear,UPI,Mobile App,Quality issue,Budget,1378,8,6,2,0,none
ORD503269,CUST501137,TXN503269,DEV803525,ADDR905638,ADDR905638,2024-08-14,2024-08-26,3,0,0,5684.01,0.0,0.0,0.0,1894.67,0.0,1,1,0,0,7,1,1,1,0,0,0,0,0,3337.16,1,Sports,Debit Card,Mobile App,Size issue,Budget,1048,12,10,2,0,none
ORD503275,CUST501139,TXN503275,DEV803126,ADDR903926,ADDR903926,2024-03-01,2024-03-10,0,0,0,0.0,0.0,0.0,0.0,0.0,0.0,0,0,0,0,999,1,1,1,0,0,0,0,0,804.92,1,Grocery,Debit Card,Mobile App,Product not as described,Mass Market,119,9,6,3,0,none
ORD503277,CUST501140,TXN503277,DEV808952,ADDR904139,ADDR904139,2024-09-05,2024-09-08,3,0,0,2078.64,0.0,0.0,0.0,692.88,0.0,1,1,0,0,4,1,1,1,0,0,0,0,0,310.96,1,Accessories,UPI,Social Commerce,Wrong product,High Value,249,3,1,2,1,serial_return_abuse
ORD503290,CUST501145,TXN503290,DEV806913,ADDR907814,ADDR907814,2024-04-06,2024-04-20,1,0,0,549.64,0.0,0.0,0.0,549.64,0.0,0,0,0,0,103,1,2,2,0,0,0,0,0,903.84,1,Beauty,EMI,Mobile App,Quality issue,Mass Market,154,14,11,3,0,none
ORD503292,CUST501145,TXN503292,DEV806913,ADDR907814,ADDR907814,2024-10-08,2024-10-13,4,1,1,2632.44,883.3,0.2,0.2,658.11,883.3,0,1,0,0,13,1,2,2,1,1,1,1,0,2037.7,1,Fashion,Debit Card,Marketplace,Size issue,Mass Market,154,5,3,2,0,none
ORD503298,CUST501147,TXN503298,DEV805979,ADDR902276,ADDR902276,2024-06-27,2024-07-04,5,0,0,8728.5,0.0,0.0,0.0,1745.7,0.0,1,1,0,0,4,3,1,1,0,0,0,0,0,927.21,2,Grocery,UPI,Mobile App,Changed mind,Mass Market,174,7,6,1,0,none
ORD503300,CUST501147,TXN503300,DEV805979,ADDR902276,ADDR902276,2024-08-01,2024-08-08,6,1,1,9655.71,793.87,0.1429,0.1429,1609.28,793.87,0,0,0,0,39,3,1,1,1,1,1,1,0,436.87,1,Grocery,Wallet,Mobile App,Size issue,Mass Market,174,7,5,2,0,none
ORD503301,CUST501147,TXN503301,DEV805979,ADDR902276,ADDR902276,2024-09-17,2024-09-30,7,2,2,10092.58,1215.33,0.25,0.25,1441.8,607.66,0,0,0,0,60,3,1,1,3,2,3,2,0,214.87,1,Home,UPI,Mobile App,Damaged product,Mass Market,174,13,11,2,0,none
ORD503309,CUST501150,TXN503309,DEV807802,ADDR902728,ADDR905910,2024-04-16,2024-04-28,0,0,0,0.0,0.0,0.0,0.0,0.0,0.0,0,0,0,0,999,1,2,1,0,0,0,0,1,3670.99,3,Footwear,UPI,Website,Quality issue,Mass Market,1173,12,11,1,0,none
ORD503312,CUST501151,TXN503312,DEV808515,ADDR907997,ADDR907997,2024-06-20,2024-06-30,1,0,0,1849.17,0.0,0.0,0.0,1849.17,0.0,0,0,0,0,120,1,2,2,0,0,0,0,0,674.5,1,Grocery,Net Banking,Mobile App,Damaged product,High Value,763,10,6,4,0,none
ORD503314,CUST501152,TXN503314,DEV803955,ADDR907579,ADDR907579,2024-07-05,2024-07-15,1,0,0,1288.29,0.0,0.0,0.0,1288.29,0.0,0,1,0,0,12,1,1,2,0,0,0,0,0,5405.81,1,Electronics,Debit Card,Marketplace,Product not as described,High Value,1652,10,9,1,0,none
ORD503318,CUST501153,TXN503318,DEV809747,ADDR908258,ADDR908258,2024-08-28,2024-09-03,3,1,0,5312.7,0.0,0.25,0.0,1770.9,0.0,0,0,0,0,75,1,2,2,1,2,0,0,0,4797.23,1,Electronics,Credit Card,Mobile App,Size issue,Mass Market,353,6,4,2,0,none
ORD503320,CUST501154,TXN503320,DEV809007,ADDR909007,ADDR909007,2024-09-19,2024-09-26,1,0,0,821.51,0.0,0.0,0.0,821.51,0.0,0,0,0,0,268,3,3,3,2,2,1,1,0,1571.09,2,Electronics,UPI,Mobile App,Quality issue,Premium,675,7,5,2,1,account_multiplication
ORD503322,CUST501155,TXN503322,DEV806299,ADDR904943,ADDR904943,2024-07-31,2024-08-03,2,0,0,3648.27,0.0,0.0,0.0,1824.13,0.0,0,0,0,0,123,1,2,2,0,0,0,0,0,340.12,2,Fashion,Debit Card,Website,Damaged product,Mass Market,911,3,1,2,0,none
ORD503337,CUST501159,TXN503337,DEV805920,ADDR904635,ADDR904635,2024-04-14,2024-04-23,0,0,0,0.0,0.0,0.0,0.0,0.0,0.0,0,0,0,0,999,1,1,1,0,0,0,0,0,485.08,1,Beauty,UPI,Mobile App,Wrong product,Premium,43,9,5,4,0,none
ORD503338,CUST501160,TXN503338,DEV805521,ADDR909376,ADDR909376,2024-03-23,2024-04-06,0,0,0,0.0,0.0,0.0,0.0,0.0,0.0,0,0,0,0,999,1,1,1,0,0,0,0,0,1882.21,1,Accessories,Wallet,Mobile App,Quality issue,Budget,74,14,11,3,1,serial_return_abuse
ORD503344,CUST501162,TXN503344,DEV803267,ADDR905341,ADDR905341,2024-02-11,2024-02-20,0,0,0,0.0,0.0,0.0,0.0,0.0,0.0,0,0,0,0,999,1,1,1,0,0,0,0,0,256.23,1,Beauty,UPI,Website,Quality issue,Budget,349,9,5,4,0,none
ORD503346,CUST501162,TXN503346,DEV803267,ADDR905341,ADDR905341,2024-11-09,2024-11-16,2,1,1,6119.38,251.28,0.3333,0.3333,3059.69,251.28,0,0,0,0,85,2,1,2,2,1,2,1,0,695.52,2,Fashion,Credit Card,Website,Changed mind,Budget,349,7,5,2,0,none
ORD503371,CUST501173,TXN503371,DEV808300,ADDR909269,ADDR909269,2024-01-05,2024-01-18,0,0,0,0.0,0.0,0.0,0.0,0.0,0.0,0,0,0,0,999,1,1,1,0,0,0,0,0,1861.24,1,Home,Net Banking,Marketplace,Wrong product,Budget,834,13,9,4,0,none
ORD503372,CUST501174,TXN503372,DEV807460,ADDR903425,ADDR903425,2024-05-05,2024-05-16,3,0,0,8780.81,0.0,0.0,0.0,2926.94,0.0,0,0,0,0,73,1,1,1,0,0,0,0,0,122.49,1,Grocery,UPI,Mobile App,Size issue,Budget,623,11,8,3,0,none
ORD503377,CUST501176,TXN503377,DEV809221,ADDR908118,ADDR908118,2024-09-27,2024-10-11,3,0,0,11029.66,0.0,0.0,0.0,3676.55,0.0,0,0,0,0,138,1,1,1,0,0,0,0,0,527.71,1,Fashion,Credit Card,Website,Product not as described,Budget,846,14,10,4,0,none
ORD503381,CUST501178,TXN503381,DEV804212,ADDR909589,ADDR909589,2024-01-03,2024-01-13,0,0,0,0.0,0.0,0.0,0.0,0.0,0.0,0,0,0,0,999,1,1,1,0,0,0,0,0,929.1,1,Accessories,Credit Card,Mobile App,Size issue,Mass Market,839,10,7,3,0,none
ORD503398,CUST501182,TXN503398,DEV805994,ADDR903773,ADDR903773,2024-08-06,2024-08-13,4,0,0,4502.6,0.0,0.0,0.0,1125.65,0.0,0,0,0,0,32,1,1,1,0,0,0,0,0,527.92,3,Beauty,Debit Card,Mobile App,Damaged product,Mass Market,1606,7,3,4,0,none
ORD503400,CUST501183,TXN503400,DEV808245,ADDR903389,ADDR903389,2024-07-07,2024-07-16,1,0,0,2537.73,0.0,0.0,0.0,2537.73,0.0,0,1,0,0,11,1,2,2,0,0,0,0,0,1313.78,1,Accessories,Debit Card,Marketplace,Wrong product,Premium,1712,9,5,4,0,none
ORD503417,CUST501190,TXN503417,DEV801301,ADDR907170,ADDR907170,2024-07-04,2024-07-09,1,0,0,3334.16,0.0,0.0,0.0,3334.16,0.0,0,0,0,0,62,1,1,1,0,0,0,0,0,1632.73,1,Accessories,EMI,Website,Product not as described,Mass Market,319,5,4,1,0,none
ORD503445,CUST501202,TXN503445,DEV807343,ADDR901482,ADDR901482,2024-06-21,2024-06-27,2,0,0,2310.4,0.0,0.0,0.0,1155.2,0.0,1,1,0,0,4,1,1,1,0,0,0,0,0,1407.26,2,Home,EMI,Mobile App,Changed mind,High Value,557,6,4,2,0,none
ORD503455,CUST501204,TXN503455,DEV802438,ADDR907262,ADDR907262,2024-08-03,2024-08-15,4,0,0,10081.28,0.0,0.0,0.0,2520.32,0.0,0,1,0,0,12,1,1,1,0,0,0,0,0,430.14,1,Footwear,UPI,Website,Size issue,High Value,311,12,8,4,0,none
ORD503464,CUST501206,TXN503464,DEV806118,ADDR906395,ADDR906395,2024-03-12,2024-03-26,2,1,0,2763.14,0.0,0.3333,0.0,1381.57,0.0,0,0,0,0,36,1,1,1,1,1,0,0,0,202.1,2,Accessories,UPI,Social Commerce,Quality issue,Budget,903,14,10,4,0,none
ORD503473,CUST501209,TXN503473,DEV803215,ADDR908046,ADDR908046,2024-12-03,2024-12-09,4,0,0,9968.81,0.0,0.0,0.0,2492.2,0.0,0,0,0,0,33,1,2,2,0,0,0,0,0,2471.09,2,Footwear,Debit Card,Mobile App,Quality issue,Mass Market,1102,6,3,3,1,refund_abuse
ORD503478,CUST501211,TXN503478,DEV802939,ADDR904016,ADDR904016,2024-04-03,2024-04-15,1,0,0,1060.97,0.0,0.0,0.0,1060.97,0.0,0,1,0,0,23,1,1,1,0,0,0,0,0,1434.12,2,Fashion,UPI,Marketplace,Changed mind,Budget,1503,12,9,3,0,none
ORD503485,CUST501212,TXN503485,DEV801483,ADDR906221,ADDR906221,2024-04-23,2024-04-25,3,0,0,2113.42,0.0,0.0,0.0,704.47,0.0,0,1,0,0,10,2,1,1,0,0,0,0,0,2117.86,1,Footwear,UPI,Website,Size issue,Budget,328,2,1,1,0,none
ORD503505,CUST501218,TXN503505,DEV803196,ADDR909230,ADDR909230,2024-05-01,2024-05-08,2,0,0,1238.89,0.0,0.0,0.0,619.45,0.0,1,1,0,0,5,1,1,1,0,0,0,0,0,1551.57,1,Accessories,Debit Card,Mobile App,Changed mind,Budget,1006,7,6,1,0,none
ORD503508,CUST501219,TXN503508,DEV807126,ADDR904014,ADDR904014,2024-07-01,2024-07-14,0,0,0,0.0,0.0,0.0,0.0,0.0,0.0,0,0,0,0,999,1,1,1,0,0,0,0,0,1026.63,1,Sports,UPI,Website,Damaged product,High Value,1488,13,10,3,0,none
ORD503513,CUST501220,TXN503513,DEV803253,ADDR903683,ADDR903683,2024-12-03,2024-12-08,3,0,0,6544.62,0.0,0.0,0.0,2181.54,0.0,0,0,0,0,96,2,2,2,0,0,0,0,0,178.21,1,Grocery,Wallet,Mobile App,Size issue,High Value,1000,5,3,2,0,none
ORD503522,CUST501223,TXN503522,DEV809027,ADDR906323,ADDR906323,2024-06-27,2024-07-03,2,0,0,3903.75,0.0,0.0,0.0,1951.88,0.0,0,0,0,0,170,1,2,2,0,1,0,0,0,2203.34,1,Fashion,UPI,Website,Size issue,Budget,929,6,2,4,0,none
ORD503531,CUST501226,TXN503531,DEV809784,ADDR909605,ADDR909605,2024-02-17,2024-02-27,0,0,0,0.0,0.0,0.0,0.0,0.0,0.0,0,0,0,0,999,2,1,1,0,0,0,0,0,1323.28,1,Sports,UPI,Marketplace,Changed mind,Budget,1201,10,7,3,0,none
ORD503535,CUST501226,TXN503535,DEV809784,ADDR909605,ADDR909605,2024-07-27,2024-08-05,4,1,1,5611.14,1213.13,0.2,0.2,1402.78,1213.13,0,0,0,0,66,2,1,1,1,1,1,1,0,1724.23,1,Footwear,Credit Card,Mobile App,Damaged product,Budget,1201,9,6,3,0,none
ORD503538,CUST501227,TXN503538,DEV801630,ADDR909530,ADDR909530,2024-02-08,2024-02-22,1,0,0,1035.77,0.0,0.0,0.0,1035.77,0.0,0,0,0,0,38,1,1,1,0,0,0,0,0,2220.65,1,Home,Credit Card,Website,Damaged product,Mass Market,1641,14,11,3,0,none
ORD503541,CUST501227,TXN503541,DEV801630,ADDR909530,ADDR909530,2024-12-23,2025-01-06,5,1,1,5946.73,1834.49,0.1667,0.1667,1189.35,1834.49,0,0,0,0,44,1,1,1,1,1,1,1,0,1271.41,1,Footwear,UPI,Mobile App,Size issue,Mass Market,1641,14,11,3,0,none
ORD503545,CUST501229,TXN503545,DEV801643,ADDR907347,ADDR907347,2024-01-04,2024-01-12,0,0,0,0.0,0.0,0.0,0.0,0.0,0.0,0,0,0,0,999,1,1,1,0,0,0,0,0,4238.67,1,Electronics,UPI,Mobile App,Wrong product,Mass Market,1535,8,5,3,0,none
ORD503553,CUST501230,TXN503553,DEV804110,ADDR905770,ADDR905770,2024-09-19,2024-09-28,4,0,0,2965.8,0.0,0.0,0.0,741.45,0.0,0,1,0,0,26,1,1,1,0,0,0,0,0,896.08,1,Grocery,UPI,Mobile App,Damaged product,Mass Market,130,9,7,2,0,none
ORD503556,CUST501231,TXN503556,DEV805684,ADDR908558,ADDR908558,2024-08-27,2024-09-09,4,0,0,8239.01,0.0,0.0,0.0,2059.75,0.0,0,1,0,0,18,1,1,1,0,0,0,0,0,631.29,1,Sports,UPI,Marketplace,Wrong product,Mass Market,653,13,10,3,0,none
ORD503557,CUST501231,TXN503557,DEV805684,ADDR908558,ADDR908558,2024-10-15,2024-10-20,5,1,1,8870.3,522.47,0.1667,0.1667,1774.06,522.47,0,0,0,0,54,1,1,1,1,1,1,1,0,2928.35,3,Fashion,UPI,Mobile App,Quality issue,Mass Market,653,5,3,2,0,none
ORD503558,CUST501232,TXN503558,DEV801893,ADDR909470,ADDR909470,2024-07-03,2024-07-13,1,0,0,591.04,0.0,0.0,0.0,591.04,0.0,0,0,0,0,173,1,2,2,0,0,0,0,0,852.88,1,Beauty,Wallet,Mobile App,Changed mind,Budget,1285,10,8,2,0,none
ORD503566,CUST501235,TXN503566,DEV801408,ADDR903930,ADDR903930,2024-11-12,2024-11-17,4,0,0,9027.24,0.0,0.0,0.0,2256.81,0.0,0,0,0,0,55,1,1,1,0,0,0,0,0,6271.16,1,Electronics,UPI,Marketplace,Damaged product,Budget,953,5,4,1,0,none
ORD503576,CUST501240,TXN503576,DEV803799,ADDR906491,ADDR906491,2024-02-25,2024-03-04,0,0,0,0.0,0.0,0.0,0.0,0.0,0.0,0,0,0,0,999,1,1,1,0,0,0,0,0,5810.19,1,Electronics,UPI,Social Commerce,Late delivery,Budget,119,8,4,4,1,serial_return_abuse
ORD503587,CUST501243,TXN503587,DEV808311,ADDR905731,ADDR903992,2024-05-29,2024-06-08,1,0,0,1267.34,0.0,0.0,0.0,1267.34,0.0,0,0,0,0,106,2,2,1,0,0,0,0,1,2946.17,3,Footwear,Debit Card,Marketplace,Changed mind,Budget,1604,10,7,3,0,none
ORD503596,CUST501246,TXN503596,DEV801094,ADDR909084,ADDR909084,2024-04-11,2024-04-18,2,0,0,794.93,0.0,0.0,0.0,397.46,0.0,0,1,0,0,16,1,1,1,0,0,0,0,0,941.16,1,Home,Wallet,Mobile App,Size issue,High Value,1683,7,4,3,0,none
ORD503603,CUST501248,TXN503603,DEV801107,ADDR905009,ADDR905009,2024-05-27,2024-06-04,1,0,0,971.85,0.0,0.0,0.0,971.85,0.0,0,1,0,0,19,1,1,1,0,0,0,0,0,1276.37,2,Electronics,Wallet,Website,Other,Mass Market,1261,8,5,3,0,none
ORD503607,CUST501249,TXN503607,DEV804401,ADDR901801,ADDR901801,2024-07-13,2024-07-19,2,0,0,3072.54,0.0,0.0,0.0,1536.27,0.0,0,1,0,0,23,2,1,1,0,0,0,0,0,1742.52,1,Footwear,Wallet,Mobile App,Product not as described,High Value,1299,6,2,4,0,none
ORD503615,CUST501251,TXN503615,DEV805889,ADDR906424,ADDR906424,2024-08-04,2024-08-07,2,0,0,1054.73,0.0,0.0,0.0,527.36,0.0,0,0,0,0,197,2,1,1,1,0,1,0,0,2963.34,2,Sports,Debit Card,Marketplace,Quality issue,Budget,1396,3,1,2,0,none
ORD503617,CUST501252,TXN503617,DEV807831,ADDR903920,ADDR903920,2024-05-04,2024-05-15,1,0,0,3824.22,0.0,0.0,0.0,3824.22,0.0,0,1,0,0,11,1,1,1,0,0,0,0,0,1181.66,3,Home,Credit Card,Mobile App,Damaged product,Premium,253,11,9,2,0,none
ORD503621,CUST501252,TXN503621,DEV807831,ADDR903920,ADDR903920,2024-10-04,2024-10-16,5,1,1,9550.32,1125.47,0.1667,0.1667,1910.06,1125.47,0,0,0,0,35,1,1,1,1,1,1,1,0,1179.18,1,Footwear,Credit Card,Social Commerce,Quality issue,Premium,253,12,11,1,0,none
ORD503627,CUST501253,TXN503627,DEV803906,ADDR908460,ADDR908460,2024-07-28,2024-08-06,4,1,0,8587.45,0.0,0.2,0.0,2146.86,0.0,0,0,0,0,61,1,1,1,1,1,0,0,0,752.04,1,Footwear,UPI,Marketplace,Size issue,Budget,1281,9,7,2,0,none
ORD503631,CUST501254,TXN503631,DEV802525,ADDR905903,ADDR905903,2024-03-02,2024-03-09,1,0,0,2484.02,0.0,0.0,0.0,2484.02,0.0,0,1,0,0,18,2,1,1,0,0,0,0,0,1312.43,1,Sports,Net Banking,Social Commerce,Late delivery,Mass Market,103,7,5,2,0,none
ORD503636,CUST501255,TXN503636,DEV809003,ADDR909003,ADDR905842,2024-04-29,2024-05-11,2,0,0,1990.71,0.0,0.0,0.0,995.36,0.0,0,0,0,0,37,3,3,2,1,1,1,1,1,880.96,2,Home,UPI,Website,Quality issue,Budget,806,12,10,2,1,account_multiplication
ORD503641,CUST501258,TXN503641,DEV804425,ADDR901953,ADDR901953,2024-02-24,2024-03-03,0,0,0,0.0,0.0,0.0,0.0,0.0,0.0,0,0,0,0,999,1,1,1,0,0,0,0,0,624.15,1,Grocery,UPI,Marketplace,Quality issue,Mass Market,1455,8,5,3,0,none
ORD503643,CUST501258,TXN503643,DEV804425,ADDR901953,ADDR901953,2024-09-19,2024-10-01,5,1,1,7417.66,589.9,0.1667,0.1667,1483.53,589.9,1,2,0,0,1,2,1,1,2,1,2,1,0,2461.59,2,Footwear,Wallet,Mobile App,Size issue,Mass Market,1455,12,10,2,0,none
ORD503647,CUST501260,TXN503647,DEV809001,ADDR909001,ADDR909096,2024-08-02,2024-08-13,1,0,0,1339.84,0.0,0.0,0.0,1339.84,0.0,0,1,0,0,20,3,3,2,2,2,2,2,1,2444.54,2,Electronics,Wallet,Social Commerce,Product not as described,Mass Market,1268,11,9,2,1,account_multiplication
ORD503654,CUST501263,TXN503654,DEV803947,ADDR904812,ADDR904812,2024-01-01,2024-01-12,0,0,0,0.0,0.0,0.0,0.0,0.0,0.0,0,0,0,0,999,1,1,1,0,0,0,0,0,1141.71,1,Accessories,Debit Card,Marketplace,Damaged product,Mass Market,1038,11,8,3,0,none
ORD503660,CUST501264,TXN503660,DEV802936,ADDR901392,ADDR901392,2024-10-05,2024-10-11,3,0,0,11692.97,0.0,0.0,0.0,3897.66,0.0,0,1,0,0,8,1,1,1,0,0,0,0,0,412.23,1,Sports,EMI,Mobile App,Wrong product,Mass Market,33,6,5,1,0,none
ORD503661,CUST501265,TXN503661,DEV804396,ADDR907793,ADDR907793,2024-01-13,2024-01-20,0,0,0,0.0,0.0,0.0,0.0,0.0,0.0,0,0,0,0,999,1,1,1,0,0,0,0,0,835.78,1,Beauty,Wallet,Marketplace,Changed mind,Mass Market,271,7,4,3,0,none
ORD503680,CUST501269,TXN503680,DEV807488,ADDR901477,ADDR901477,2024-05-25,2024-05-30,2,0,0,3531.24,0.0,0.0,0.0,1765.62,0.0,0,1,0,0,11,1,1,1,0,0,0,0,0,1363.76,1,Accessories,Credit Card,Mobile App,Size issue,Budget,729,5,1,4,0,none
ORD503685,CUST501270,TXN503685,DEV806536,ADDR908849,ADDR908849,2024-12-07,2024-12-23,4,2,0,5163.61,0.0,0.4,0.0,1290.9,0.0,0,0,0,0,81,1,1,1,2,2,0,0,0,3414.29,2,Electronics,Debit Card,Website,Changed mind,High Value,706,16,12,4,0,none
ORD503688,CUST501271,TXN503688,DEV803224,ADDR908888,ADDR908888,2024-07-10,2024-07-25,3,0,0,4934.49,0.0,0.0,0.0,1644.83,0.0,0,1,0,0,9,1,1,2,0,0,0,0,0,903.51,1,Electronics,Credit Card,Mobile App,Damaged product,Premium,102,15,12,3,0,none
ORD503697,CUST501274,TXN503697,DEV806169,ADDR909779,ADDR909779,2024-10-29,2024-11-02,2,0,0,3684.91,0.0,0.0,0.0,1842.46,0.0,0,1,0,0,17,2,2,2,1,1,0,0,0,1890.01,1,Fashion,UPI,Mobile App,Product not as described,Budget,1418,4,3,1,0,none
ORD503702,CUST501278,TXN503702,DEV806050,ADDR906152,ADDR906152,2024-01-29,2024-02-06,0,0,0,0.0,0.0,0.0,0.0,0.0,0.0,0,0,0,0,999,1,1,1,0,0,0,0,0,331.32,1,Home,Debit Card,Marketplace,Size issue,Budget,1800,8,4,4,0,none
ORD503713,CUST501281,TXN503713,DEV807131,ADDR901612,ADDR901612,2024-02-09,2024-02-13,0,0,0,0.0,0.0,0.0,0.0,0.0,0.0,0,0,0,0,999,2,1,1,1,0,1,0,0,5784.29,3,Electronics,Credit Card,Website,Other,Mass Market,259,4,3,1,0,none
ORD503726,CUST501287,TXN503726,DEV808003,ADDR901067,ADDR901067,2024-05-17,2024-05-28,1,0,0,1141.74,0.0,0.0,0.0,1141.74,0.0,0,0,0,0,31,3,1,1,1,0,1,0,0,972.41,1,Beauty,UPI,Mobile App,Product not as described,Budget,1099,11,10,1,1,coordinated_device_abuse
ORD503727,CUST501287,TXN503727,DEV808003,ADDR901067,ADDR901067,2024-09-12,2024-09-19,2,1,1,2114.15,750.26,0.3333,0.3333,1057.08,750.26,0,0,0,0,125,3,2,2,3,1,2,1,0,4373.1,1,Sports,UPI,Website,Quality issue,Budget,1099,7,6,1,1,coordinated_device_abuse
ORD503728,CUST501287,TXN503728,DEV808003,ADDR901067,ADDR901067,2024-11-07,2024-11-21,3,2,2,6487.25,4586.53,0.5,0.5,2162.42,2293.26,0,0,0,0,70,3,2,2,4,3,3,2,0,1129.56,1,Beauty,Wallet,Website,Changed mind,Budget,1099,14,11,3,1,coordinated_device_abuse
ORD503730,CUST501288,TXN503730,DEV802426,ADDR906460,ADDR906460,2024-12-12,2024-12-23,2,0,0,4549.4,0.0,0.0,0.0,2274.7,0.0,0,0,0,0,117,1,1,1,0,0,0,0,0,3266.61,2,Electronics,EMI,Mobile App,Changed mind,Budget,1437,11,7,4,0,none
ORD503741,CUST501292,TXN503741,DEV805467,ADDR903446,ADDR903446,2024-11-16,2024-11-24,5,0,0,7849.76,0.0,0.0,0.0,1569.95,0.0,0,0,0,0,121,1,1,1,0,0,0,0,0,6127.08,1,Electronics,Debit Card,Mobile App,Changed mind,High Value,270,8,4,4,0,none
ORD503750,CUST501295,TXN503750,DEV805641,ADDR905011,ADDR905011,2024-10-14,2024-10-25,5,0,0,10728.91,0.0,0.0,0.0,2145.78,0.0,1,2,0,0,5,2,3,3,0,1,0,0,0,380.17,1,Grocery,Credit Card,Website,Changed mind,Budget,1676,11,7,4,0,none
ORD503755,CUST501297,TXN503755,DEV808712,ADDR901826,ADDR901826,2024-04-30,2024-05-15,2,0,0,2319.64,0.0,0.0,0.0,1159.82,0.0,0,2,0,0,13,1,2,2,0,1,0,1,0,2157.39,1,Sports,Debit Card,Website,Damaged product,Mass Market,89,15,12,3,0,none
ORD503762,CUST501299,TXN503762,DEV808304,ADDR906826,ADDR906826,2024-07-10,2024-07-15,0,0,0,0.0,0.0,0.0,0.0,0.0,0.0,0,0,0,0,999,1,1,1,0,0,0,0,0,2918.79,1,Fashion,Credit Card,Mobile App,Quality issue,Budget,1243,5,1,4,0,none
ORD503764,CUST501300,TXN503764,DEV809740,ADDR902286,ADDR902286,2024-02-26,2024-03-07,0,0,0,0.0,0.0,0.0,0.0,0.0,0.0,0,0,0,0,999,2,1,1,1,0,1,0,0,1022.96,1,Fashion,Debit Card,Marketplace,Wrong product,Budget,435,10,9,1,0,none
ORD503767,CUST501302,TXN503767,DEV808672,ADDR902593,ADDR902593,2024-05-11,2024-05-19,2,0,0,2582.62,0.0,0.0,0.0,1291.31,0.0,0,1,0,0,26,1,1,1,0,0,0,0,0,2931.68,3,Electronics,UPI,Website,Changed mind,Budget,1460,8,4,4,0,none
ORD503768,CUST501302,TXN503768,DEV808672,ADDR902593,ADDR902593,2024-05-22,2024-06-04,3,1,1,5514.3,2571.8,0.25,0.25,1838.1,2571.8,0,1,1,1,24,1,1,1,1,1,1,1,0,331.07,1,Sports,UPI,Mobile App,Size issue,Budget,1460,13,10,3,0,none
ORD503780,CUST501304,TXN503780,DEV805227,ADDR906954,ADDR906954,2024-12-01,2024-12-12,4,0,0,3031.96,0.0,0.0,0.0,757.99,0.0,0,0,0,0,84,1,1,1,0,0,0,0,0,2651.25,1,Sports,UPI,Mobile App,Wrong product,Budget,324,11,9,2,0,none
ORD503789,CUST501308,TXN503789,DEV803087,ADDR909322,ADDR909322,2024-07-07,2024-07-22,1,0,0,2334.43,0.0,0.0,0.0,2334.43,0.0,0,0,0,0,40,2,1,1,0,0,0,0,0,4937.72,1,Electronics,UPI,Mobile App,Changed mind,High Value,1206,15,12,3,0,none
ORD503794,CUST501309,TXN503794,DEV802752,ADDR906339,ADDR906339,2024-08-07,2024-08-20,5,1,0,7802.6,0.0,0.1667,0.0,1560.52,0.0,0,1,0,0,18,1,1,1,1,1,0,0,0,1744.11,1,Accessories,Credit Card,Social Commerce,Wrong product,Budget,1492,13,11,2,0,none
ORD503798,CUST501310,TXN503798,DEV805949,ADDR909728,ADDR909728,2024-11-24,2024-12-08,2,0,0,2862.29,0.0,0.0,0.0,1431.14,0.0,0,0,0,0,64,1,1,1,0,0,0,0,0,840.16,1,Home,Credit Card,Social Commerce,Size issue,Mass Market,1652,14,11,3,0,none
ORD503806,CUST501315,TXN503806,DEV808972,ADDR902873,ADDR902873,2024-06-13,2024-06-17,0,0,0,0.0,0.0,0.0,0.0,0.0,0.0,0,0,0,0,999,1,1,1,0,0,0,0,0,449.44,2,Grocery,UPI,Website,Size issue,Mass Market,1544,4,2,2,0,none
ORD503813,CUST501317,TXN503813,DEV802781,ADDR907208,ADDR907208,2024-06-15,2024-06-19,3,0,0,4491.45,0.0,0.0,0.0,1497.15,0.0,1,1,0,0,1,1,2,2,0,0,0,0,0,1658.59,1,Footwear,Credit Card,Website,Product not as described,Budget,172,4,1,3,0,none
ORD503822,CUST501319,TXN503822,DEV801003,ADDR903403,ADDR903403,2024-08-10,2024-08-20,4,1,0,3402.09,0.0,0.2,0.0,850.52,0.0,0,0,0,0,35,2,1,1,1,1,0,0,0,917.64,1,Electronics,Net Banking,Website,Wrong product,Budget,1219,10,6,4,0,none
ORD503829,CUST501323,TXN503829,DEV802462,ADDR901133,ADDR901133,2024-01-05,2024-01-16,0,0,0,0.0,0.0,0.0,0.0,0.0,0.0,0,0,0,0,999,1,1,1,0,0,0,0,0,925.01,1,Grocery,Credit Card,Mobile App,Quality issue,Mass Market,735,11,8,3,0,none
ORD503835,CUST501324,TXN503835,DEV803089,ADDR905819,ADDR905819,2024-06-24,2024-07-03,4,0,0,6183.92,0.0,0.0,0.0,1545.98,0.0,0,1,0,0,13,1,3,3,0,0,0,0,0,278.39,2,Accessories,EMI,Marketplace,Changed mind,Mass Market,857,9,7,2,0,none
ORD503843,CUST501327,TXN503843,DEV807459,ADDR906212,ADDR906212,2024-01-23,2024-02-06,0,0,0,0.0,0.0,0.0,0.0,0.0,0.0,0,0,0,0,999,1,1,1,0,0,0,0,0,3908.14,1,Footwear,Credit Card,Mobile App,Damaged product,High Value,914,14,10,4,1,serial_return_abuse
ORD503844,CUST501327,TXN503844,DEV807459,ADDR906212,ADDR906212,2024-02-22,2024-02-27,2,1,0,5199.22,0.0,0.3333,0.0,2599.61,0.0,1,1,1,0,5,1,1,1,1,1,0,0,0,2824.45,1,Fashion,EMI,Mobile App,Other,High Value,914,5,4,1,1,serial_return_abuse
ORD503847,CUST501327,TXN503847,DEV807459,ADDR906212,ADDR901657,2024-03-10,2024-03-13,4,2,1,9139.28,2765.22,0.4,0.2,2284.82,2765.22,0,3,1,1,10,1,1,1,2,2,1,1,1,4838.94,1,Electronics,Wallet,Marketplace,Size issue,High Value,914,3,2,1,1,serial_return_abuse
ORD503848,CUST501327,TXN503848,DEV807459,ADDR906212,ADDR906212,2024-04-26,2024-05-06,5,3,2,13978.22,6452.55,0.5,0.3333,2795.64,3226.27,0,0,0,0,57,1,1,1,3,3,2,2,0,1040.24,2,Sports,UPI,Mobile App,Size issue,High Value,914,10,6,4,1,serial_return_abuse
ORD503849,CUST501327,TXN503849,DEV807459,ADDR906212,ADDR906212,2024-09-05,2024-09-13,8,4,3,15765.75,7287.49,0.4444,0.3333,1970.72,2429.16,0,0,0,0,51,1,1,1,4,4,3,3,0,468.32,2,Home,Debit Card,Mobile App,Damaged product,High Value,914,8,6,2,1,serial_return_abuse
ORD503852,CUST501328,TXN503852,DEV808130,ADDR909931,ADDR909931,2024-08-11,2024-08-16,3,0,0,3194.54,0.0,0.0,0.0,1064.85,0.0,0,1,0,0,24,2,1,1,0,0,0,0,0,6189.72,1,Electronics,Debit Card,Mobile App,Product not as described,Mass Market,811,5,4,1,0,none
ORD503859,CUST501329,TXN503859,DEV803278,ADDR904083,ADDR904083,2024-10-19,2024-10-31,3,0,0,6264.37,0.0,0.0,0.0,2088.12,0.0,0,0,0,0,129,1,1,1,0,0,0,0,0,269.54,1,Home,EMI,Social Commerce,Damaged product,Budget,1002,12,11,1,0,none
ORD503863,CUST501331,TXN503863,DEV803056,ADDR903200,ADDR903200,2024-07-04,2024-07-11,1,0,0,197.99,0.0,0.0,0.0,197.99,0.0,0,0,0,0,115,1,2,2,0,0,0,0,0,603.95,2,Sports,UPI,Website,Changed mind,Budget,1402,7,5,2,0,none
ORD503873,CUST501337,TXN503873,DEV809220,ADDR905411,ADDR905411,2024-01-01,2024-01-06,0,0,0,0.0,0.0,0.0,0.0,0.0,0.0,0,0,0,0,999,1,1,1,0,0,0,0,0,1060.65,2,Home,UPI,Mobile App,Size issue,High Value,1488,5,3,2,0,none
ORD503882,CUST501339,TXN503882,DEV807038,ADDR902854,ADDR902854,2024-11-01,2024-11-14,2,0,0,6071.11,0.0,0.0,0.0,3035.56,0.0,0,0,0,0,140,1,1,1,0,0,0,0,0,3850.18,1,Sports,Debit Card,Mobile App,Size issue,Premium,1019,13,11,2,0,none
ORD503886,CUST501341,TXN503886,DEV805578,ADDR908617,ADDR902860,2024-08-13,2024-08-24,0,0,0,0.0,0.0,0.0,0.0,0.0,0.0,0,0,0,0,999,2,1,3,0,0,0,0,1,3766.09,1,Sports,Credit Card,Mobile App,Damaged product,Premium,1625,11,7,4,0,none
ORD503892,CUST501343,TXN503892,DEV802279,ADDR909834,ADDR909834,2024-01-13,2024-01-22,0,0,0,0.0,0.0,0.0,0.0,0.0,0.0,0,0,0,0,999,1,1,1,0,0,0,0,0,1234.16,1,Home,UPI,Mobile App,Size issue,Mass Market,1389,9,5,4,0,none
ORD503893,CUST501343,TXN503893,DEV802279,ADDR909834,ADDR909834,2024-01-23,2024-02-06,1,1,1,1234.16,1044.77,0.5,0.5,1234.16,1044.77,0,1,1,1,24,1,1,1,1,1,1,1,0,4238.67,2,Electronics,Debit Card,Mobile App,Size issue,Mass Market,1389,14,12,2,0,none
ORD503921,CUST501351,TXN503921,DEV802259,ADDR905552,ADDR905552,2024-04-22,2024-04-30,2,0,0,4792.14,0.0,0.0,0.0,2396.07,0.0,0,0,0,0,51,2,1,1,0,0,0,0,0,247.6,2,Beauty,Credit Card,Mobile App,Quality issue,Mass Market,1065,8,5,3,0,none
ORD503922,CUST501351,TXN503922,DEV802259,ADDR905552,ADDR905552,2024-10-21,2024-10-31,5,1,1,7929.11,233.43,0.1667,0.1667,1585.82,233.43,0,0,0,0,103,2,1,1,1,1,1,1,0,1433.36,1,Accessories,EMI,Mobile App,Quality issue,Mass Market,1065,10,8,2,0,none
ORD503926,CUST501352,TXN503926,DEV805509,ADDR905209,ADDR905209,2024-08-27,2024-09-06,5,0,0,7733.35,0.0,0.0,0.0,1546.67,0.0,1,2,0,0,4,2,1,1,0,0,0,0,0,3728.82,1,Electronics,UPI,Mobile App,Wrong product,Budget,605,10,6,4,0,none
ORD503934,CUST501355,TXN503934,DEV803962,ADDR909640,ADDR909640,2024-03-22,2024-04-02,1,0,0,5056.02,0.0,0.0,0.0,5056.02,0.0,0,1,0,0,28,1,1,1,0,0,0,0,0,920.89,1,Electronics,UPI,Marketplace,Wrong product,High Value,1023,11,9,2,0,none
ORD503946,CUST501359,TXN503946,DEV801890,ADDR905331,ADDR905331,2024-01-30,2024-02-03,1,0,0,360.68,0.0,0.0,0.0,360.68,0.0,0,1,0,0,11,1,1,1,0,0,0,0,0,675.59,1,Grocery,Net Banking,Mobile App,Product not as described,Mass Market,736,4,3,1,0,none
ORD503961,CUST501367,TXN503961,DEV805183,ADDR907408,ADDR907408,2024-12-23,2025-01-02,1,0,0,3370.28,0.0,0.0,0.0,3370.28,0.0,0,1,0,0,24,1,1,2,0,0,0,0,0,1937.44,2,Sports,UPI,Marketplace,Size issue,Budget,231,10,6,4,0,none
ORD503981,CUST501375,TXN503981,DEV804027,ADDR902816,ADDR902816,2024-10-07,2024-10-11,2,0,0,2701.23,0.0,0.0,0.0,1350.62,0.0,0,0,0,0,51,2,1,1,1,0,1,0,0,392.18,1,Home,UPI,Mobile App,Changed mind,Mass Market,1356,4,2,2,0,none
ORD503999,CUST501383,TXN503999,DEV802194,ADDR902153,ADDR902153,2024-06-10,2024-06-22,1,0,0,294.99,0.0,0.0,0.0,294.99,0.0,0,0,0,0,130,1,1,1,0,0,0,0,0,150.2,2,Beauty,Credit Card,Mobile App,Wrong product,Mass Market,101,12,10,2,0,none
ORD504001,CUST501383,TXN504001,DEV802194,ADDR902153,ADDR902153,2024-12-21,2024-12-27,3,1,1,973.82,145.59,0.25,0.25,324.61,145.59,0,0,0,0,84,1,1,1,1,1,1,1,0,935.7,1,Accessories,Credit Card,Mobile App,Quality issue,Mass Market,101,6,3,3,0,none
ORD504002,CUST501384,TXN504002,DEV808305,ADDR901307,ADDR901307,2024-07-27,2024-08-03,0,0,0,0.0,0.0,0.0,0.0,0.0,0.0,0,0,0,0,999,1,1,1,0,0,0,0,0,693.06,1,Accessories,Net Banking,Marketplace,Size issue,Mass Market,1621,7,6,1,0,none
ORD504015,CUST501389,TXN504015,DEV808898,ADDR902985,ADDR902985,2024-01-06,2024-01-21,0,0,0,0.0,0.0,0.0,0.0,0.0,0.0,0,0,0,0,999,1,1,1,0,0,0,0,0,882.5,2,Grocery,Debit Card,Marketplace,Size issue,Budget,1441,15,12,3,1,serial_return_abuse
ORD504016,CUST501389,TXN504016,DEV808898,ADDR902985,ADDR902985,2024-03-18,2024-03-24,2,1,1,2071.91,817.7,0.3333,0.3333,1035.96,817.7,0,0,0,0,39,1,1,1,1,1,1,1,0,2839.92,1,Fashion,Net Banking,Mobile App,Changed mind,Budget,1441,6,3,3,1,serial_return_abuse
ORD504018,CUST501389,TXN504018,DEV808898,ADDR902985,ADDR902985,2024-05-16,2024-05-29,5,3,1,8268.14,817.7,0.5,0.1667,1653.63,817.7,0,2,1,0,23,1,1,1,3,3,1,1,0,2044.29,1,Fashion,EMI,Mobile App,Quality issue,Budget,1441,13,12,1,1,serial_return_abuse
ORD504019,CUST501389,TXN504019,DEV808898,ADDR902985,ADDR902985,2024-06-19,2024-06-23,6,4,2,10312.43,2624.11,0.5714,0.2857,1718.74,1312.06,0,0,1,1,38,1,1,1,4,4,2,2,0,589.74,1,Beauty,UPI,Mobile App,Size issue,Budget,1441,4,2,2,1,serial_return_abuse
ORD504021,CUST501389,TXN504021,DEV808898,ADDR902985,ADDR902985,2024-11-08,2024-11-17,8,5,3,12741.54,3094.88,0.5556,0.3333,1592.69,1031.63,0,0,0,0,146,1,1,1,5,5,3,3,0,3079.48,1,Footwear,Debit Card,Marketplace,Quality issue,Budget,1441,9,7,2,1,serial_return_abuse
ORD504023,CUST501390,TXN504023,DEV806463,ADDR905961,ADDR905961,2024-05-24,2024-06-06,1,0,0,1985.45,0.0,0.0,0.0,1985.45,0.0,0,0,0,0,153,1,3,3,0,1,0,0,0,2526.69,1,Sports,UPI,Mobile App,Other,Mass Market,765,13,9,4,0,none
ORD504038,CUST501395,TXN504038,DEV802390,ADDR908175,ADDR908175,2024-04-17,2024-04-28,1,0,0,3471.22,0.0,0.0,0.0,3471.22,0.0,0,0,0,0,39,1,1,1,0,0,0,0,0,2013.43,2,Home,Debit Card,Mobile App,Damaged product,Mass Market,1026,11,10,1,0,none
ORD504051,CUST501398,TXN504051,DEV806041,ADDR909186,ADDR903146,2024-08-27,2024-09-08,2,1,0,2574.28,0.0,0.3333,0.0,1287.14,0.0,0,0,0,0,197,1,1,1,1,1,0,0,1,3040.7,1,Sports,UPI,Website,Changed mind,Budget,1347,12,8,4,0,none
ORD504052,CUST501398,TXN504052,DEV806041,ADDR909186,ADDR902888,2024-12-17,2024-12-25,4,2,1,8769.49,2915.02,0.4,0.2,2192.37,2915.02,1,1,0,0,1,1,1,1,2,2,1,1,1,3871.77,2,Sports,Credit Card,Website,Changed mind,Budget,1347,8,4,4,0,none
ORD504057,CUST501399,TXN504057,DEV808361,ADDR901268,ADDR903879,2024-06-08,2024-06-15,4,2,0,5072.63,0.0,0.4,0.0,1268.16,0.0,0,0,0,0,36,1,1,1,2,2,0,0,1,3680.11,2,Electronics,UPI,Marketplace,Changed mind,Mass Market,1692,7,4,3,0,none
ORD504061,CUST501400,TXN504061,DEV801701,ADDR907643,ADDR907643,2024-05-23,2024-06-02,1,0,0,1492.34,0.0,0.0,0.0,1492.34,0.0,0,0,0,0,71,2,1,1,0,0,0,0,0,2028.22,1,Electronics,UPI,Mobile App,Damaged product,Budget,721,10,7,3,0,none
ORD504069,CUST501402,TXN504069,DEV803440,ADDR904817,ADDR904817,2024-01-30,2024-02-03,0,0,0,0.0,0.0,0.0,0.0,0.0,0.0,0,0,0,0,999,1,2,2,0,0,0,0,0,2273.75,1,Home,Credit Card,Website,Size issue,Premium,1128,4,2,2,0,none
ORD504072,CUST501402,TXN504072,DEV803440,ADDR904817,ADDR904817,2024-04-28,2024-05-03,3,1,1,5549.23,2126.05,0.25,0.25,1849.74,2126.05,0,1,0,0,30,2,2,2,1,1,1,1,0,459.78,1,Sports,Credit Card,Mobile App,Product not as described,Premium,1128,5,4,1,0,none
ORD504073,CUST501402,TXN504073,DEV803440,ADDR904817,ADDR904817,2024-09-08,2024-09-10,5,2,2,6966.41,2537.53,0.3333,0.3333,1393.28,1268.77,0,1,0,0,21,2,2,2,2,4,2,3,0,2605.87,1,Footwear,UPI,Mobile App,Damaged product,Premium,1128,2,1,1,0,none
ORD504077,CUST501403,TXN504077,DEV803319,ADDR909010,ADDR909010,2024-11-06,2024-11-10,3,0,0,7316.51,0.0,0.0,0.0,2438.84,0.0,0,0,0,0,38,1,1,1,0,0,0,0,0,1512.2,1,Accessories,Wallet,Mobile App,Wrong product,Premium,1536,4,2,2,0,none
ORD504089,CUST501409,TXN504089,DEV807586,ADDR906312,ADDR906312,2024-01-13,2024-01-22,0,0,0,0.0,0.0,0.0,0.0,0.0,0.0,0,0,0,0,999,2,1,1,0,0,0,0,0,1666.16,1,Fashion,Credit Card,Mobile App,Size issue,High Value,720,9,5,4,0,none
ORD504102,CUST501413,TXN504102,DEV803703,ADDR908187,ADDR905347,2024-02-08,2024-02-18,0,0,0,0.0,0.0,0.0,0.0,0.0,0.0,0,0,0,0,999,1,2,1,0,0,0,0,1,1056.58,2,Beauty,Credit Card,Mobile App,Product not as described,Budget,1163,10,8,2,0,none
ORD504108,CUST501414,TXN504108,DEV803185,ADDR902637,ADDR902637,2024-11-24,2024-12-02,2,0,0,1188.46,0.0,0.0,0.0,594.23,0.0,0,0,0,0,206,1,1,2,0,0,0,0,0,3518.12,2,Footwear,UPI,Website,Changed mind,Budget,113,8,7,1,0,none
ORD504137,CUST501425,TXN504137,DEV803444,ADDR908772,ADDR904416,2024-03-09,2024-03-23,1,0,0,1333.55,0.0,0.0,0.0,1333.55,0.0,1,1,0,0,6,1,1,1,0,0,0,0,1,6224.31,1,Electronics,Net Banking,Marketplace,Size issue,Budget,1661,14,10,4,1,serial_return_abuse
ORD504138,CUST501425,TXN504138,DEV803444,ADDR908772,ADDR908772,2024-03-17,2024-03-23,1,0,0,6224.31,0.0,0.0,0.0,6224.31,0.0,0,1,0,0,14,1,1,1,0,0,0,0,0,1333.55,2,Accessories,EMI,Website,Size issue,Budget,1661,6,3,3,1,serial_return_abuse
ORD504139,CUST501425,TXN504139,DEV803444,ADDR908772,ADDR908772,2024-07-30,2024-08-08,3,2,2,10524.03,6180.46,0.5,0.5,3508.01,3090.23,1,1,0,0,7,2,1,2,2,2,2,2,0,1489.56,1,Accessories,Net Banking,Mobile App,Changed mind,Budget,1661,9,5,4,1,serial_return_abuse
ORD504141,CUST501425,TXN504141,DEV803444,ADDR908772,ADDR908772,2024-08-20,2024-08-31,4,3,3,12013.59,7379.85,0.6,0.6,3003.4,2459.95,0,1,1,1,30,2,1,2,3,3,3,3,0,3290.72,1,Electronics,UPI,Website,Late delivery,Budget,1661,11,9,2,1,serial_return_abuse
ORD504146,CUST501428,TXN504146,DEV808424,ADDR901709,ADDR901709,2024-03-06,2024-03-18,0,0,0,0.0,0.0,0.0,0.0,0.0,0.0,0,0,0,0,999,1,1,1,0,0,0,0,0,349.86,2,Fashion,UPI,Mobile App,Size issue,Budget,1583,12,9,3,1,serial_return_abuse
ORD504148,CUST501428,TXN504148,DEV808424,ADDR901709,ADDR901709,2024-05-02,2024-05-12,2,1,1,2365.37,302.58,0.3333,0.3333,1182.68,302.58,0,1,0,0,15,1,1,1,1,1,1,1,0,1719.76,2,Accessories,Debit Card,Website,Changed mind,Budget,1583,10,6,4,1,serial_return_abuse
ORD504149,CUST501428,TXN504149,DEV808424,ADDR901709,ADDR901709,2024-07-09,2024-07-14,4,2,2,4523.9,1973.99,0.4,0.4,1130.97,987.0,1,1,0,0,3,1,1,1,2,2,2,2,0,653.98,2,Fashion,UPI,Mobile App,Other,Budget,1583,5,2,3,1,serial_return_abuse
ORD504151,CUST501428,TXN504151,DEV808424,ADDR901709,ADDR901709,2024-07-16,2024-07-27,6,4,3,6097.56,2556.28,0.5714,0.4286,1016.26,852.09,1,3,2,1,2,1,1,1,4,4,3,3,0,1479.85,1,Beauty,Credit Card,Mobile App,Size issue,Budget,1583,11,10,1,1,serial_return_abuse
ORD504156,CUST501430,TXN504156,DEV802901,ADDR902160,ADDR902160,2024-07-15,2024-07-28,1,0,0,481.43,0.0,0.0,0.0,481.43,0.0,0,0,0,0,137,1,1,1,0,0,0,0,0,441.42,1,Fashion,UPI,Marketplace,Size issue,High Value,1084,13,9,4,0,none
ORD504157,CUST501430,TXN504157,DEV802901,ADDR902160,ADDR902160,2024-12-08,2024-12-22,2,1,1,922.85,334.33,0.3333,0.3333,461.42,334.33,0,0,0,0,160,1,1,1,1,1,1,1,0,675.3,3,Footwear,EMI,Website,Wrong product,High Value,1084,14,12,2,0,none
ORD504162,CUST501433,TXN504162,DEV809000,ADDR909000,ADDR909000,2024-01-11,2024-01-16,0,0,0,0.0,0.0,0.0,0.0,0.0,0.0,0,0,0,0,999,1,1,1,0,0,0,0,0,3767.21,1,Electronics,Net Banking,Mobile App,Product not as described,Budget,515,5,2,3,1,account_multiplication
ORD504163,CUST501433,TXN504163,DEV809000,ADDR909000,ADDR909000,2024-07-31,2024-08-13,1,1,1,3767.21,3334.38,0.5,0.5,3767.21,3334.38,0,0,0,0,215,2,2,2,1,1,1,1,0,2666.79,1,Fashion,Credit Card,Website,Size issue,Budget,515,13,10,3,1,account_multiplication
ORD504165,CUST501434,TXN504165,DEV808716,ADDR908936,ADDR908936,2024-01-28,2024-02-09,0,0,0,0.0,0.0,0.0,0.0,0.0,0.0,0,0,0,0,999,1,1,1,0,0,0,0,0,1490.72,2,Accessories,UPI,Social Commerce,Late delivery,Budget,180,12,11,1,0,none
ORD504170,CUST501434,TXN504170,DEV808716,ADDR908936,ADDR908936,2024-11-24,2024-12-08,6,1,1,16479.08,1389.66,0.1429,0.1429,2746.51,1389.66,0,0,0,0,47,1,1,1,1,1,1,1,0,703.31,2,Footwear,UPI,Social Commerce,Product not as described,Budget,180,14,12,2,0,none
ORD504174,CUST501435,TXN504174,DEV804541,ADDR908454,ADDR903484,2024-08-24,2024-08-30,4,0,0,3106.48,0.0,0.0,0.0,776.62,0.0,0,0,0,0,66,1,3,1,0,1,0,1,1,2759.31,1,Fashion,Debit Card,Website,Size issue,Budget,326,6,4,2,0,none
ORD504180,CUST501439,TXN504180,DEV807852,ADDR903804,ADDR903804,2024-07-14,2024-07-19,0,0,0,0.0,0.0,0.0,0.0,0.0,0.0,0,0,0,0,999,1,1,1,0,0,0,0,0,498.34,1,Grocery,UPI,Mobile App,Product not as described,Budget,969,5,3,2,0,none
ORD504181,CUST501440,TXN504181,DEV803568,ADDR903784,ADDR903784,2024-04-18,2024-04-30,0,0,0,0.0,0.0,0.0,0.0,0.0,0.0,0,0,0,0,999,1,1,1,0,0,0,0,0,2913.28,1,Sports,Debit Card,Mobile App,Changed mind,High Value,634,12,9,3,0,none
ORD504183,CUST501441,TXN504183,DEV804763,ADDR902416,ADDR902416,2024-06-05,2024-06-11,2,0,0,2742.29,0.0,0.0,0.0,1371.14,0.0,0,0,0,0,137,1,1,1,0,0,0,0,0,3139.5,2,Footwear,Credit Card,Mobile App,Size issue,Mass Market,1781,6,5,1,1,serial_return_abuse
ORD504184,CUST501441,TXN504184,DEV804763,ADDR902416,ADDR902416,2024-07-17,2024-07-28,4,1,1,8177.36,2501.65,0.2,0.2,2044.34,2501.65,0,0,0,0,39,1,1,1,1,1,1,1,0,2446.95,1,Fashion,Credit Card,Mobile App,Size issue,Mass Market,1781,11,10,1,1,serial_return_abuse
ORD504185,CUST501441,TXN504185,DEV804763,ADDR902416,ADDR902416,2024-10-20,2024-11-02,6,2,2,11390.76,4611.42,0.2857,0.2857,1898.46,2305.71,1,1,0,0,4,1,1,1,2,2,2,2,0,849.63,1,Sports,UPI,Mobile App,Quality issue,Mass Market,1781,13,12,1,1,serial_return_abuse
ORD504191,CUST501443,TXN504191,DEV808014,ADDR905041,ADDR905041,2024-01-21,2024-01-31,0,0,0,0.0,0.0,0.0,0.0,0.0,0.0,0,0,0,0,999,1,1,1,0,0,0,0,0,988.75,2,Beauty,Net Banking,Mobile App,Changed mind,High Value,59,10,9,1,0,none
ORD504201,CUST501446,TXN504201,DEV809261,ADDR901550,ADDR901550,2024-10-02,2024-10-11,4,0,0,3891.86,0.0,0.0,0.0,972.96,0.0,0,0,0,0,48,4,1,1,1,0,1,0,0,1795.53,1,Footwear,Credit Card,Marketplace,Damaged product,Budget,1532,9,6,3,0,none
ORD504205,CUST501447,TXN504205,DEV802605,ADDR908412,ADDR908412,2024-08-07,2024-08-17,3,0,0,2167.93,0.0,0.0,0.0,722.64,0.0,0,0,0,0,88,1,3,3,0,1,0,0,0,2672.4,1,Fashion,UPI,Mobile App,Damaged product,Mass Market,1011,10,6,4,0,none
ORD504211,CUST501449,TXN504211,DEV805846,ADDR904916,ADDR904916,2024-08-05,2024-08-11,1,0,0,2854.07,0.0,0.0,0.0,2854.07,0.0,0,0,0,0,222,1,1,1,0,0,0,0,0,1683.19,1,Accessories,UPI,Website,Changed mind,Premium,764,6,3,3,0,none
ORD504214,CUST501450,TXN504214,DEV808860,ADDR905994,ADDR905994,2024-12-23,2024-12-31,2,0,0,1950.17,0.0,0.0,0.0,975.08,0.0,0,0,0,0,43,1,1,1,0,0,0,0,0,2310.52,2,Home,UPI,Mobile App,Damaged product,Mass Market,62,8,6,2,0,none
ORD504215,CUST501451,TXN504215,DEV801399,ADDR908452,ADDR908452,2024-07-17,2024-07-25,1,0,0,314.11,0.0,0.0,0.0,314.11,0.0,0,0,0,0,75,1,1,1,0,0,0,0,0,2352.49,1,Home,Net Banking,Mobile App,Quality issue,Budget,1787,8,6,2,0,none
ORD504218,CUST501452,TXN504218,DEV807641,ADDR904030,ADDR902814,2024-07-23,2024-08-05,4,0,0,3157.93,0.0,0.0,0.0,789.48,0.0,0,3,0,0,9,1,1,2,0,0,0,0,1,2454.99,1,Electronics,Credit Card,Mobile App,Damaged product,Mass Market,1470,13,9,4,1,serial_return_abuse
ORD504252,CUST501465,TXN504252,DEV809730,ADDR905788,ADDR905788,2024-03-15,2024-03-28,2,0,0,6200.81,0.0,0.0,0.0,3100.4,0.0,0,0,0,0,68,1,1,1,0,0,0,0,0,5469.91,1,Electronics,UPI,Mobile App,Late delivery,Mass Market,1720,13,11,2,1,serial_return_abuse
ORD504253,CUST501465,TXN504253,DEV809730,ADDR905788,ADDR905788,2024-05-13,2024-05-21,5,1,1,14004.43,4156.94,0.1667,0.1667,2800.89,4156.94,0,1,0,0,21,1,1,1,1,1,1,1,0,288.46,1,Beauty,UPI,Marketplace,Product not as described,Mass Market,1720,8,7,1,1,serial_return_abuse
ORD504256,CUST501465,TXN504256,DEV809730,ADDR905788,ADDR905788,2024-08-27,2024-09-09,8,2,2,21282.25,4420.79,0.2222,0.2222,2660.28,2210.4,0,1,0,0,25,1,1,1,2,2,2,2,0,536.34,1,Fashion,Credit Card,Marketplace,Quality issue,Mass Market,1720,13,9,4,1,serial_return_abuse
ORD504258,CUST501465,TXN504258,DEV809730,ADDR905788,ADDR907553,2024-12-22,2024-12-27,10,4,3,22613.93,4946.76,0.3636,0.2727,2261.39,1648.92,0,0,0,0,71,1,1,1,4,4,3,3,1,525.08,1,Home,UPI,Marketplace,Wrong product,Mass Market,1720,5,2,3,1,serial_return_abuse
ORD504259,CUST501466,TXN504259,DEV802075,ADDR904085,ADDR904085,2024-05-22,2024-05-25,0,0,0,0.0,0.0,0.0,0.0,0.0,0.0,0,0,0,0,999,1,1,1,0,0,0,0,0,112.57,1,Grocery,Wallet,Mobile App,Damaged product,Mass Market,1668,3,2,1,0,none
ORD504268,CUST501468,TXN504268,DEV802791,ADDR903699,ADDR903699,2024-02-04,2024-02-18,0,0,0,0.0,0.0,0.0,0.0,0.0,0.0,0,0,0,0,999,1,1,1,0,0,0,0,0,4531.65,1,Electronics,Credit Card,Mobile App,Quality issue,High Value,187,14,10,4,0,none
ORD504281,CUST501472,TXN504281,DEV801351,ADDR905776,ADDR905776,2024-01-10,2024-01-24,0,0,0,0.0,0.0,0.0,0.0,0.0,0.0,0,0,0,0,999,1,1,1,0,0,0,0,0,3644.2,1,Footwear,Credit Card,Mobile App,Late delivery,Budget,1540,14,12,2,0,none
ORD504298,CUST501478,TXN504298,DEV801775,ADDR903430,ADDR903430,2024-01-03,2024-01-14,0,0,0,0.0,0.0,0.0,0.0,0.0,0.0,0,0,0,0,999,1,1,1,0,0,0,0,0,674.21,1,Home,Wallet,Marketplace,Size issue,Premium,1761,11,9,2,0,none
ORD504313,CUST501483,TXN504313,DEV808347,ADDR909845,ADDR909845,2024-01-14,2024-01-29,1,0,0,2087.05,0.0,0.0,0.0,2087.05,0.0,0,1,0,0,16,1,1,1,0,0,0,0,0,393.82,1,Footwear,UPI,Mobile App,Size issue,Premium,793,15,12,3,0,none
ORD504322,CUST501487,TXN504322,DEV808764,ADDR905748,ADDR905748,2024-10-17,2024-10-25,3,0,0,3193.5,0.0,0.0,0.0,1064.5,0.0,0,0,0,0,113,2,1,1,1,0,0,0,0,4062.28,1,Sports,UPI,Marketplace,Quality issue,Budget,635,8,5,3,0,none
ORD504337,CUST501492,TXN504337,DEV804197,ADDR909625,ADDR909625,2024-07-07,2024-07-12,1,0,0,195.15,0.0,0.0,0.0,195.15,0.0,0,0,0,0,49,1,1,1,0,0,0,0,0,107.51,1,Grocery,UPI,Mobile App,Product not as described,Budget,1275,5,2,3,0,none
ORD504339,CUST501492,TXN504339,DEV804197,ADDR909625,ADDR901659,2024-12-07,2024-12-11,3,1,1,1241.51,103.43,0.25,0.25,413.84,103.43,0,0,0,0,79,1,1,2,1,1,1,1,1,1548.15,1,Accessories,UPI,Marketplace,Product not as described,Budget,1275,4,3,1,0,none
ORD504342,CUST501494,TXN504342,DEV808298,ADDR902431,ADDR902431,2024-04-24,2024-04-26,0,0,0,0.0,0.0,0.0,0.0,0.0,0.0,0,0,0,0,999,1,1,1,0,0,0,0,0,795.32,3,Beauty,UPI,Mobile App,Late delivery,Budget,1769,2,1,1,0,none
ORD504350,CUST501497,TXN504350,DEV807056,ADDR907326,ADDR907326,2024-04-17,2024-04-20,1,0,0,4367.3,0.0,0.0,0.0,4367.3,0.0,0,0,0,0,109,1,1,1,0,0,0,0,0,1716.88,1,Footwear,Credit Card,Marketplace,Late delivery,Budget,905,3,2,1,0,none
ORD504352,CUST501498,TXN504352,DEV806756,ADDR906047,ADDR906047,2024-01-17,2024-02-01,0,0,0,0.0,0.0,0.0,0.0,0.0,0.0,0,0,0,0,999,1,1,1,0,0,0,0,0,695.66,1,Home,UPI,Mobile App,Changed mind,Budget,736,15,12,3,0,none
ORD504355,CUST501498,TXN504355,DEV806756,ADDR906047,ADDR906047,2024-09-26,2024-10-07,4,1,1,7593.86,525.1,0.2,0.2,1898.46,525.1,0,1,0,0,24,1,2,2,1,2,1,2,0,1904.99,1,Accessories,Debit Card,Social Commerce,Damaged product,Budget,736,11,8,3,0,none
ORD504360,CUST501500,TXN504360,DEV807809,ADDR908249,ADDR908249,2024-06-04,2024-06-15,2,0,0,2172.92,0.0,0.0,0.0,1086.46,0.0,0,0,0,0,78,1,1,1,0,0,0,0,0,375.33,1,Fashion,UPI,Website,Damaged product,Mass Market,1548,11,8,3,0,none
ORD504362,CUST501500,TXN504362,DEV807809,ADDR908249,ADDR908249,2024-12-11,2024-12-21,5,2,1,5690.42,362.24,0.3333,0.1667,1138.08,362.24,0,0,0,0,108,1,1,1,2,2,1,1,0,2434.31,2,Electronics,Debit Card,Social Commerce,Quality issue,Mass Market,1548,10,6,4,0,none
ORD504373,CUST501503,TXN504373,DEV806495,ADDR902083,ADDR902083,2024-05-20,2024-05-25,1,0,0,1849.25,0.0,0.0,0.0,1849.25,0.0,0,0,0,0,119,1,1,1,0,0,0,0,0,971.43,2,Home,Net Banking,Website,Damaged product,Budget,1105,5,1,4,0,none
ORD504378,CUST501506,TXN504378,DEV803243,ADDR904264,ADDR904264,2024-10-14,2024-10-30,3,0,0,3833.14,0.0,0.0,0.0,1277.71,0.0,0,0,0,0,98,1,1,1,0,0,0,0,0,732.77,1,Beauty,Net Banking,Mobile App,Quality issue,Mass Market,1193,16,12,4,0,none
ORD504385,CUST501510,TXN504385,DEV808742,ADDR903034,ADDR903034,2024-09-09,2024-09-16,0,0,0,0.0,0.0,0.0,0.0,0.0,0.0,0,0,0,0,999,2,1,1,0,0,0,0,0,2173.17,1,Footwear,Net Banking,Mobile App,Size issue,Budget,1341,7,4,3,0,none
ORD504392,CUST501513,TXN504392,DEV802093,ADDR906927,ADDR906927,2024-03-04,2024-03-17,0,0,0,0.0,0.0,0.0,0.0,0.0,0.0,0,0,0,0,999,2,1,1,0,0,0,0,0,428.48,1,Accessories,EMI,Mobile App,Quality issue,Budget,1039,13,9,4,0,none
ORD504393,CUST501513,TXN504393,DEV802093,ADDR906927,ADDR906927,2024-12-28,2025-01-05,1,1,1,428.48,349.98,0.5,0.5,428.48,349.98,0,0,0,0,307,2,2,2,1,1,1,1,0,190.73,1,Home,Wallet,Website,Product not as described,Budget,1039,8,7,1,0,none
ORD504397,CUST501514,TXN504397,DEV805225,ADDR908007,ADDR908007,2024-08-25,2024-09-02,4,1,0,8747.71,0.0,0.2,0.0,2186.93,0.0,0,0,0,0,103,1,3,3,1,6,0,5,0,2442.92,1,Fashion,Credit Card,Social Commerce,Size issue,Mass Market,923,8,5,3,1,coordinated_address_abuse
ORD504413,CUST501519,TXN504413,DEV805749,ADDR905778,ADDR905778,2024-02-02,2024-02-08,0,0,0,0.0,0.0,0.0,0.0,0.0,0.0,0,0,0,0,999,1,1,1,0,0,0,0,0,5672.75,2,Electronics,Wallet,Mobile App,Quality issue,Mass Market,129,6,4,2,0,none
ORD504417,CUST501520,TXN504417,DEV809419,ADDR904175,ADDR904175,2024-11-02,2024-11-15,4,0,0,14964.83,0.0,0.0,0.0,3741.21,0.0,0,1,0,0,20,1,2,2,0,2,0,0,0,353.53,1,Footwear,UPI,Social Commerce,Other,Mass Market,187,13,12,1,0,none
ORD504425,CUST501523,TXN504425,DEV802570,ADDR909755,ADDR909755,2024-07-16,2024-07-26,4,0,0,5153.47,0.0,0.0,0.0,1288.37,0.0,0,0,0,0,47,1,2,2,0,0,0,0,0,1028.37,1,Footwear,Debit Card,Marketplace,Other,Mass Market,772,10,8,2,0,none
ORD504435,CUST501528,TXN504435,DEV802867,ADDR907837,ADDR907837,2024-02-29,2024-03-10,1,0,0,4183.21,0.0,0.0,0.0,4183.21,0.0,0,0,0,0,68,1,1,1,0,0,0,0,0,1802.8,3,Fashion,UPI,Website,Wrong product,High Value,1158,10,9,1,0,none
ORD504448,CUST501531,TXN504448,DEV809570,ADDR906604,ADDR906604,2024-05-25,2024-06-04,3,0,0,4106.08,0.0,0.0,0.0,1368.69,0.0,0,0,0,0,75,4,1,1,0,0,0,0,0,1610.32,1,Accessories,Credit Card,Mobile App,Product not as described,High Value,1253,10,6,4,0,none
ORD504450,CUST501532,TXN504450,DEV802943,ADDR908007,ADDR908007,2024-01-28,2024-02-04,0,0,0,0.0,0.0,0.0,0.0,0.0,0.0,0,0,0,0,999,1,3,3,0,2,0,1,0,645.14,1,Grocery,UPI,Mobile App,Late delivery,Budget,88,7,4,3,1,coordinated_address_abuse
ORD504451,CUST501532,TXN504451,DEV802943,ADDR908007,ADDR908007,2024-03-06,2024-03-17,1,1,1,645.14,537.4,0.5,0.5,645.14,537.4,0,0,0,0,49,1,3,3,1,3,1,2,0,1025.6,1,Sports,Debit Card,Mobile App,Size issue,Budget,88,11,7,4,1,coordinated_address_abuse
ORD504452,CUST501532,TXN504452,DEV802943,ADDR908007,ADDR908007,2024-08-06,2024-08-19,2,2,2,1670.74,1502.12,0.6667,0.6667,835.37,751.06,0,0,0,0,166,1,3,3,2,5,2,4,0,2039.94,1,Home,Net Banking,Mobile App,Product not as described,Budget,88,13,12,1,1,coordinated_address_abuse
ORD504453,CUST501532,TXN504453,DEV802943,ADDR908007,ADDR908007,2024-12-07,2024-12-14,3,3,3,3710.68,3340.02,0.75,0.75,1236.89,1113.34,0,0,0,0,130,1,3,3,3,8,3,7,0,1453.55,2,Fashion,EMI,Mobile App,Product not as described,Budget,88,7,3,4,1,coordinated_address_abuse
ORD504466,CUST501537,TXN504466,DEV801709,ADDR908002,ADDR908002,2024-04-20,2024-05-04,1,0,0,4179.01,0.0,0.0,0.0,4179.01,0.0,0,0,0,0,98,1,2,2,0,0,0,0,0,3521.06,2,Footwear,EMI,Marketplace,Product not as described,Mass Market,548,14,11,3,1,coordinated_address_abuse
ORD504471,CUST501538,TXN504471,DEV802581,ADDR903028,ADDR903028,2024-11-11,2024-11-26,3,0,0,2008.82,0.0,0.0,0.0,669.61,0.0,0,0,0,0,103,1,2,2,0,0,0,0,0,1468.92,2,Footwear,Debit Card,Marketplace,Size issue,Budget,1575,15,12,3,0,none
ORD504481,CUST501542,TXN504481,DEV809272,ADDR902119,ADDR902119,2024-06-11,2024-06-21,1,0,0,2224.85,0.0,0.0,0.0,2224.85,0.0,0,0,0,0,75,1,1,1,0,0,0,0,0,979.73,1,Fashion,Debit Card,Marketplace,Wrong product,High Value,525,10,6,4,1,serial_return_abuse
ORD504482,CUST501542,TXN504482,DEV809272,ADDR902119,ADDR902119,2024-07-05,2024-07-09,2,1,1,3204.58,927.02,0.3333,0.3333,1602.29,927.02,0,1,1,1,28,1,1,1,1,1,1,1,0,1437.41,1,Home,Wallet,Marketplace,Other,High Value,525,4,2,2,1,serial_return_abuse
ORD504483,CUST501542,TXN504483,DEV809272,ADDR902119,ADDR902119,2024-08-25,2024-08-28,3,2,2,4641.99,2069.72,0.5,0.5,1547.33,1034.86,0,0,0,0,54,1,1,1,2,2,2,2,0,688.47,1,Grocery,Debit Card,Website,Product not as described,High Value,525,3,1,2,1,serial_return_abuse
ORD504485,CUST501542,TXN504485,DEV809272,ADDR902119,ADDR902119,2024-11-20,2024-11-23,5,4,3,6705.66,2713.15,0.6667,0.5,1341.13,904.38,0,0,0,0,53,1,1,1,4,4,3,3,0,315.24,1,Home,Net Banking,Website,Quality issue,High Value,525,3,2,1,1,serial_return_abuse
ORD504486,CUST501542,TXN504486,DEV809272,ADDR902119,ADDR902119,2024-12-03,2024-12-10,6,5,4,7020.9,2982.39,0.7143,0.5714,1170.15,745.6,0,1,1,1,20,1,1,1,5,5,4,4,0,3429.3,1,Sports,Credit Card,Mobile App,Size issue,High Value,525,7,4,3,1,serial_return_abuse
ORD504488,CUST501542,TXN504488,DEV809272,ADDR902119,ADDR909202,2024-12-17,2024-12-30,8,6,5,13870.51,6212.78,0.6667,0.5556,1733.81,1242.56,0,2,1,1,14,1,1,2,6,6,5,5,1,604.95,1,Accessories,UPI,Marketplace,Damaged product,High Value,525,13,9,4,1,serial_return_abuse
ORD504493,CUST501544,TXN504493,DEV803814,ADDR909800,ADDR906245,2024-02-01,2024-02-07,1,0,0,1728.89,0.0,0.0,0.0,1728.89,0.0,0,1,0,0,19,1,1,1,0,0,0,0,1,901.7,2,Grocery,Credit Card,Social Commerce,Quality issue,Budget,607,6,2,4,0,none
ORD504502,CUST501546,TXN504502,DEV804033,ADDR908203,ADDR908203,2024-07-04,2024-07-17,1,0,0,1240.3,0.0,0.0,0.0,1240.3,0.0,0,0,0,0,169,1,1,1,0,0,0,0,0,881.26,3,Grocery,Wallet,Social Commerce,Size issue,High Value,780,13,12,1,0,none
ORD504504,CUST501547,TXN504504,DEV806813,ADDR907219,ADDR907219,2024-07-02,2024-07-15,0,0,0,0.0,0.0,0.0,0.0,0.0,0.0,0,0,0,0,999,2,1,1,0,0,0,0,0,531.65,1,Accessories,Credit Card,Mobile App,Wrong product,Mass Market,400,13,10,3,0,none
ORD504510,CUST501550,TXN504510,DEV806918,ADDR905723,ADDR905723,2024-01-28,2024-02-01,0,0,0,0.0,0.0,0.0,0.0,0.0,0.0,0,0,0,0,999,1,1,1,0,0,0,0,0,1894.79,1,Home,UPI,Marketplace,Size issue,Mass Market,1591,4,2,2,0,none
ORD504534,CUST501556,TXN504534,DEV809002,ADDR909002,ADDR909002,2024-07-14,2024-07-24,2,0,0,3805.76,0.0,0.0,0.0,1902.88,0.0,0,1,0,0,22,2,2,2,1,1,1,1,0,1849.56,3,Footwear,UPI,Mobile App,Size issue,Mass Market,1415,10,9,1,1,account_multiplication
ORD504565,CUST501568,TXN504565,DEV805287,ADDR909887,ADDR909887,2024-09-16,2024-09-21,2,0,0,5158.61,0.0,0.0,0.0,2579.31,0.0,0,0,0,0,103,1,2,2,0,0,0,0,0,2794.64,1,Electronics,Debit Card,Mobile App,Size issue,Mass Market,1063,5,2,3,0,none
ORD504567,CUST501569,TXN504567,DEV809955,ADDR901289,ADDR901289,2024-06-04,2024-06-10,0,0,0,0.0,0.0,0.0,0.0,0.0,0.0,0,0,0,0,999,1,1,1,0,0,0,0,0,4211.52,1,Electronics,Wallet,Marketplace,Product not as described,Budget,1137,6,2,4,0,none
ORD504570,CUST501569,TXN504570,DEV809955,ADDR901289,ADDR901289,2024-12-18,2024-12-31,5,2,1,11234.29,3272.38,0.3333,0.1667,2246.86,3272.38,0,1,0,0,11,1,1,1,2,2,1,1,0,984.63,1,Beauty,UPI,Marketplace,Damaged product,Budget,1137,13,11,2,0,none
ORD504577,CUST501574,TXN504577,DEV809037,ADDR909837,ADDR909837,2024-01-19,2024-01-30,0,0,0,0.0,0.0,0.0,0.0,0.0,0.0,0,0,0,0,999,2,2,2,0,0,0,0,0,3070.9,1,Sports,Debit Card,Mobile App,Quality issue,High Value,1412,11,7,4,0,none
ORD504587,CUST501577,TXN504587,DEV802006,ADDR901461,ADDR901461,2024-02-04,2024-02-08,2,0,0,3030.61,0.0,0.0,0.0,1515.3,0.0,0,2,0,0,22,1,1,1,0,0,0,0,0,1339.67,2,Home,UPI,Website,Wrong product,High Value,686,4,2,2,0,none
ORD504592,CUST501578,TXN504592,DEV807003,ADDR906715,ADDR906715,2024-05-15,2024-05-23,2,0,0,4793.44,0.0,0.0,0.0,2396.72,0.0,0,0,0,0,95,1,1,1,0,0,0,0,0,821.38,1,Grocery,Credit Card,Mobile App,Late delivery,Mass Market,1744,8,7,1,0,none
ORD504598,CUST501581,TXN504598,DEV804844,ADDR906113,ADDR906113,2024-02-21,2024-03-02,1,0,0,2077.1,0.0,0.0,0.0,2077.1,0.0,0,1,0,0,15,2,1,1,1,0,1,0,0,4162.62,1,Sports,Wallet,Website,Wrong product,Budget,537,10,9,1,1,refund_abuse
ORD504600,CUST501581,TXN504600,DEV804844,ADDR906113,ADDR906113,2024-12-05,2024-12-17,7,1,1,17735.25,3513.67,0.125,0.125,2533.61,3513.67,1,1,0,0,7,2,1,1,2,1,2,1,0,1025.72,2,Beauty,UPI,Marketplace,Late delivery,Budget,537,12,10,2,1,refund_abuse
ORD504606,CUST501583,TXN504606,DEV809821,ADDR906343,ADDR906343,2024-08-08,2024-08-20,2,0,0,3654.66,0.0,0.0,0.0,1827.33,0.0,0,0,0,0,188,1,1,1,0,0,0,0,0,1074.38,1,Accessories,Credit Card,Mobile App,Size issue,Budget,70,12,11,1,0,none
ORD504608,CUST501584,TXN504608,DEV807921,ADDR909433,ADDR909433,2024-01-30,2024-02-04,0,0,0,0.0,0.0,0.0,0.0,0.0,0.0,0,0,0,0,999,1,1,1,0,0,0,0,0,705.23,1,Grocery,Debit Card,Social Commerce,Wrong product,Budget,1798,5,1,4,0,none
ORD504609,CUST501584,TXN504609,DEV807921,ADDR909433,ADDR909433,2024-07-16,2024-07-26,2,1,1,2078.14,683.14,0.3333,0.3333,1039.07,683.14,1,1,0,0,4,1,1,1,1,1,1,1,0,252.26,1,Grocery,Debit Card,Social Commerce,Size issue,Budget,1798,10,7,3,0,none
ORD504619,CUST501588,TXN504619,DEV806563,ADDR903730,ADDR903730,2024-12-27,2025-01-03,2,0,0,2082.55,0.0,0.0,0.0,1041.28,0.0,0,0,0,0,43,1,1,1,0,0,0,0,0,5603.25,1,Electronics,UPI,Mobile App,Quality issue,Budget,1691,7,6,1,0,none
ORD504643,CUST501595,TXN504643,DEV809846,ADDR906133,ADDR906133,2024-05-11,2024-05-18,1,0,0,3428.75,0.0,0.0,0.0,3428.75,0.0,0,0,0,0,105,1,1,1,0,0,0,0,0,3869.93,2,Footwear,Debit Card,Mobile App,Wrong product,Mass Market,916,7,3,4,1,serial_return_abuse
ORD504644,CUST501595,TXN504644,DEV809846,ADDR906133,ADDR906133,2024-07-13,2024-07-25,3,1,1,8189.76,3076.82,0.25,0.25,2729.92,3076.82,1,1,0,0,2,1,1,1,1,1,1,1,0,4106.59,1,Sports,Debit Card,Website,Quality issue,Mass Market,916,12,8,4,1,serial_return_abuse
ORD504645,CUST501595,TXN504645,DEV809846,ADDR906133,ADDR906133,2024-07-23,2024-07-27,3,2,1,11405.27,3076.82,0.5,0.25,3801.76,3076.82,0,1,1,0,14,1,1,1,2,2,1,1,0,891.08,1,Fashion,UPI,Website,Changed mind,Mass Market,916,4,2,2,1,serial_return_abuse
ORD504651,CUST501596,TXN504651,DEV809443,ADDR908425,ADDR908425,2024-10-03,2024-10-16,5,0,0,13462.19,0.0,0.0,0.0,2692.44,0.0,0,0,0,0,44,1,1,1,0,0,0,0,0,833.06,1,Beauty,Credit Card,Website,Damaged product,Budget,544,13,9,4,0,none
ORD504655,CUST501597,TXN504655,DEV801304,ADDR909457,ADDR909457,2024-12-04,2024-12-14,3,0,0,6732.43,0.0,0.0,0.0,2244.14,0.0,0,0,0,0,178,1,1,1,0,0,0,0,0,1372.49,1,Accessories,UPI,Website,Duplicate order,Mass Market,399,10,6,4,0,none
ORD504659,CUST501598,TXN504659,DEV804489,ADDR908656,ADDR906130,2024-09-07,2024-09-18,4,0,0,7415.11,0.0,0.0,0.0,1853.78,0.0,0,0,0,0,157,1,1,1,0,0,0,0,1,2932.64,2,Footwear,UPI,Social Commerce,Quality issue,High Value,1052,11,9,2,0,none
ORD504665,CUST501599,TXN504665,DEV808106,ADDR901981,ADDR901981,2024-12-06,2024-12-13,6,1,0,6586.51,0.0,0.1429,0.0,1097.75,0.0,0,1,0,0,26,2,2,2,1,1,0,0,0,636.87,1,Grocery,Debit Card,Mobile App,Wrong product,Budget,1121,7,6,1,1,serial_return_abuse
ORD504677,CUST501602,TXN504677,DEV802055,ADDR904335,ADDR904335,2024-07-17,2024-07-21,4,0,0,5873.88,0.0,0.0,0.0,1468.47,0.0,0,0,0,0,84,1,1,1,0,0,0,0,0,4107.81,1,Electronics,UPI,Mobile App,Quality issue,Mass Market,1730,4,3,1,0,none
ORD504679,CUST501603,TXN504679,DEV805702,ADDR903631,ADDR903631,2024-04-14,2024-04-18,1,0,0,194.14,0.0,0.0,0.0,194.14,0.0,0,0,0,0,61,1,1,1,0,0,0,0,0,843.16,1,Home,UPI,Social Commerce,Damaged product,High Value,1716,4,3,1,0,none
ORD504683,CUST501605,TXN504683,DEV805023,ADDR906087,ADDR906087,2024-03-22,2024-03-25,0,0,0,0.0,0.0,0.0,0.0,0.0,0.0,0,0,0,0,999,1,1,1,0,0,0,0,0,912.45,1,Grocery,UPI,Website,Size issue,Budget,86,3,1,2,1,policy_exploitation
ORD504685,CUST501606,TXN504685,DEV807914,ADDR901606,ADDR901606,2024-04-30,2024-05-08,2,0,0,4056.13,0.0,0.0,0.0,2028.06,0.0,0,0,0,0,102,2,2,2,0,0,0,0,0,506.84,3,Fashion,Credit Card,Website,Wrong product,Mass Market,923,8,4,4,0,none
ORD504688,CUST501607,TXN504688,DEV801477,ADDR905233,ADDR905233,2024-05-25,2024-06-06,1,0,0,2452.76,0.0,0.0,0.0,2452.76,0.0,0,0,0,0,144,1,1,1,0,0,0,0,0,954.82,1,Fashion,Debit Card,Social Commerce,Changed mind,Budget,309,12,11,1,0,none
ORD504694,CUST501609,TXN504694,DEV801326,ADDR901906,ADDR901906,2024-08-24,2024-09-03,2,0,0,2066.64,0.0,0.0,0.0,1033.32,0.0,0,0,0,0,226,1,1,1,0,0,0,0,0,172.78,1,Beauty,Debit Card,Mobile App,Wrong product,Premium,1632,10,6,4,0,none
ORD504695,CUST501609,TXN504695,DEV801326,ADDR901906,ADDR901906,2024-10-30,2024-11-13,3,1,1,2239.42,165.68,0.25,0.25,746.47,165.68,0,0,0,0,81,1,1,1,1,1,1,1,0,2277.49,1,Fashion,Wallet,Mobile App,Changed mind,Premium,1632,14,11,3,0,none
ORD504701,CUST501612,TXN504701,DEV803302,ADDR904867,ADDR904867,2024-02-01,2024-02-07,0,0,0,0.0,0.0,0.0,0.0,0.0,0.0,0,0,0,0,999,1,1,1,0,0,0,0,0,4240.9,1,Electronics,UPI,Website,Size issue,Premium,1755,6,2,4,0,none
ORD504705,CUST501613,TXN504705,DEV802976,ADDR909551,ADDR909551,2024-02-24,2024-02-26,1,0,0,1854.69,0.0,0.0,0.0,1854.69,0.0,0,0,0,0,45,1,1,1,0,0,0,0,0,2969.09,1,Fashion,Credit Card,Mobile App,Quality issue,Budget,1054,2,1,1,1,serial_return_abuse
ORD504706,CUST501613,TXN504706,DEV802976,ADDR909551,ADDR909551,2024-03-25,2024-03-31,2,1,1,4823.78,2592.65,0.3333,0.3333,2411.89,2592.65,0,0,0,1,36,1,1,1,1,1,1,1,0,4061.94,1,Electronics,UPI,Mobile App,Damaged product,Budget,1054,6,2,4,1,serial_return_abuse
ORD504709,CUST501613,TXN504709,DEV802976,ADDR909551,ADDR909551,2024-12-24,2025-01-04,6,3,2,12689.76,6213.89,0.4286,0.2857,2114.96,3106.94,0,1,0,0,29,1,1,1,3,3,2,2,0,2062.95,1,Footwear,Debit Card,Marketplace,Size issue,Budget,1054,11,7,4,1,serial_return_abuse
ORD504713,CUST501614,TXN504713,DEV809605,ADDR905125,ADDR905125,2024-09-27,2024-10-09,6,0,0,10257.45,0.0,0.0,0.0,1709.57,0.0,0,1,0,0,23,1,1,1,0,0,0,0,0,1244.6,1,Sports,UPI,Website,Late delivery,Mass Market,1617,12,8,4,0,none
ORD504714,CUST501614,TXN504714,DEV809605,ADDR905125,ADDR905125,2024-10-09,2024-10-21,7,1,1,11502.05,1219.44,0.125,0.125,1643.15,1219.44,0,1,1,1,24,1,1,1,1,1,1,1,0,624.69,1,Grocery,Credit Card,Mobile App,Changed mind,Mass Market,1617,12,8,4,0,none
ORD504718,CUST501615,TXN504718,DEV803003,ADDR906134,ADDR906134,2024-10-20,2024-11-02,2,0,0,1369.71,0.0,0.0,0.0,684.86,0.0,0,0,0,0,80,1,1,1,0,0,0,0,0,457.8,1,Fashion,UPI,Marketplace,Quality issue,Mass Market,517,13,9,4,0,none
ORD504728,CUST501619,TXN504728,DEV809740,ADDR907139,ADDR907139,2024-01-18,2024-01-30,0,0,0,0.0,0.0,0.0,0.0,0.0,0.0,0,0,0,0,999,1,1,1,0,0,0,0,0,1836.07,2,Home,UPI,Mobile App,Product not as described,High Value,1034,12,8,4,0,none
ORD504739,CUST501622,TXN504739,DEV806049,ADDR901345,ADDR901345,2024-09-18,2024-09-26,2,0,0,2219.23,0.0,0.0,0.0,1109.62,0.0,0,0,0,0,226,1,1,1,0,0,0,0,0,874.96,1,Beauty,UPI,Mobile App,Damaged product,Mass Market,1712,8,7,1,0,none
ORD504744,CUST501625,TXN504744,DEV806945,ADDR902999,ADDR902999,2024-07-18,2024-07-24,3,0,0,2869.41,0.0,0.0,0.0,956.47,0.0,0,0,0,0,56,1,2,2,0,0,0,0,0,607.35,2,Accessories,UPI,Mobile App,Damaged product,Mass Market,1338,6,2,4,0,none
ORD504753,CUST501627,TXN504753,DEV805929,ADDR902478,ADDR902478,2024-05-13,2024-05-18,3,0,0,3629.26,0.0,0.0,0.0,1209.75,0.0,0,0,0,0,33,1,1,1,0,0,0,0,0,4366.71,2,Sports,Debit Card,Mobile App,Other,Budget,553,5,4,1,0,none
ORD504757,CUST501629,TXN504757,DEV806196,ADDR907656,ADDR907656,2024-01-24,2024-02-09,0,0,0,0.0,0.0,0.0,0.0,0.0,0.0,0,0,0,0,999,1,1,1,0,0,0,0,0,1441.16,2,Fashion,Debit Card,Website,Changed mind,High Value,928,16,12,4,0,none
ORD504761,CUST501630,TXN504761,DEV809055,ADDR908718,ADDR908718,2024-11-10,2024-11-23,4,0,0,10625.53,0.0,0.0,0.0,2656.38,0.0,1,1,0,0,7,3,1,1,1,0,0,0,0,504.39,2,Fashion,UPI,Mobile App,Size issue,High Value,194,13,9,4,0,none
ORD504765,CUST501632,TXN504765,DEV803627,ADDR905275,ADDR905275,2024-03-17,2024-03-27,0,0,0,0.0,0.0,0.0,0.0,0.0,0.0,0,0,0,0,999,3,1,1,0,0,0,0,0,3062.52,1,Footwear,UPI,Marketplace,Changed mind,High Value,235,10,8,2,0,none
ORD504776,CUST501634,TXN504776,DEV801853,ADDR904010,ADDR904010,2024-08-15,2024-08-24,2,0,0,4071.6,0.0,0.0,0.0,2035.8,0.0,0,1,0,0,22,1,1,1,0,0,0,0,0,1371.57,2,Beauty,UPI,Mobile App,Damaged product,Mass Market,1590,9,6,3,0,none
ORD504777,CUST501634,TXN504777,DEV801853,ADDR904010,ADDR903098,2024-11-11,2024-11-15,3,1,1,5443.17,1271.1,0.25,0.25,1814.39,1271.1,0,0,0,0,92,1,1,1,1,1,1,1,1,1120.19,1,Beauty,Wallet,Mobile App,Other,Mass Market,1590,4,2,2,0,none
ORD504778,CUST501635,TXN504778,DEV803229,ADDR901050,ADDR901050,2024-03-05,2024-03-17,1,0,0,3225.94,0.0,0.0,0.0,3225.94,0.0,0,0,0,0,64,1,1,1,0,0,0,0,0,785.93,1,Grocery,Net Banking,Website,Size issue,Mass Market,1342,12,8,4,0,none
ORD504780,CUST501635,TXN504780,DEV803229,ADDR901050,ADDR901050,2024-11-18,2024-11-28,3,1,1,4824.15,696.32,0.25,0.25,1608.05,696.32,0,0,0,0,243,1,1,1,1,1,1,1,0,3914.62,1,Electronics,Debit Card,Website,Changed mind,Mass Market,1342,10,9,1,0,none
ORD504785,CUST501637,TXN504785,DEV803131,ADDR907722,ADDR907722,2024-05-09,2024-05-20,1,0,0,549.6,0.0,0.0,0.0,549.6,0.0,0,0,0,0,102,1,1,1,0,0,0,0,0,600.91,1,Home,UPI,Social Commerce,Size issue,Budget,1087,11,9,2,0,none
ORD504786,CUST501637,TXN504786,DEV803131,ADDR907722,ADDR907722,2024-06-19,2024-07-03,2,1,1,1150.51,474.76,0.3333,0.3333,575.26,474.76,0,0,0,0,55,1,1,1,1,1,1,1,0,2305.73,2,Fashion,Credit Card,Marketplace,Other,Budget,1087,14,12,2,0,none
ORD504787,CUST501637,TXN504787,DEV803131,ADDR907722,ADDR907722,2024-07-30,2024-08-13,3,2,2,3456.24,2761.44,0.5,0.5,1152.08,1380.72,0,0,0,0,55,1,1,1,2,2,2,2,0,887.05,1,Beauty,Debit Card,Mobile App,Changed mind,Budget,1087,14,12,2,0,none
ORD504791,CUST501638,TXN504791,DEV808837,ADDR903187,ADDR903187,2024-12-30,2025-01-05,3,1,0,2814.78,0.0,0.25,0.0,938.26,0.0,0,0,0,0,31,1,1,1,1,1,0,0,0,1683.6,1,Accessories,Wallet,Website,Changed mind,High Value,954,6,5,1,0,none
ORD504823,CUST501647,TXN504823,DEV804121,ADDR905361,ADDR905361,2024-08-08,2024-08-16,4,0,0,4753.71,0.0,0.0,0.0,1188.43,0.0,0,1,0,0,27,1,1,1,0,0,0,0,0,2874.69,1,Sports,Credit Card,Website,Changed mind,Budget,446,8,6,2,0,none
ORD504824,CUST501647,TXN504824,DEV804121,ADDR905361,ADDR905361,2024-11-30,2024-12-08,5,1,1,7628.4,2601.57,0.1667,0.1667,1525.68,2601.57,0,0,0,0,122,1,1,1,1,1,1,1,0,2960.56,3,Footwear,Wallet,Mobile App,Size issue,Budget,446,8,7,1,0,none
ORD504829,CUST501650,TXN504829,DEV803391,ADDR901471,ADDR901471,2024-01-15,2024-01-19,0,0,0,0.0,0.0,0.0,0.0,0.0,0.0,0,0,0,0,999,1,1,1,0,0,0,0,0,65.6,1,Grocery,Credit Card,Social Commerce,Size issue,Mass Market,1652,4,1,3,0,none
ORD504830,CUST501650,TXN504830,DEV803391,ADDR901471,ADDR901471,2024-11-08,2024-11-13,2,1,1,2355.02,53.55,0.3333,0.3333,1177.51,53.55,0,1,0,0,9,1,1,1,1,1,1,1,0,227.17,1,Accessories,EMI,Website,Damaged product,Mass Market,1652,5,1,4,0,none
ORD504838,CUST501653,TXN504838,DEV807513,ADDR904476,ADDR904476,2024-03-27,2024-04-06,1,0,0,587.92,0.0,0.0,0.0,587.92,0.0,0,0,0,0,58,1,1,1,0,0,0,0,0,227.14,1,Beauty,Debit Card,Website,Size issue,Budget,692,10,9,1,0,none
ORD504850,CUST501659,TXN504850,DEV806557,ADDR908669,ADDR908669,2024-02-17,2024-02-25,0,0,0,0.0,0.0,0.0,0.0,0.0,0.0,0,0,0,0,999,1,1,1,0,0,0,0,0,139.29,1,Grocery,Credit Card,Website,Product not as described,Budget,1039,8,6,2,0,none
ORD504851,CUST501659,TXN504851,DEV806557,ADDR908669,ADDR908669,2024-04-17,2024-04-28,1,1,1,139.29,135.07,0.5,0.5,139.29,135.07,0,0,0,0,71,1,1,1,1,1,1,1,0,2543.15,1,Footwear,Credit Card,Mobile App,Damaged product,Budget,1039,11,7,4,0,none
ORD504858,CUST501660,TXN504858,DEV809690,ADDR908093,ADDR902511,2024-11-30,2024-12-12,6,0,0,12235.47,0.0,0.0,0.0,2039.24,0.0,0,3,0,0,9,1,1,1,0,0,0,0,1,400.61,2,Electronics,Wallet,Mobile App,Changed mind,Budget,1484,12,11,1,0,none
ORD504868,CUST501665,TXN504868,DEV808208,ADDR901871,ADDR901871,2024-04-09,2024-04-22,2,0,0,7019.06,0.0,0.0,0.0,3509.53,0.0,0,0,0,0,70,1,1,1,0,0,0,0,0,6319.6,3,Electronics,EMI,Mobile App,Size issue,High Value,1168,13,11,2,0,none
ORD504873,CUST501666,TXN504873,DEV804000,ADDR901587,ADDR901587,2024-11-07,2024-11-12,2,0,0,3706.45,0.0,0.0,0.0,1853.22,0.0,0,0,0,0,243,1,1,1,0,0,0,0,0,1702.1,1,Accessories,Debit Card,Website,Changed mind,Budget,500,5,1,4,0,none
ORD504874,CUST501667,TXN504874,DEV808653,ADDR908150,ADDR908150,2024-05-06,2024-05-14,0,0,0,0.0,0.0,0.0,0.0,0.0,0.0,0,0,0,0,999,1,1,1,0,0,0,0,0,1872.44,1,Accessories,EMI,Website,Changed mind,Mass Market,1475,8,4,4,0,none
ORD504876,CUST501667,TXN504876,DEV808653,ADDR908150,ADDR908150,2024-07-06,2024-07-13,2,1,1,3855.45,1624.24,0.3333,0.3333,1927.72,1624.24,0,0,0,0,40,1,1,1,1,1,1,1,0,4211.75,1,Sports,Credit Card,Mobile App,Other,Mass Market,1475,7,5,2,0,none
ORD504879,CUST501668,TXN504879,DEV801668,ADDR908233,ADDR908233,2024-06-01,2024-06-16,3,0,0,6364.42,0.0,0.0,0.0,2121.47,0.0,0,0,0,0,99,1,2,2,0,2,0,0,0,1302.04,1,Home,UPI,Website,Damaged product,Budget,1043,15,11,4,0,none
ORD504904,CUST501679,TXN504904,DEV808423,ADDR906323,ADDR906323,2024-09-25,2024-10-04,2,1,0,3132.27,0.0,0.3333,0.0,1566.14,0.0,0,1,0,0,30,1,2,2,1,2,0,1,0,3394.5,1,Footwear,Net Banking,Social Commerce,Quality issue,Premium,1304,9,6,3,0,none
ORD504905,CUST501679,TXN504905,DEV808423,ADDR906323,ADDR906323,2024-12-23,2024-12-31,5,2,1,10446.07,3077.19,0.3333,0.1667,2089.21,3077.19,0,1,0,0,24,1,2,2,2,3,1,2,0,375.26,1,Home,UPI,Mobile App,Damaged product,Premium,1304,8,5,3,0,none
ORD504926,CUST501685,TXN504926,DEV803525,ADDR902975,ADDR902975,2024-12-26,2024-12-28,3,0,0,6814.2,0.0,0.0,0.0,2271.4,0.0,0,0,0,0,38,2,2,2,1,1,1,1,0,3344.03,2,Sports,Debit Card,Mobile App,Size issue,High Value,1355,2,1,1,0,none
ORD504930,CUST501688,TXN504930,DEV808805,ADDR905398,ADDR905398,2024-01-04,2024-01-09,0,0,0,0.0,0.0,0.0,0.0,0.0,0.0,0,0,0,0,999,1,1,1,0,0,0,0,0,4074.25,1,Electronics,Net Banking,Website,Wrong product,Budget,824,5,4,1,0,none
ORD504939,CUST501691,TXN504939,DEV804673,ADDR903540,ADDR903540,2024-02-21,2024-02-28,0,0,0,0.0,0.0,0.0,0.0,0.0,0.0,0,0,0,0,999,1,1,1,0,0,0,0,0,386.06,1,Grocery,Wallet,Mobile App,Size issue,Budget,979,7,5,2,0,none
ORD504941,CUST501691,TXN504941,DEV804673,ADDR903540,ADDR903540,2024-05-17,2024-05-24,2,1,1,1441.24,299.19,0.3333,0.3333,720.62,299.19,0,0,0,0,74,1,1,1,1,1,1,1,0,1869.46,1,Fashion,Wallet,Mobile App,Damaged product,Budget,979,7,6,1,0,none
ORD504961,CUST501696,TXN504961,DEV809001,ADDR909001,ADDR909001,2024-04-22,2024-05-02,1,0,0,2045.43,0.0,0.0,0.0,2045.43,0.0,0,0,0,0,91,2,2,2,1,1,1,1,0,1149.2,1,Sports,Debit Card,Mobile App,Wrong product,Premium,250,10,9,1,1,account_multiplication
ORD504962,CUST501696,TXN504962,DEV809001,ADDR909001,ADDR909001,2024-10-16,2024-10-22,2,1,1,3194.63,1120.27,0.3333,0.3333,1597.32,1120.27,0,0,0,0,183,3,3,3,3,3,3,3,0,5616.09,2,Electronics,UPI,Marketplace,Damaged product,Premium,250,6,2,4,1,account_multiplication
ORD504997,CUST501709,TXN504997,DEV801439,ADDR904428,ADDR904428,2024-04-15,2024-04-20,1,0,0,225.93,0.0,0.0,0.0,225.93,0.0,0,0,0,0,83,2,1,1,2,0,2,0,0,1632.24,1,Home,Net Banking,Website,Damaged product,High Value,415,5,4,1,0,none
ORD505018,CUST501715,TXN505018,DEV807418,ADDR901834,ADDR901834,2024-06-20,2024-07-03,3,0,0,1638.43,0.0,0.0,0.0,546.14,0.0,0,1,0,0,21,2,1,1,0,0,0,0,0,373.89,2,Footwear,UPI,Mobile App,Quality issue,Budget,1728,13,11,2,0,none
ORD505021,CUST501715,TXN505021,DEV807418,ADDR901834,ADDR901834,2024-09-08,2024-09-21,6,1,1,3791.81,345.32,0.1429,0.1429,631.97,345.32,0,1,0,0,15,2,1,1,1,1,1,1,0,2988.63,1,Sports,UPI,Mobile App,Quality issue,Budget,1728,13,11,2,0,none
ORD505025,CUST501716,TXN505025,DEV808074,ADDR907810,ADDR907810,2024-09-21,2024-10-05,4,0,0,3355.47,0.0,0.0,0.0,838.87,0.0,0,0,0,0,42,1,1,1,0,0,0,0,0,1278.66,1,Beauty,UPI,Mobile App,Changed mind,Budget,1321,14,10,4,0,none
ORD505045,CUST501723,TXN505045,DEV809317,ADDR904599,ADDR904599,2024-04-10,2024-04-15,0,0,0,0.0,0.0,0.0,0.0,0.0,0.0,0,0,0,0,999,1,1,1,0,0,0,0,0,1028.34,1,Accessories,Wallet,Website,Size issue,Mass Market,505,5,1,4,0,none
ORD505046,CUST501723,TXN505046,DEV809317,ADDR904599,ADDR904599,2024-04-19,2024-04-24,1,1,1,1028.34,923.48,0.5,0.5,1028.34,923.48,0,1,1,1,14,1,1,1,1,1,1,1,0,4897.92,1,Electronics,Credit Card,Marketplace,Damaged product,Mass Market,505,5,1,4,0,none
ORD505047,CUST501723,TXN505047,DEV809317,ADDR904599,ADDR904599,2024-05-18,2024-05-22,2,2,2,5926.26,5761.74,0.6667,0.6667,2963.13,2880.87,0,0,1,1,33,1,1,1,2,2,2,2,0,2078.14,1,Home,UPI,Website,Size issue,Mass Market,505,4,3,1,0,none
ORD505053,CUST501724,TXN505053,DEV808675,ADDR903148,ADDR903148,2024-12-04,2024-12-18,3,0,0,5660.91,0.0,0.0,0.0,1886.97,0.0,0,0,0,0,62,1,1,1,0,0,0,0,0,1062.25,2,Home,Net Banking,Marketplace,Product not as described,Mass Market,724,14,12,2,0,none
ORD505055,CUST501725,TXN505055,DEV807395,ADDR907829,ADDR907829,2024-03-12,2024-03-22,1,0,0,546.0,0.0,0.0,0.0,546.0,0.0,0,0,0,0,31,1,1,1,0,0,0,0,0,156.07,3,Grocery,UPI,Website,Quality issue,High Value,1486,10,8,2,0,none
ORD505067,CUST501730,TXN505067,DEV804845,ADDR904431,ADDR904431,2024-03-13,2024-03-28,1,0,0,1310.26,0.0,0.0,0.0,1310.26,0.0,0,1,0,0,13,1,1,1,0,0,0,0,0,622.22,1,Fashion,UPI,Mobile App,Size issue,High Value,651,15,11,4,0,none
ORD505068,CUST501730,TXN505068,DEV804845,ADDR904431,ADDR904431,2024-07-24,2024-07-29,2,1,1,1932.48,522.3,0.3333,0.3333,966.24,522.3,0,0,0,0,136,1,1,1,1,1,1,1,0,698.37,1,Beauty,UPI,Social Commerce,Size issue,High Value,651,5,1,4,0,none
ORD505078,CUST501734,TXN505078,DEV805224,ADDR906575,ADDR906575,2024-09-13,2024-09-21,2,0,0,330.48,0.0,0.0,0.0,165.24,0.0,0,0,0,0,104,1,1,1,0,0,0,0,0,1611.28,1,Accessories,EMI,Website,Wrong product,Budget,1026,8,7,1,0,none
ORD505082,CUST501735,TXN505082,DEV805382,ADDR903476,ADDR903476,2024-08-14,2024-08-27,1,0,0,3278.3,0.0,0.0,0.0,3278.3,0.0,0,0,0,0,180,1,3,3,0,0,0,0,0,654.4,1,Beauty,EMI,Mobile App,Quality issue,High Value,125,13,11,2,0,none
ORD505083,CUST501736,TXN505083,DEV802706,ADDR901826,ADDR901826,2024-02-23,2024-02-26,0,0,0,0.0,0.0,0.0,0.0,0.0,0.0,0,0,0,0,999,1,1,1,0,0,0,0,0,1480.73,1,Footwear,Debit Card,Marketplace,Changed mind,High Value,1085,3,1,2,0,none
ORD505103,CUST501740,TXN505103,DEV805786,ADDR908233,ADDR908233,2024-07-22,2024-07-31,4,3,0,7356.01,0.0,0.6,0.0,1839.0,0.0,0,1,1,0,18,2,2,2,3,4,0,1,0,1219.56,1,Home,Debit Card,Mobile App,Quality issue,Premium,1521,9,8,1,1,serial_return_abuse
ORD505108,CUST501742,TXN505108,DEV803257,ADDR903014,ADDR902821,2024-06-12,2024-06-14,4,0,0,8362.22,0.0,0.0,0.0,2090.55,0.0,0,0,0,0,76,2,1,2,0,0,0,0,1,2461.26,1,Footwear,Credit Card,Mobile App,Changed mind,Mass Market,1707,2,1,1,0,none
ORD505109,CUST501743,TXN505109,DEV809005,ADDR909005,ADDR909005,2024-07-30,2024-08-12,1,0,0,1920.36,0.0,0.0,0.0,1920.36,0.0,0,1,0,0,8,3,3,3,1,1,0,0,0,1093.41,1,Accessories,UPI,Website,Size issue,High Value,881,13,9,4,1,account_multiplication
ORD505110,CUST501743,TXN505110,DEV809005,ADDR909005,ADDR909005,2024-08-04,2024-08-12,1,0,0,1093.41,0.0,0.0,0.0,1093.41,0.0,0,1,0,0,13,3,3,3,1,1,0,0,0,1920.36,1,Footwear,UPI,Mobile App,Product not as described,High Value,881,8,4,4,1,account_multiplication
ORD505114,CUST501745,TXN505114,DEV807799,ADDR906908,ADDR902491,2024-01-10,2024-01-18,0,0,0,0.0,0.0,0.0,0.0,0.0,0.0,0,0,0,0,999,1,1,1,0,0,0,0,1,817.37,1,Fashion,EMI,Mobile App,Size issue,Budget,792,8,4,4,0,none
ORD505121,CUST501747,TXN505121,DEV808025,ADDR907773,ADDR907773,2024-07-30,2024-08-10,1,0,0,1473.01,0.0,0.0,0.0,1473.01,0.0,0,0,0,0,35,1,1,1,0,0,0,0,0,1877.83,1,Sports,UPI,Social Commerce,Wrong product,High Value,1672,11,7,4,0,none
ORD505129,CUST501749,TXN505129,DEV801162,ADDR908003,ADDR908003,2024-05-01,2024-05-14,1,0,0,293.88,0.0,0.0,0.0,293.88,0.0,0,0,0,0,42,3,3,3,0,0,0,0,0,521.28,1,Fashion,Debit Card,Mobile App,Size issue,Premium,328,13,12,1,1,coordinated_address_abuse
ORD505130,CUST501749,TXN505130,DEV801162,ADDR908003,ADDR908003,2024-11-08,2024-11-15,2,1,1,815.16,422.51,0.3333,0.3333,407.58,422.51,0,0,0,0,198,3,3,3,2,1,2,1,0,3379.92,1,Electronics,Debit Card,Website,Wrong product,Premium,328,7,5,2,1,coordinated_address_abuse
ORD505133,CUST501751,TXN505133,DEV802007,ADDR907443,ADDR907718,2024-09-13,2024-09-28,0,0,0,0.0,0.0,0.0,0.0,0.0,0.0,0,0,0,0,999,2,1,1,0,0,0,0,1,1463.82,1,Electronics,EMI,Mobile App,Size issue,Premium,918,15,11,4,0,none
ORD505141,CUST501754,TXN505141,DEV805986,ADDR906139,ADDR906139,2024-12-20,2024-12-30,3,0,0,1868.52,0.0,0.0,0.0,622.84,0.0,0,0,0,0,62,1,2,2,0,1,0,1,0,4380.27,2,Electronics,UPI,Website,Changed mind,Mass Market,1424,10,6,4,0,none
ORD505155,CUST501759,TXN505155,DEV809805,ADDR906480,ADDR906480,2024-06-04,2024-06-08,1,0,0,340.15,0.0,0.0,0.0,340.15,0.0,0,0,0,0,106,1,1,1,0,0,0,0,0,2171.94,1,Home,UPI,Website,Size issue,High Value,105,4,3,1,0,none
ORD505171,CUST501764,TXN505171,DEV807926,ADDR909278,ADDR909278,2024-06-29,2024-07-04,2,1,0,1041.7,0.0,0.3333,0.0,520.85,0.0,0,0,0,0,80,1,1,1,1,1,0,0,0,543.2,1,Grocery,UPI,Website,Changed mind,High Value,1517,5,2,3,0,none
ORD505177,CUST501765,TXN505177,DEV807110,ADDR905255,ADDR905255,2024-08-08,2024-08-16,3,0,0,6644.81,0.0,0.0,0.0,2214.94,0.0,0,0,0,0,121,1,1,1,0,0,0,0,0,962.03,1,Accessories,Wallet,Mobile App,Late delivery,Budget,1753,8,4,4,0,none
ORD505194,CUST501773,TXN505194,DEV808802,ADDR904519,ADDR904519,2024-11-22,2024-12-06,1,0,0,395.47,0.0,0.0,0.0,395.47,0.0,0,0,0,0,157,3,1,1,1,0,1,0,0,513.7,2,Grocery,UPI,Website,Damaged product,Budget,296,14,12,2,0,none
ORD505207,CUST501778,TXN505207,DEV808499,ADDR903119,ADDR903119,2024-11-13,2024-11-20,4,0,0,5722.28,0.0,0.0,0.0,1430.57,0.0,0,0,0,0,82,2,1,1,0,0,0,0,0,3158.23,1,Sports,Debit Card,Mobile App,Size issue,Mass Market,1486,7,3,4,0,none
ORD505210,CUST501779,TXN505210,DEV809669,ADDR902934,ADDR902433,2024-08-01,2024-08-06,2,0,0,3299.27,0.0,0.0,0.0,1649.63,0.0,0,0,0,0,79,1,2,1,0,0,0,0,1,915.15,1,Grocery,Net Banking,Mobile App,Quality issue,Premium,1797,5,1,4,0,none
ORD505227,CUST501784,TXN505227,DEV803340,ADDR903328,ADDR903328,2024-04-04,2024-04-09,0,0,0,0.0,0.0,0.0,0.0,0.0,0.0,0,0,0,0,999,2,1,1,0,0,0,0,0,950.26,1,Fashion,UPI,Website,Quality issue,Budget,1650,5,4,1,0,none
ORD505241,CUST501790,TXN505241,DEV808371,ADDR908357,ADDR908357,2024-12-01,2024-12-05,3,0,0,4909.82,0.0,0.0,0.0,1636.61,0.0,0,0,0,0,127,2,1,1,0,0,0,0,0,1928.92,1,Fashion,Wallet,Website,Damaged product,Mass Market,1589,4,2,2,0,none
ORD505242,CUST501791,TXN505242,DEV802463,ADDR907711,ADDR907711,2024-10-05,2024-10-19,0,0,0,0.0,0.0,0.0,0.0,0.0,0.0,0,0,0,0,999,2,1,1,1,0,0,0,0,384.25,2,Fashion,UPI,Mobile App,Size issue,Budget,696,14,10,4,0,none
ORD505243,CUST501792,TXN505243,DEV806554,ADDR909863,ADDR909863,2024-01-06,2024-01-13,0,0,0,0.0,0.0,0.0,0.0,0.0,0.0,0,0,0,0,999,1,1,1,0,0,0,0,0,310.36,2,Sports,Debit Card,Mobile App,Late delivery,Budget,839,7,6,1,0,none
ORD505245,CUST501792,TXN505245,DEV806554,ADDR909863,ADDR909863,2024-06-16,2024-06-25,2,1,1,2031.58,250.22,0.3333,0.3333,1015.79,250.22,0,0,0,0,150,1,1,1,1,1,1,1,0,6028.11,1,Electronics,UPI,Mobile App,Product not as described,Budget,839,9,7,2,0,none
ORD505254,CUST501797,TXN505254,DEV809713,ADDR903944,ADDR903944,2024-01-14,2024-01-18,0,0,0,0.0,0.0,0.0,0.0,0.0,0.0,0,0,0,0,999,1,1,1,0,0,0,0,0,1569.99,1,Home,UPI,Website,Quality issue,High Value,1378,4,3,1,0,none
ORD505256,CUST501797,TXN505256,DEV809713,ADDR903944,ADDR903944,2024-08-25,2024-09-05,2,1,1,1954.36,1563.64,0.3333,0.3333,977.18,1563.64,0,0,0,0,182,1,1,1,1,1,1,1,0,5027.68,1,Electronics,UPI,Marketplace,Changed mind,High Value,1378,11,9,2,0,none
ORD505268,CUST501802,TXN505268,DEV809649,ADDR906199,ADDR906199,2024-02-17,2024-02-21,0,0,0,0.0,0.0,0.0,0.0,0.0,0.0,0,0,0,0,999,1,1,1,0,0,0,0,0,2661.57,1,Sports,Credit Card,Mobile App,Quality issue,Budget,1790,4,2,2,0,none
ORD505269,CUST501802,TXN505269,DEV809649,ADDR906199,ADDR906199,2024-07-03,2024-07-15,3,1,1,3674.13,2479.43,0.25,0.25,1224.71,2479.43,0,1,0,0,8,1,1,1,1,1,1,1,0,909.24,1,Footwear,Net Banking,Website,Quality issue,Budget,1790,12,10,2,0,none
ORD505275,CUST501805,TXN505275,DEV803772,ADDR901965,ADDR901965,2024-03-21,2024-04-01,0,0,0,0.0,0.0,0.0,0.0,0.0,0.0,0,0,0,0,999,1,1,1,0,0,0,0,0,78.41,1,Grocery,Credit Card,Website,Late delivery,Budget,1419,11,7,4,0,none
ORD505278,CUST501807,TXN505278,DEV803334,ADDR907763,ADDR907763,2024-07-17,2024-07-28,1,0,0,1364.12,0.0,0.0,0.0,1364.12,0.0,0,0,0,0,50,1,1,1,0,0,0,0,0,1446.13,1,Fashion,UPI,Website,Changed mind,Budget,685,11,10,1,0,none
ORD505294,CUST501811,TXN505294,DEV807669,ADDR902072,ADDR901393,2024-08-02,2024-08-14,5,0,0,13147.58,0.0,0.0,0.0,2629.52,0.0,0,1,0,0,29,1,1,1,0,0,0,0,1,3193.46,1,Electronics,UPI,Mobile App,Wrong product,Budget,1162,12,8,4,0,none
ORD505295,CUST501811,TXN505295,DEV807669,ADDR902072,ADDR902072,2024-08-14,2024-08-27,6,1,1,16341.04,3119.1,0.1429,0.1429,2723.51,3119.1,0,1,1,1,25,1,1,2,1,1,1,1,0,1195.24,1,Home,Wallet,Mobile App,Damaged product,Budget,1162,13,10,3,0,none
ORD505298,CUST501812,TXN505298,DEV804829,ADDR901305,ADDR901305,2024-07-24,2024-08-06,4,1,0,6031.78,0.0,0.2,0.0,1507.95,0.0,0,0,0,0,42,1,2,2,1,2,0,0,0,2537.47,1,Footwear,Net Banking,Website,Size issue,Mass Market,1327,13,12,1,0,none
ORD505300,CUST501813,TXN505300,DEV802663,ADDR905035,ADDR905035,2024-09-02,2024-09-10,0,0,0,0.0,0.0,0.0,0.0,0.0,0.0,0,0,0,0,999,1,1,1,0,0,0,0,0,1355.82,1,Beauty,Debit Card,Marketplace,Size issue,Budget,1412,8,4,4,0,none
ORD505301,CUST501813,TXN505301,DEV802663,ADDR905035,ADDR905035,2024-09-27,2024-10-04,1,1,1,1355.82,1154.02,0.5,0.5,1355.82,1154.02,0,0,1,1,32,1,1,1,1,1,1,1,0,3293.34,1,Sports,Credit Card,Mobile App,Damaged product,Budget,1412,7,4,3,0,none
ORD505304,CUST501814,TXN505304,DEV803057,ADDR905990,ADDR905990,2024-05-28,2024-06-06,2,0,0,1774.94,0.0,0.0,0.0,887.47,0.0,0,0,0,0,113,1,2,2,0,0,0,0,0,1186.09,1,Beauty,UPI,Mobile App,Damaged product,High Value,1638,9,7,2,0,none
ORD505307,CUST501815,TXN505307,DEV809199,ADDR904333,ADDR902762,2024-06-29,2024-07-11,1,0,0,1956.95,0.0,0.0,0.0,1956.95,0.0,0,0,0,0,178,2,1,2,0,0,0,0,1,1492.02,1,Beauty,UPI,Mobile App,Damaged product,Mass Market,201,12,10,2,0,none
ORD505310,CUST501816,TXN505310,DEV809854,ADDR903755,ADDR903755,2024-03-16,2024-03-28,0,0,0,0.0,0.0,0.0,0.0,0.0,0.0,0,0,0,0,999,1,1,1,0,0,0,0,0,579.37,1,Home,Credit Card,Mobile App,Size issue,High Value,794,12,10,2,0,none
ORD505324,CUST501820,TXN505324,DEV804485,ADDR909361,ADDR909361,2024-04-29,2024-05-09,1,0,0,2928.91,0.0,0.0,0.0,2928.91,0.0,0,0,0,0,36,2,1,1,1,0,0,0,0,1324.57,1,Beauty,Net Banking,Website,Damaged product,High Value,749,10,9,1,1,serial_return_abuse
ORD505325,CUST501820,TXN505325,DEV804485,ADDR909361,ADDR909361,2024-06-08,2024-06-22,3,2,1,5059.67,1226.37,0.5,0.25,1686.56,1226.37,0,1,1,0,12,2,1,1,3,2,1,1,0,570.66,1,Beauty,UPI,Website,Damaged product,High Value,749,14,11,3,1,serial_return_abuse
ORD505326,CUST501820,TXN505326,DEV804485,ADDR909361,ADDR909361,2024-06-10,2024-06-19,3,1,1,4824.14,1226.37,0.25,0.25,1608.05,1226.37,0,1,0,0,11,2,1,1,2,1,1,1,0,806.19,1,Home,EMI,Mobile App,Wrong product,High Value,749,9,6,3,1,serial_return_abuse
ORD505327,CUST501820,TXN505327,DEV804485,ADDR909361,ADDR909361,2024-10-29,2024-11-10,4,3,3,5630.33,2385.66,0.6,0.6,1407.58,795.22,0,0,0,0,153,2,1,1,4,3,3,3,0,57.11,1,Grocery,UPI,Social Commerce,Product not as described,High Value,749,12,10,2,1,serial_return_abuse
ORD505328,CUST501820,TXN505328,DEV804485,ADDR909361,ADDR909361,2024-11-28,2024-12-05,5,4,4,5687.44,2440.52,0.6667,0.6667,1137.49,610.13,0,0,1,1,37,2,1,1,5,4,4,4,0,1175.33,1,Sports,UPI,Website,Late delivery,High Value,749,7,3,4,1,serial_return_abuse
ORD505332,CUST501821,TXN505332,DEV809750,ADDR902145,ADDR902145,2024-11-03,2024-11-07,3,0,0,2664.68,0.0,0.0,0.0,888.23,0.0,0,0,0,0,54,1,1,1,0,0,0,0,0,4197.95,1,Sports,UPI,Marketplace,Wrong product,Budget,1543,4,3,1,0,none
ORD505334,CUST501822,TXN505334,DEV803014,ADDR903288,ADDR903288,2024-07-06,2024-07-17,1,0,0,381.39,0.0,0.0,0.0,381.39,0.0,0,0,0,0,177,1,1,1,0,0,0,0,0,1131.89,1,Accessories,UPI,Website,Changed mind,Budget,1460,11,9,2,0,none
ORD505340,CUST501824,TXN505340,DEV806613,ADDR905282,ADDR905282,2024-01-09,2024-01-16,0,0,0,0.0,0.0,0.0,0.0,0.0,0.0,0,0,0,0,999,1,1,1,0,0,0,0,0,2672.65,1,Footwear,Credit Card,Website,Quality issue,Premium,1426,7,6,1,0,none
ORD505342,CUST501825,TXN505342,DEV805473,ADDR905029,ADDR907740,2024-08-17,2024-08-28,0,0,0,0.0,0.0,0.0,0.0,0.0,0.0,0,0,0,0,999,1,1,1,0,0,0,0,1,596.81,3,Fashion,Debit Card,Website,Size issue,Premium,957,11,8,3,0,none
ORD505347,CUST501827,TXN505347,DEV803190,ADDR901033,ADDR901033,2024-01-12,2024-01-17,0,0,0,0.0,0.0,0.0,0.0,0.0,0.0,0,0,0,0,999,1,1,1,0,0,0,0,0,2025.37,1,Home,UPI,Marketplace,Size issue,Premium,62,5,2,3,0,none
ORD505348,CUST501827,TXN505348,DEV803190,ADDR901033,ADDR901033,2024-01-26,2024-02-06,1,1,1,2025.37,1989.6,0.5,0.5,2025.37,1989.6,0,1,1,1,25,1,1,1,1,1,1,1,0,2124.33,2,Home,UPI,Mobile App,Changed mind,Premium,62,11,9,2,0,none
ORD505351,CUST501828,TXN505351,DEV803843,ADDR907769,ADDR907769,2024-02-06,2024-02-16,0,0,0,0.0,0.0,0.0,0.0,0.0,0.0,0,0,0,0,999,1,1,1,0,0,0,0,0,1777.09,1,Sports,Wallet,Mobile App,Damaged product,Mass Market,49,10,6,4,0,none
ORD505354,CUST501829,TXN505354,DEV809011,ADDR907435,ADDR907435,2024-06-02,2024-06-07,1,0,0,809.3,0.0,0.0,0.0,809.3,0.0,0,0,0,0,130,1,1,1,0,0,0,0,0,611.9,2,Accessories,Credit Card,Marketplace,Wrong product,Mass Market,1470,5,1,4,0,none
ORD505360,CUST501831,TXN505360,DEV808293,ADDR903022,ADDR903022,2024-04-18,2024-04-22,0,0,0,0.0,0.0,0.0,0.0,0.0,0.0,0,0,0,0,999,1,1,1,0,0,0,0,0,1183.35,1,Sports,UPI,Website,Changed mind,Budget,1701,4,1,3,0,none
ORD505373,CUST501833,TXN505373,DEV801138,ADDR903044,ADDR903044,2024-08-12,2024-08-20,6,0,0,9724.81,0.0,0.0,0.0,1620.8,0.0,0,3,0,0,9,3,1,1,1,0,1,0,0,305.39,1,Accessories,UPI,Website,Late delivery,Budget,1692,8,7,1,0,none
ORD505376,CUST501834,TXN505376,DEV808283,ADDR901153,ADDR901153,2024-03-19,2024-04-02,1,0,0,1968.29,0.0,0.0,0.0,1968.29,0.0,0,0,0,0,42,1,1,1,0,0,0,0,0,823.65,2,Electronics,Debit Card,Marketplace,Late delivery,Mass Market,425,14,12,2,1,refund_abuse
ORD505377,CUST501834,TXN505377,DEV808283,ADDR901153,ADDR901153,2024-06-12,2024-06-17,2,1,1,2791.94,778.1,0.3333,0.3333,1395.97,778.1,0,0,0,0,90,1,1,1,1,1,1,1,0,3216.7,1,Sports,Wallet,Website,Quality issue,Mass Market,425,5,2,3,1,refund_abuse
ORD505382,CUST501835,TXN505382,DEV805606,ADDR906862,ADDR906862,2024-07-08,2024-07-19,3,0,0,5630.45,0.0,0.0,0.0,1876.82,0.0,0,0,0,0,43,1,1,1,0,0,0,0,0,840.73,1,Grocery,Debit Card,Mobile App,Wrong product,Budget,1583,11,10,1,0,none
ORD505384,CUST501836,TXN505384,DEV805967,ADDR904623,ADDR904623,2024-03-10,2024-03-16,0,0,0,0.0,0.0,0.0,0.0,0.0,0.0,0,0,0,0,999,1,1,1,0,0,0,0,0,4825.73,1,Electronics,UPI,Mobile App,Changed mind,Budget,1286,6,2,4,0,none
ORD505389,CUST501838,TXN505389,DEV804425,ADDR901116,ADDR901116,2024-06-10,2024-06-15,1,0,0,1450.04,0.0,0.0,0.0,1450.04,0.0,0,1,0,0,17,2,1,1,1,0,1,0,0,2492.72,1,Electronics,Net Banking,Mobile App,Changed mind,Mass Market,1477,5,3,2,0,none
ORD505398,CUST501842,TXN505398,DEV808001,ADDR905253,ADDR905253,2024-08-28,2024-09-10,2,0,0,4684.76,0.0,0.0,0.0,2342.38,0.0,0,0,0,0,108,3,1,1,1,0,1,0,0,2821.93,1,Footwear,UPI,Website,Other,Mass Market,163,13,10,3,1,coordinated_device_abuse
ORD505402,CUST501842,TXN505402,DEV808001,ADDR905253,ADDR905253,2024-12-21,2025-01-04,6,2,0,11202.79,0.0,0.2857,0.0,1867.13,0.0,0,1,0,0,28,3,1,1,5,2,3,0,0,2484.09,2,Footwear,UPI,Website,Late delivery,Mass Market,163,14,10,4,1,coordinated_device_abuse
ORD505412,CUST501847,TXN505412,DEV802994,ADDR909491,ADDR909491,2024-06-23,2024-06-29,1,0,0,3993.26,0.0,0.0,0.0,3993.26,0.0,0,0,0,0,88,1,1,1,0,0,0,0,0,341.77,2,Footwear,Credit Card,Mobile App,Changed mind,High Value,591,6,4,2,0,none
ORD505414,CUST501848,TXN505414,DEV801712,ADDR904678,ADDR904678,2024-08-11,2024-08-18,3,0,0,9202.12,0.0,0.0,0.0,3067.37,0.0,0,0,0,0,88,2,3,3,0,1,0,1,0,445.6,1,Beauty,Credit Card,Website,Late delivery,Mass Market,1089,7,3,4,0,none
ORD505415,CUST501848,TXN505415,DEV801712,ADDR904678,ADDR904678,2024-08-29,2024-09-12,4,1,1,9647.72,377.66,0.2,0.2,2411.93,377.66,0,0,1,1,32,2,3,3,1,2,1,2,0,196.4,1,Beauty,Wallet,Mobile App,Product not as described,Mass Market,1089,14,11,3,0,none
ORD505419,CUST501850,TXN505419,DEV806483,ADDR902340,ADDR902340,2024-03-02,2024-03-12,0,0,0,0.0,0.0,0.0,0.0,0.0,0.0,0,0,0,0,999,2,1,1,0,0,0,0,0,388.14,2,Accessories,UPI,Mobile App,Damaged product,Budget,428,10,6,4,1,refund_abuse
ORD505440,CUST501856,TXN505440,DEV804878,ADDR902194,ADDR902194,2024-05-20,2024-06-02,0,0,0,0.0,0.0,0.0,0.0,0.0,0.0,0,0,0,0,999,1,2,2,0,3,0,3,0,2295.34,1,Fashion,EMI,Website,Size issue,High Value,1656,13,9,4,0,none
ORD505449,CUST501860,TXN505449,DEV801897,ADDR905939,ADDR905939,2024-07-14,2024-07-19,0,0,0,0.0,0.0,0.0,0.0,0.0,0.0,0,0,0,0,999,1,1,1,0,0,0,0,0,902.7,2,Accessories,Credit Card,Website,Other,Budget,935,5,2,3,0,none
ORD505453,CUST501861,TXN505453,DEV802668,ADDR901914,ADDR908587,2024-05-18,2024-06-01,2,0,0,6148.99,0.0,0.0,0.0,3074.5,0.0,1,1,0,0,6,1,1,1,0,0,0,0,1,2793.16,3,Fashion,Net Banking,Mobile App,Product not as described,Mass Market,164,14,11,3,0,none
ORD505463,CUST501865,TXN505463,DEV801425,ADDR908439,ADDR908439,2024-01-27,2024-02-10,0,0,0,0.0,0.0,0.0,0.0,0.0,0.0,0,0,0,0,999,1,1,1,0,0,0,0,0,3319.72,1,Electronics,Debit Card,Marketplace,Size issue,Budget,1633,14,12,2,0,none
ORD505465,CUST501865,TXN505465,DEV801425,ADDR908439,ADDR902310,2024-08-14,2024-08-19,2,1,1,5682.32,2680.18,0.3333,0.3333,2841.16,2680.18,0,0,0,0,35,1,2,2,1,2,1,1,1,1074.3,3,Home,Debit Card,Website,Size issue,Budget,1633,5,3,2,0,none
ORD505481,CUST501869,TXN505481,DEV804983,ADDR903255,ADDR903255,2024-04-22,2024-04-24,3,0,0,2460.53,0.0,0.0,0.0,820.18,0.0,0,1,0,0,26,1,2,2,0,0,0,0,0,912.72,1,Beauty,UPI,Mobile App,Late delivery,Mass Market,410,2,1,1,0,none
ORD505482,CUST501869,TXN505482,DEV804983,ADDR903255,ADDR903255,2024-07-21,2024-08-04,5,1,1,4387.41,730.19,0.1667,0.1667,877.48,730.19,0,0,0,0,69,1,2,2,1,1,1,1,0,2693.81,1,Sports,UPI,Website,Product not as described,Mass Market,410,14,12,2,0,none
ORD505486,CUST501870,TXN505486,DEV806106,ADDR908140,ADDR908140,2024-11-16,2024-11-23,4,0,0,7515.88,0.0,0.0,0.0,1878.97,0.0,0,0,0,0,53,1,1,1,0,0,0,0,0,533.5,1,Grocery,Debit Card,Mobile App,Quality issue,High Value,291,7,5,2,0,none
ORD505493,CUST501872,TXN505493,DEV803385,ADDR903415,ADDR903415,2024-12-30,2025-01-08,3,1,0,5052.42,0.0,0.25,0.0,1684.14,0.0,0,0,0,0,233,1,1,1,1,1,0,0,0,119.18,1,Beauty,Net Banking,Mobile App,Changed mind,Mass Market,1618,9,6,3,1,serial_return_abuse
ORD505506,CUST501877,TXN505506,DEV808657,ADDR906425,ADDR906425,2024-05-16,2024-05-20,3,1,0,6753.25,0.0,0.25,0.0,2251.08,0.0,0,0,0,0,50,2,1,1,1,1,0,0,0,539.41,1,Grocery,Debit Card,Website,Damaged product,Budget,1004,4,1,3,1,serial_return_abuse
ORD505507,CUST501877,TXN505507,DEV808657,ADDR906425,ADDR906425,2024-06-14,2024-06-29,4,2,1,7292.66,412.11,0.4,0.2,1823.16,412.11,0,0,0,0,44,2,1,1,2,2,1,1,0,1218.88,2,Beauty,Debit Card,Mobile App,Changed mind,Budget,1004,15,12,3,1,serial_return_abuse
ORD505513,CUST501879,TXN505513,DEV801691,ADDR909125,ADDR909125,2024-04-07,2024-04-10,1,0,0,2923.04,0.0,0.0,0.0,2923.04,0.0,0,1,0,0,27,1,1,1,0,0,0,0,0,4223.69,2,Sports,UPI,Website,Changed mind,Budget,960,3,2,1,0,none
ORD505518,CUST501882,TXN505518,DEV807558,ADDR904018,ADDR906359,2024-06-23,2024-07-02,0,0,0,0.0,0.0,0.0,0.0,0.0,0.0,0,0,0,0,999,1,1,2,0,0,0,0,1,1480.15,1,Beauty,UPI,Mobile App,Size issue,High Value,450,9,7,2,1,serial_return_abuse
ORD505519,CUST501882,TXN505519,DEV807558,ADDR904018,ADDR904018,2024-08-27,2024-09-03,1,1,1,1480.15,1426.08,0.5,0.5,1480.15,1426.08,0,0,0,0,72,1,1,1,1,1,1,1,0,2061.12,1,Footwear,Debit Card,Mobile App,Changed mind,High Value,450,7,6,1,1,serial_return_abuse
ORD505521,CUST501882,TXN505521,DEV807558,ADDR904018,ADDR904018,2024-12-03,2024-12-19,4,3,2,4941.9,3461.31,0.6,0.4,1235.47,1730.66,1,2,1,0,3,1,1,1,3,3,2,2,0,2004.14,1,Footwear,UPI,Website,Changed mind,High Value,450,16,12,4,1,serial_return_abuse
ORD505522,CUST501882,TXN505522,DEV807558,ADDR904018,ADDR904018,2024-12-16,2024-12-28,4,4,3,5880.19,5103.51,0.8,0.6,1470.05,1701.17,0,1,2,1,25,1,1,1,4,4,3,3,0,1065.85,1,Accessories,UPI,Marketplace,Damaged product,High Value,450,12,8,4,1,serial_return_abuse
ORD505523,CUST501883,TXN505523,DEV801162,ADDR902208,ADDR902208,2024-07-30,2024-08-14,1,0,0,558.73,0.0,0.0,0.0,558.73,0.0,0,0,0,0,152,3,1,1,1,0,1,0,0,1151.09,2,Sports,Net Banking,Website,Quality issue,High Value,773,15,12,3,0,none
ORD505533,CUST501887,TXN505533,DEV803855,ADDR906567,ADDR906567,2024-05-11,2024-05-16,2,0,0,1162.41,0.0,0.0,0.0,581.21,0.0,0,0,0,0,70,1,2,2,0,0,0,0,0,3430.73,1,Footwear,UPI,Social Commerce,Product not as described,Budget,1502,5,2,3,0,none
ORD505542,CUST501891,TXN505542,DEV807100,ADDR903807,ADDR903807,2024-04-18,2024-04-25,2,0,0,2665.47,0.0,0.0,0.0,1332.74,0.0,0,0,0,0,72,1,1,1,0,0,0,0,0,190.6,1,Accessories,UPI,Mobile App,Wrong product,Budget,787,7,5,2,0,none
ORD505543,CUST501891,TXN505543,DEV807100,ADDR903807,ADDR903147,2024-05-06,2024-05-14,3,1,1,2856.07,172.18,0.25,0.25,952.02,172.18,0,1,1,1,26,1,1,1,1,1,1,1,1,651.97,1,Accessories,Credit Card,Website,Size issue,Budget,787,8,6,2,0,none
ORD505546,CUST501893,TXN505546,DEV808001,ADDR904140,ADDR904140,2024-03-17,2024-03-27,0,0,0,0.0,0.0,0.0,0.0,0.0,0.0,0,0,0,0,999,1,1,1,0,0,0,0,0,600.29,2,Beauty,UPI,Mobile App,Product not as described,Budget,297,10,7,3,1,coordinated_device_abuse
ORD505547,CUST501893,TXN505547,DEV808001,ADDR904140,ADDR904140,2024-10-05,2024-10-08,1,1,1,600.29,509.04,0.5,0.5,600.29,509.04,0,0,0,0,205,3,2,2,2,1,1,1,0,2108.08,2,Footwear,Credit Card,Website,Size issue,Budget,297,3,2,1,1,coordinated_device_abuse
ORD505548,CUST501893,TXN505548,DEV808001,ADDR904140,ADDR904140,2024-10-12,2024-10-16,3,2,2,4426.47,2283.4,0.5,0.5,1475.49,1141.7,1,2,1,1,6,3,2,2,4,2,2,2,0,1368.12,2,Fashion,UPI,Mobile App,Quality issue,Budget,297,4,1,3,1,coordinated_device_abuse
ORD505553,CUST501894,TXN505553,DEV806209,ADDR908037,ADDR908037,2024-06-11,2024-06-23,6,0,0,12707.94,0.0,0.0,0.0,2117.99,0.0,1,2,0,0,5,2,2,2,0,1,0,0,0,191.57,1,Grocery,Net Banking,Website,Changed mind,Mass Market,796,12,9,3,0,none
ORD505559,CUST501897,TXN505559,DEV809327,ADDR909011,ADDR909011,2024-07-26,2024-08-02,1,0,0,4464.81,0.0,0.0,0.0,4464.81,0.0,0,0,0,0,81,1,1,1,0,0,0,0,0,482.68,1,Accessories,Debit Card,Marketplace,Quality issue,Mass Market,288,7,3,4,0,none
ORD505566,CUST501901,TXN505566,DEV809106,ADDR908762,ADDR908762,2024-04-04,2024-04-12,1,0,0,6334.42,0.0,0.0,0.0,6334.42,0.0,0,0,0,0,55,1,1,1,0,0,0,0,0,3557.3,1,Footwear,Debit Card,Mobile App,Product not as described,Mass Market,1495,8,6,2,0,none
ORD505573,CUST501904,TXN505573,DEV803575,ADDR907129,ADDR907129,2024-10-11,2024-10-17,1,0,0,625.17,0.0,0.0,0.0,625.17,0.0,0,0,0,0,40,1,1,1,0,0,0,0,0,809.57,1,Grocery,Net Banking,Social Commerce,Damaged product,Budget,802,6,4,2,0,none
ORD505579,CUST501906,TXN505579,DEV801674,ADDR908622,ADDR908622,2024-11-18,2024-12-03,2,0,0,3830.78,0.0,0.0,0.0,1915.39,0.0,0,0,0,0,194,1,1,1,0,0,0,0,0,2804.93,1,Sports,UPI,Mobile App,Size issue,Mass Market,501,15,12,3,0,none
ORD505581,CUST501907,TXN505581,DEV808391,ADDR908660,ADDR908660,2024-03-20,2024-03-28,1,0,0,1269.75,0.0,0.0,0.0,1269.75,0.0,0,0,0,0,43,2,1,1,0,0,0,0,0,2744.66,1,Footwear,Credit Card,Mobile App,Quality issue,Mass Market,902,8,7,1,0,none
ORD505588,CUST501909,TXN505588,DEV808236,ADDR904830,ADDR904830,2024-12-14,2024-12-27,5,0,0,8607.84,0.0,0.0,0.0,1721.57,0.0,0,0,0,0,31,1,1,1,0,0,0,0,0,406.0,1,Grocery,EMI,Website,Quality issue,Budget,397,13,9,4,0,none
ORD505590,CUST501910,TXN505590,DEV802350,ADDR905825,ADDR905081,2024-10-02,2024-10-04,1,0,0,809.0,0.0,0.0,0.0,809.0,0.0,0,0,0,0,230,1,1,4,0,0,0,0,1,773.06,1,Fashion,Credit Card,Marketplace,Quality issue,Budget,765,2,1,1,0,none
ORD505602,CUST501915,TXN505602,DEV809898,ADDR905278,ADDR905278,2024-05-17,2024-05-20,2,0,0,1732.68,0.0,0.0,0.0,866.34,0.0,0,1,0,0,23,2,2,2,0,1,0,1,0,777.77,1,Grocery,Credit Card,Marketplace,Quality issue,Mass Market,1781,3,2,1,0,none
ORD505604,CUST501916,TXN505604,DEV806679,ADDR907616,ADDR907616,2024-07-12,2024-07-25,1,0,0,1346.19,0.0,0.0,0.0,1346.19,0.0,0,0,0,0,155,1,1,1,0,0,0,0,0,152.65,2,Grocery,Debit Card,Marketplace,Product not as described,Budget,607,13,11,2,1,serial_return_abuse
ORD505606,CUST501916,TXN505606,DEV806679,ADDR907616,ADDR907616,2024-08-30,2024-09-11,3,1,1,5190.02,125.83,0.25,0.25,1730.01,125.83,0,0,0,0,44,1,1,1,1,1,1,1,0,1182.36,1,Footwear,Net Banking,Website,Late delivery,Budget,607,12,9,3,1,serial_return_abuse
ORD505608,CUST501916,TXN505608,DEV806679,ADDR907616,ADDR907616,2024-12-08,2024-12-12,5,2,2,8722.41,1255.48,0.3333,0.3333,1744.48,627.74,1,1,0,0,5,1,1,1,2,2,2,2,0,1494.61,1,Fashion,UPI,Website,Wrong product,Budget,607,4,3,1,1,serial_return_abuse
ORD505617,CUST501919,TXN505617,DEV808773,ADDR904829,ADDR904829,2024-07-30,2024-08-13,3,0,0,8242.28,0.0,0.0,0.0,2747.43,0.0,0,1,0,0,18,1,1,1,0,0,0,0,0,2146.77,1,Electronics,Credit Card,Mobile App,Damaged product,Budget,459,14,11,3,0,none
ORD505626,CUST501924,TXN505626,DEV801158,ADDR909188,ADDR909188,2024-10-04,2024-10-12,1,0,0,2451.98,0.0,0.0,0.0,2451.98,0.0,0,0,0,0,216,2,1,1,0,0,0,0,0,370.79,3,Beauty,Credit Card,Mobile App,Size issue,Mass Market,655,8,7,1,0,none
ORD505629,CUST501926,TXN505629,DEV807608,ADDR909808,ADDR909808,2024-03-14,2024-03-28,0,0,0,0.0,0.0,0.0,0.0,0.0,0.0,0,0,0,0,999,1,1,1,0,0,0,0,0,1464.84,1,Home,Credit Card,Website,Quality issue,Mass Market,1571,14,10,4,0,none
ORD505634,CUST501927,TXN505634,DEV801527,ADDR903279,ADDR903279,2024-06-19,2024-06-21,1,0,0,120.4,0.0,0.0,0.0,120.4,0.0,0,0,0,0,92,1,1,1,0,0,0,0,0,839.31,2,Home,EMI,Website,Size issue,Budget,77,2,1,1,0,none
ORD505638,CUST501929,TXN505638,DEV809757,ADDR907331,ADDR907331,2024-09-15,2024-09-27,2,0,0,4282.85,0.0,0.0,0.0,2141.43,0.0,0,1,0,0,18,1,1,1,0,0,0,0,0,2122.7,1,Home,UPI,Website,Product not as described,Budget,160,12,8,4,0,none
ORD505640,CUST501930,TXN505640,DEV808397,ADDR905991,ADDR905991,2024-04-09,2024-04-18,0,0,0,0.0,0.0,0.0,0.0,0.0,0.0,0,0,0,0,999,1,1,1,0,0,0,0,0,1400.83,1,Beauty,Credit Card,Mobile App,Changed mind,Budget,703,9,8,1,0,none
ORD505644,CUST501932,TXN505644,DEV801439,ADDR904058,ADDR904058,2024-01-29,2024-02-11,2,0,0,727.03,0.0,0.0,0.0,363.52,0.0,0,0,0,0,33,2,1,1,0,0,0,0,0,1150.83,1,Home,UPI,Marketplace,Quality issue,High Value,1030,13,11,2,1,serial_return_abuse
ORD505645,CUST501932,TXN505645,DEV801439,ADDR904058,ADDR904058,2024-03-24,2024-04-08,3,1,1,1877.86,986.63,0.25,0.25,625.95,986.63,0,0,0,0,70,2,1,1,1,1,1,1,0,1718.02,1,Electronics,Net Banking,Mobile App,Product not as described,High Value,1030,15,11,4,1,serial_return_abuse
ORD505647,CUST501932,TXN505647,DEV801439,ADDR904058,ADDR904058,2024-10-25,2024-11-06,5,2,2,4264.42,2338.05,0.3333,0.3333,852.88,1169.03,0,0,0,0,164,3,1,1,3,2,3,2,0,326.12,1,Grocery,UPI,Mobile App,Changed mind,High Value,1030,12,11,1,1,serial_return_abuse
ORD505652,CUST501936,TXN505652,DEV803572,ADDR902814,ADDR902814,2024-01-05,2024-01-11,0,0,0,0.0,0.0,0.0,0.0,0.0,0.0,0,0,0,0,999,1,1,1,0,0,0,0,0,1865.43,3,Footwear,UPI,Mobile App,Damaged product,High Value,830,6,3,3,0,none
ORD505654,CUST501936,TXN505654,DEV803572,ADDR902814,ADDR902814,2024-08-18,2024-08-22,2,1,1,3354.03,1595.53,0.3333,0.3333,1677.02,1595.53,0,0,0,0,43,1,1,2,1,1,1,1,0,707.07,2,Grocery,Credit Card,Website,Quality issue,High Value,830,4,2,2,0,none
ORD505658,CUST501937,TXN505658,DEV802126,ADDR907373,ADDR907373,2024-08-14,2024-08-27,2,0,0,1198.65,0.0,0.0,0.0,599.33,0.0,0,0,0,0,179,1,1,1,0,0,0,0,0,577.89,1,Electronics,Credit Card,Marketplace,Late delivery,Budget,1009,13,9,4,0,none
ORD505670,CUST501943,TXN505670,DEV809043,ADDR908539,ADDR908539,2024-06-10,2024-06-19,1,0,0,585.88,0.0,0.0,0.0,585.88,0.0,0,0,0,0,68,2,1,1,0,0,0,0,0,2947.22,1,Footwear,Debit Card,Mobile App,Size issue,Mass Market,1195,9,8,1,0,none
ORD505683,CUST501947,TXN505683,DEV808079,ADDR908501,ADDR904180,2024-12-10,2024-12-17,5,1,0,11460.88,0.0,0.1667,0.0,2292.18,0.0,0,0,0,0,56,1,1,1,1,1,0,0,1,3976.59,1,Electronics,Credit Card,Social Commerce,Changed mind,Budget,1295,7,6,1,0,none
ORD505684,CUST501948,TXN505684,DEV802565,ADDR907447,ADDR907447,2024-03-17,2024-03-28,0,0,0,0.0,0.0,0.0,0.0,0.0,0.0,0,0,0,0,999,2,1,1,0,0,0,0,0,702.89,1,Accessories,Debit Card,Marketplace,Wrong product,Budget,405,11,9,2,0,none
ORD505690,CUST501949,TXN505690,DEV803587,ADDR905485,ADDR905485,2024-03-11,2024-03-16,0,0,0,0.0,0.0,0.0,0.0,0.0,0.0,0,0,0,0,999,1,1,1,0,0,0,0,0,1467.85,2,Accessories,Credit Card,Website,Product not as described,Mass Market,520,5,1,4,0,none
ORD505707,CUST501954,TXN505707,DEV808567,ADDR907244,ADDR907244,2024-04-24,2024-05-02,1,0,0,1370.5,0.0,0.0,0.0,1370.5,0.0,0,0,0,0,62,1,1,1,0,0,0,0,0,1625.11,1,Accessories,Wallet,Website,Wrong product,Mass Market,1338,8,6,2,0,none
ORD505714,CUST501956,TXN505714,DEV803236,ADDR906359,ADDR906359,2024-01-01,2024-01-06,0,0,0,0.0,0.0,0.0,0.0,0.0,0.0,0,0,0,0,999,1,1,1,0,0,0,0,0,2338.69,1,Home,UPI,Mobile App,Size issue,Budget,264,5,4,1,0,none
ORD505716,CUST501956,TXN505716,DEV803236,ADDR906359,ADDR906359,2024-08-22,2024-08-30,2,1,1,3689.51,1910.5,0.3333,0.3333,1844.76,1910.5,0,0,0,0,146,2,1,2,1,1,1,1,0,739.01,1,Home,Debit Card,Website,Product not as described,Budget,264,8,7,1,0,none
ORD505726,CUST501959,TXN505726,DEV803643,ADDR903794,ADDR903794,2024-06-02,2024-06-08,2,0,0,1805.53,0.0,0.0,0.0,902.77,0.0,0,1,0,0,25,1,1,1,0,0,0,0,0,1432.88,1,Accessories,Net Banking,Marketplace,Damaged product,Mass Market,1753,6,3,3,0,none
ORD505735,CUST501963,TXN505735,DEV801564,ADDR909721,ADDR909721,2024-03-19,2024-03-22,0,0,0,0.0,0.0,0.0,0.0,0.0,0.0,0,0,0,0,999,1,1,1,0,0,0,0,0,2256.9,2,Home,UPI,Mobile App,Late delivery,Mass Market,473,3,1,2,0,none
ORD505740,CUST501965,TXN505740,DEV801858,ADDR901076,ADDR901076,2024-02-24,2024-02-28,3,0,0,4407.76,0.0,0.0,0.0,1469.25,0.0,0,1,0,0,22,1,1,1,0,0,0,0,0,3752.33,1,Sports,Debit Card,Mobile App,Damaged product,Budget,939,4,3,1,0,none
ORD505764,CUST501973,TXN505764,DEV801245,ADDR907588,ADDR907588,2024-05-22,2024-05-26,3,0,0,2586.56,0.0,0.0,0.0,862.19,0.0,0,1,0,0,15,2,1,1,0,0,0,0,0,1315.03,1,Footwear,Wallet,Mobile App,Wrong product,Budget,385,4,3,1,0,none
ORD505766,CUST501974,TXN505766,DEV804485,ADDR908516,ADDR908516,2024-03-10,2024-03-21,1,0,0,5110.38,0.0,0.0,0.0,5110.38,0.0,0,1,0,0,22,1,1,1,0,0,0,0,0,2890.9,1,Footwear,Debit Card,Website,Quality issue,Mass Market,827,11,10,1,0,none
ORD505785,CUST501981,TXN505785,DEV808354,ADDR907264,ADDR907264,2024-03-20,2024-03-24,1,1,0,3266.68,0.0,0.5,0.0,3266.68,0.0,0,0,0,0,74,2,1,1,1,1,0,0,0,670.6,1,Accessories,UPI,Marketplace,Wrong product,Budget,1276,4,1,3,1,serial_return_abuse
ORD505786,CUST501981,TXN505786,DEV808354,ADDR907264,ADDR907264,2024-08-31,2024-09-12,3,2,1,6632.88,581.32,0.5,0.25,2210.96,581.32,0,1,0,0,9,2,1,1,2,2,1,1,0,435.34,2,Beauty,UPI,Social Commerce,Size issue,Budget,1276,12,11,1,1,serial_return_abuse
ORD505788,CUST501981,TXN505788,DEV808354,ADDR907264,ADDR907264,2024-11-22,2024-11-26,4,3,2,7068.22,980.5,0.6,0.4,1767.05,490.25,0,0,0,0,84,2,1,1,4,3,3,2,0,916.87,1,Beauty,Credit Card,Mobile App,Damaged product,Budget,1276,4,3,1,1,serial_return_abuse
ORD505818,CUST501994,TXN505818,DEV803318,ADDR904345,ADDR904345,2024-09-30,2024-10-03,0,0,0,0.0,0.0,0.0,0.0,0.0,0.0,0,0,0,0,999,1,1,1,0,0,0,0,0,1961.69,1,Fashion,Credit Card,Website,Changed mind,Premium,1329,3,2,1,0,none
ORD505828,CUST501997,TXN505828,DEV807947,ADDR903890,ADDR909911,2024-05-23,2024-05-29,2,0,0,1275.61,0.0,0.0,0.0,637.81,0.0,0,0,0,0,108,1,1,1,0,0,0,0,1,774.45,1,Accessories,UPI,Mobile App,Late delivery,Budget,531,6,4,2,0,none
ORD505829,CUST501997,TXN505829,DEV807947,ADDR903890,ADDR903890,2024-08-12,2024-08-18,3,1,1,2050.06,584.78,0.25,0.25,683.35,584.78,0,0,0,0,87,1,1,1,1,1,1,1,0,1553.59,3,Accessories,Net Banking,Mobile App,Wrong product,Budget,531,6,2,4,0,none
ORD505833,CUST501998,TXN505833,DEV808344,ADDR904299,ADDR904299,2024-06-18,2024-07-01,2,0,0,5992.97,0.0,0.0,0.0,2996.48,0.0,0,0,0,0,109,1,1,1,0,0,0,0,0,941.1,1,Home,Wallet,Social Commerce,Wrong product,Mass Market,614,13,12,1,0,none
ORD505834,CUST501998,TXN505834,DEV808344,ADDR904299,ADDR904299,2024-09-17,2024-09-21,3,1,1,6934.07,890.41,0.25,0.25,2311.36,890.41,0,0,0,0,95,1,1,1,1,1,1,1,0,251.79,1,Home,UPI,Mobile App,Size issue,Mass Market,614,4,2,2,0,none
ORD505842,CUST502001,TXN505842,DEV803553,ADDR908897,ADDR908897,2024-05-26,2024-06-09,1,0,0,714.81,0.0,0.0,0.0,714.81,0.0,0,0,0,0,127,1,1,2,0,0,0,0,0,1038.49,1,Footwear,UPI,Mobile App,Changed mind,Mass Market,917,14,10,4,0,none
ORD505844,CUST502002,TXN505844,DEV802363,ADDR905918,ADDR905918,2024-12-25,2025-01-05,1,0,0,964.06,0.0,0.0,0.0,964.06,0.0,0,0,0,0,239,1,2,2,0,0,0,0,0,4446.31,1,Sports,UPI,Website,Quality issue,Budget,905,11,10,1,0,none
ORD505854,CUST502007,TXN505854,DEV807131,ADDR909051,ADDR909051,2024-01-08,2024-01-18,1,0,0,298.55,0.0,0.0,0.0,298.55,0.0,0,1,0,0,10,1,1,1,0,0,0,0,0,2868.49,1,Fashion,Net Banking,Mobile App,Quality issue,Budget,1525,10,9,1,0,none
ORD505862,CUST502009,TXN505862,DEV802167,ADDR907697,ADDR907697,2024-05-03,2024-05-07,1,0,0,5132.91,0.0,0.0,0.0,5132.91,0.0,1,1,0,0,7,1,1,1,0,0,0,0,0,3978.32,1,Sports,UPI,Mobile App,Wrong product,Mass Market,1234,4,2,2,0,none
ORD505863,CUST502009,TXN505863,DEV802167,ADDR907697,ADDR907697,2024-07-02,2024-07-12,2,1,1,9111.23,3195.4,0.3333,0.3333,4555.62,3195.4,0,0,0,0,70,1,1,1,1,1,1,1,0,748.09,1,Electronics,Credit Card,Mobile App,Damaged product,Mass Market,1234,10,6,4,0,none
ORD505865,CUST502009,TXN505865,DEV802167,ADDR907697,ADDR907697,2024-10-30,2024-11-12,5,2,2,11301.4,3907.23,0.3333,0.3333,2260.28,1953.62,0,0,0,0,69,1,1,1,2,2,2,2,0,2421.76,1,Fashion,Credit Card,Mobile App,Late delivery,Mass Market,1234,13,9,4,0,none
ORD505869,CUST502010,TXN505869,DEV807304,ADDR903660,ADDR903660,2024-07-02,2024-07-08,3,0,0,3465.56,0.0,0.0,0.0,1155.19,0.0,0,0,0,0,100,1,1,1,0,0,0,0,0,437.32,1,Fashion,UPI,Marketplace,Damaged product,High Value,284,6,2,4,0,none
ORD505879,CUST502017,TXN505879,DEV807297,ADDR907515,ADDR907515,2024-01-27,2024-01-30,0,0,0,0.0,0.0,0.0,0.0,0.0,0.0,0,0,0,0,999,1,1,1,0,0,0,0,0,1458.54,2,Beauty,UPI,Marketplace,Product not as described,Budget,219,3,1,2,0,none
ORD505888,CUST502020,TXN505888,DEV807271,ADDR906045,ADDR906045,2024-11-21,2024-12-02,4,0,0,7888.87,0.0,0.0,0.0,1972.22,0.0,0,0,0,0,50,1,1,1,0,0,0,0,0,348.06,1,Grocery,UPI,Mobile App,Changed mind,Mass Market,1121,11,7,4,0,none
ORD505891,CUST502021,TXN505891,DEV802456,ADDR902790,ADDR902790,2024-07-14,2024-07-29,2,0,0,6775.51,0.0,0.0,0.0,3387.76,0.0,0,0,0,0,72,1,1,1,0,0,0,0,0,659.32,2,Beauty,UPI,Marketplace,Changed mind,Mass Market,1520,15,12,3,0,none
ORD505896,CUST502023,TXN505896,DEV807520,ADDR906047,ADDR906047,2024-06-04,2024-06-08,1,0,0,1122.72,0.0,0.0,0.0,1122.72,0.0,0,0,0,0,116,2,2,2,0,1,0,1,0,1564.99,1,Accessories,UPI,Mobile App,Late delivery,Budget,1562,4,3,1,0,none
ORD505898,CUST502024,TXN505898,DEV809056,ADDR901025,ADDR901025,2024-05-18,2024-05-23,2,0,0,1954.0,0.0,0.0,0.0,977.0,0.0,0,0,0,0,126,1,1,1,0,0,0,0,0,410.34,1,Beauty,UPI,Website,Product not as described,Budget,1701,5,3,2,0,none
ORD505901,CUST502025,TXN505901,DEV807845,ADDR909600,ADDR909600,2024-03-19,2024-03-26,0,0,0,0.0,0.0,0.0,0.0,0.0,0.0,0,0,0,0,999,1,1,1,0,0,0,0,0,2183.51,1,Home,UPI,Mobile App,Changed mind,Budget,1456,7,4,3,0,none
ORD505903,CUST502026,TXN505903,DEV808060,ADDR903795,ADDR903795,2024-04-05,2024-04-18,2,0,0,4541.57,0.0,0.0,0.0,2270.78,0.0,1,2,0,0,6,2,1,1,0,0,0,0,0,465.14,1,Accessories,UPI,Website,Quality issue,Mass Market,1531,13,11,2,0,none
ORD505911,CUST502028,TXN505911,DEV808383,ADDR904482,ADDR904482,2024-03-23,2024-03-30,0,0,0,0.0,0.0,0.0,0.0,0.0,0.0,0,0,0,0,999,1,1,1,0,0,0,0,0,2095.8,2,Home,UPI,Website,Quality issue,Mass Market,255,7,5,2,0,none
ORD505924,CUST502032,TXN505924,DEV806605,ADDR901486,ADDR901486,2024-03-29,2024-04-08,1,0,0,518.77,0.0,0.0,0.0,518.77,0.0,0,0,0,0,92,1,1,1,0,0,0,0,0,2718.16,1,Electronics,UPI,Marketplace,Quality issue,Budget,161,10,9,1,0,none
ORD505927,CUST502033,TXN505927,DEV802651,ADDR901155,ADDR901155,2024-06-03,2024-06-11,3,0,0,4637.35,0.0,0.0,0.0,1545.78,0.0,0,0,0,0,62,1,1,1,0,0,0,0,0,3643.45,1,Footwear,Credit Card,Mobile App,Size issue,Mass Market,1023,8,6,2,0,none
ORD505928,CUST502034,TXN505928,DEV801685,ADDR902586,ADDR904384,2024-03-12,2024-03-21,1,0,0,1193.65,0.0,0.0,0.0,1193.65,0.0,1,1,0,0,7,1,1,1,0,0,0,0,1,3664.26,1,Sports,Wallet,Marketplace,Size issue,Budget,44,9,7,2,0,none
ORD505933,CUST502036,TXN505933,DEV808961,ADDR908006,ADDR908006,2024-09-27,2024-10-08,4,0,0,10054.08,0.0,0.0,0.0,2513.52,0.0,0,1,0,0,9,1,3,3,0,0,0,0,0,4684.99,1,Electronics,EMI,Mobile App,Changed mind,Premium,574,11,8,3,1,coordinated_address_abuse
ORD505942,CUST502039,TXN505942,DEV801937,ADDR906833,ADDR906833,2024-03-06,2024-03-16,1,0,0,945.93,0.0,0.0,0.0,945.93,0.0,0,0,0,0,55,1,1,2,0,0,0,0,0,468.37,1,Footwear,Credit Card,Website,Product not as described,Mass Market,1280,10,9,1,0,none
ORD505954,CUST502043,TXN505954,DEV808785,ADDR909436,ADDR909436,2024-05-05,2024-05-10,1,0,0,666.9,0.0,0.0,0.0,666.9,0.0,0,0,0,0,81,1,1,1,0,0,0,0,0,1580.57,1,Home,Credit Card,Mobile App,Damaged product,Budget,1435,5,4,1,0,none
ORD505956,CUST502044,TXN505956,DEV806278,ADDR901272,ADDR901272,2024-01-06,2024-01-12,1,0,0,2239.21,0.0,0.0,0.0,2239.21,0.0,1,1,0,0,3,1,1,1,0,0,0,0,0,5677.95,1,Electronics,Credit Card,Social Commerce,Damaged product,Mass Market,36,6,5,1,0,none
ORD505958,CUST502044,TXN505958,DEV806278,ADDR901272,ADDR901272,2024-03-26,2024-04-06,2,1,1,7917.16,4492.69,0.3333,0.3333,3958.58,4492.69,0,0,0,0,88,1,1,1,1,1,1,1,0,571.34,1,Fashion,Debit Card,Mobile App,Late delivery,Mass Market,36,11,9,2,0,none
ORD505960,CUST502045,TXN505960,DEV806333,ADDR908279,ADDR908279,2024-02-16,2024-02-24,1,0,0,1201.53,0.0,0.0,0.0,1201.53,0.0,0,0,0,0,32,1,1,1,0,0,0,0,0,3529.15,2,Electronics,Credit Card,Mobile App,Quality issue,Mass Market,123,8,6,2,0,none
ORD505968,CUST502047,TXN505968,DEV802645,ADDR907305,ADDR907305,2024-06-20,2024-06-29,4,2,0,7095.26,0.0,0.4,0.0,1773.81,0.0,0,1,0,0,17,1,2,2,2,2,0,0,0,314.23,3,Accessories,EMI,Marketplace,Changed mind,Mass Market,1005,9,6,3,0,none
ORD505975,CUST502050,TXN505975,DEV805937,ADDR909990,ADDR909990,2024-07-23,2024-08-05,3,1,0,1054.34,0.0,0.25,0.0,351.45,0.0,0,0,0,0,99,1,1,1,1,1,0,0,0,1291.85,1,Footwear,UPI,Social Commerce,Product not as described,Budget,208,13,10,3,1,serial_return_abuse
ORD505978,CUST502052,TXN505978,DEV804987,ADDR904467,ADDR904467,2024-02-07,2024-02-14,0,0,0,0.0,0.0,0.0,0.0,0.0,0.0,0,0,0,0,999,1,1,1,0,0,0,0,0,1580.2,1,Fashion,UPI,Mobile App,Changed mind,Mass Market,523,7,4,3,0,none
ORD505982,CUST502054,TXN505982,DEV803625,ADDR906349,ADDR906349,2024-01-11,2024-01-17,0,0,0,0.0,0.0,0.0,0.0,0.0,0.0,0,0,0,0,999,1,1,1,0,0,0,0,0,2962.0,1,Electronics,UPI,Mobile App,Changed mind,Mass Market,89,6,5,1,0,none
ORD505995,CUST502056,TXN505995,DEV803016,ADDR903224,ADDR903224,2024-09-12,2024-09-25,5,0,0,6590.48,0.0,0.0,0.0,1318.1,0.0,0,1,0,0,27,1,1,1,0,0,0,0,0,6337.5,1,Electronics,EMI,Mobile App,Late delivery,Mass Market,1403,13,10,3,0,none
ORD506006,CUST502061,TXN506006,DEV804082,ADDR902902,ADDR902902,2024-05-23,2024-05-27,4,1,0,6124.23,0.0,0.2,0.0,1531.06,0.0,1,1,1,0,3,1,1,1,1,1,0,0,0,463.43,2,Home,Debit Card,Marketplace,Changed mind,Budget,726,4,1,3,1,serial_return_abuse
ORD506007,CUST502061,TXN506007,DEV804082,ADDR902902,ADDR902902,2024-05-24,2024-06-02,4,2,1,2407.03,458.17,0.4,0.2,601.76,458.17,0,1,2,1,10,1,1,1,2,2,1,1,0,4180.63,1,Electronics,Debit Card,Mobile App,Duplicate order,Budget,726,9,5,4,1,serial_return_abuse
ORD506008,CUST502061,TXN506008,DEV804082,ADDR902902,ADDR902902,2024-06-15,2024-06-26,5,3,2,6587.66,4497.83,0.5,0.3333,1317.53,2248.92,0,0,2,2,33,1,1,1,3,3,2,2,0,5580.71,1,Electronics,UPI,Website,Wrong product,Budget,726,11,8,3,1,serial_return_abuse
ORD506014,CUST502062,TXN506014,DEV806134,ADDR907229,ADDR907229,2024-06-21,2024-07-04,2,0,0,3450.36,0.0,0.0,0.0,1725.18,0.0,0,1,0,0,13,1,1,1,0,0,0,0,0,1179.62,1,Fashion,Credit Card,Marketplace,Product not as described,Mass Market,1777,13,10,3,0,none
ORD506018,CUST502065,TXN506018,DEV803069,ADDR909515,ADDR909515,2024-04-07,2024-04-14,1,0,0,2132.08,0.0,0.0,0.0,2132.08,0.0,0,0,0,0,102,1,1,1,0,0,0,0,0,186.81,1,Accessories,UPI,Website,Quality issue,High Value,1661,7,3,4,0,none
ORD506021,CUST502066,TXN506021,DEV802746,ADDR907476,ADDR907476,2024-07-03,2024-07-16,2,0,0,4772.75,0.0,0.0,0.0,2386.38,0.0,0,0,0,0,75,1,1,1,0,0,0,0,0,1188.18,2,Home,Wallet,Mobile App,Quality issue,Mass Market,484,13,9,4,0,none
ORD506026,CUST502067,TXN506026,DEV806176,ADDR903370,ADDR903370,2024-12-09,2024-12-17,4,0,0,4390.97,0.0,0.0,0.0,1097.74,0.0,0,1,0,0,11,1,2,2,0,0,0,0,0,1012.29,1,Footwear,UPI,Website,Size issue,Budget,973,8,6,2,0,none
ORD506032,CUST502069,TXN506032,DEV805643,ADDR903389,ADDR903389,2024-12-10,2024-12-14,1,0,0,1565.79,0.0,0.0,0.0,1565.79,0.0,0,0,0,0,329,1,2,2,0,1,0,1,0,1478.97,1,Fashion,Debit Card,Mobile App,Product not as described,Mass Market,1261,4,3,1,0,none
ORD506038,CUST502071,TXN506038,DEV805480,ADDR908836,ADDR901919,2024-10-10,2024-10-23,7,0,0,6182.56,0.0,0.0,0.0,883.22,0.0,0,0,0,0,35,3,1,2,1,0,0,0,1,1899.17,1,Home,EMI,Marketplace,Size issue,Budget,282,13,9,4,0,none
ORD506050,CUST502076,TXN506050,DEV803608,ADDR901353,ADDR901353,2024-06-05,2024-06-13,3,0,0,10105.28,0.0,0.0,0.0,3368.43,0.0,0,1,0,0,20,1,1,1,0,0,0,0,0,3175.22,1,Footwear,Debit Card,Marketplace,Size issue,Budget,1380,8,4,4,1,serial_return_abuse
ORD506053,CUST502076,TXN506053,DEV803608,ADDR901353,ADDR901353,2024-09-20,2024-10-02,6,1,1,17405.0,2947.06,0.1429,0.1429,2900.83,2947.06,0,0,0,0,71,1,1,1,1,1,1,1,0,249.62,1,Grocery,UPI,Website,Wrong product,Budget,1380,12,11,1,1,serial_return_abuse
ORD506054,CUST502076,TXN506054,DEV803608,ADDR901353,ADDR901353,2024-11-03,2024-11-13,7,2,2,17654.62,3182.68,0.25,0.25,2522.09,1591.34,0,0,0,0,54,1,1,1,2,2,2,2,0,2276.53,1,Footwear,UPI,Mobile App,Product not as described,Budget,1380,10,7,3,1,serial_return_abuse
ORD506064,CUST502080,TXN506064,DEV801886,ADDR905981,ADDR905981,2024-02-23,2024-03-02,0,0,0,0.0,0.0,0.0,0.0,0.0,0.0,0,0,0,0,999,1,1,1,0,0,0,0,0,1122.55,2,Home,Credit Card,Website,Changed mind,Budget,1570,8,6,2,0,none
ORD506069,CUST502082,TXN506069,DEV804436,ADDR904573,ADDR906792,2024-03-10,2024-03-18,0,0,0,0.0,0.0,0.0,0.0,0.0,0.0,0,0,0,0,999,2,1,2,0,0,0,0,1,759.61,1,Beauty,UPI,Social Commerce,Size issue,Mass Market,326,8,4,4,0,none
ORD506071,CUST502082,TXN506071,DEV804436,ADDR904573,ADDR904573,2024-04-21,2024-05-05,2,1,1,1954.67,744.76,0.3333,0.3333,977.34,744.76,0,1,0,0,15,2,1,1,1,1,1,1,0,95.66,1,Grocery,Debit Card,Marketplace,Changed mind,Mass Market,326,14,11,3,0,none
ORD506092,CUST502089,TXN506092,DEV803826,ADDR907150,ADDR907150,2024-11-25,2024-12-06,5,0,0,7653.08,0.0,0.0,0.0,1530.62,0.0,0,0,0,0,86,1,1,1,0,0,0,0,0,4903.11,1,Electronics,Debit Card,Mobile App,Product not as described,Budget,649,11,7,4,0,none
ORD506093,CUST502090,TXN506093,DEV802468,ADDR908596,ADDR902314,2024-05-29,2024-06-12,0,0,0,0.0,0.0,0.0,0.0,0.0,0.0,0,0,0,0,999,1,1,2,0,0,0,0,1,1878.76,1,Electronics,UPI,Website,Changed mind,High Value,1403,14,12,2,1,policy_exploitation
ORD506100,CUST502093,TXN506100,DEV804685,ADDR901377,ADDR901377,2024-03-27,2024-04-04,0,0,0,0.0,0.0,0.0,0.0,0.0,0.0,0,0,0,0,999,1,1,1,0,0,0,0,0,4293.96,2,Electronics,Debit Card,Mobile App,Wrong product,Mass Market,1073,8,6,2,0,none
ORD506110,CUST502097,TXN506110,DEV809806,ADDR904029,ADDR904029,2024-07-31,2024-08-12,1,0,0,1684.61,0.0,0.0,0.0,1684.61,0.0,0,0,0,0,183,1,1,1,0,0,0,0,0,6400.64,2,Electronics,UPI,Mobile App,Size issue,Mass Market,1658,12,9,3,0,none
ORD506117,CUST502099,TXN506117,DEV802047,ADDR909501,ADDR909501,2024-07-07,2024-07-12,4,0,0,8576.83,0.0,0.0,0.0,2144.21,0.0,1,1,0,0,5,2,1,1,0,0,0,0,0,3049.16,3,Electronics,UPI,Social Commerce,Late delivery,High Value,1030,5,2,3,0,none
ORD506123,CUST502101,TXN506123,DEV803960,ADDR903948,ADDR903948,2024-10-26,2024-11-07,2,2,0,6075.15,0.0,0.6667,0.0,3037.58,0.0,0,0,0,0,187,1,1,1,2,2,0,0,0,1609.91,2,Accessories,UPI,Website,Damaged product,Premium,270,12,10,2,1,serial_return_abuse
ORD506124,CUST502101,TXN506124,DEV803960,ADDR903948,ADDR903948,2024-12-14,2024-12-24,3,3,1,7685.06,1235.79,0.75,0.25,2561.69,1235.79,0,0,0,0,59,1,1,1,3,3,1,1,0,4021.37,2,Sports,Debit Card,Mobile App,Quality issue,Premium,270,10,7,3,1,serial_return_abuse
ORD506127,CUST502103,TXN506127,DEV803641,ADDR902438,ADDR902438,2024-04-05,2024-04-17,0,0,0,0.0,0.0,0.0,0.0,0.0,0.0,0,0,0,0,999,1,2,2,0,0,0,0,0,988.42,2,Electronics,Credit Card,Website,Product not as described,Budget,452,12,8,4,0,none
ORD506128,CUST502103,TXN506128,DEV803641,ADDR902438,ADDR902438,2024-08-02,2024-08-07,2,1,1,1681.88,778.97,0.3333,0.3333,840.94,778.97,0,1,0,0,9,2,2,2,1,1,1,1,0,3532.01,1,Electronics,Debit Card,Website,Other,Budget,452,5,2,3,0,none
ORD506177,CUST502123,TXN506177,DEV807203,ADDR902720,ADDR902720,2024-05-22,2024-05-31,1,0,0,518.94,0.0,0.0,0.0,518.94,0.0,0,0,0,0,84,1,1,1,0,0,0,0,0,398.23,1,Beauty,Net Banking,Website,Size issue,Budget,485,9,5,4,0,none
ORD506187,CUST502126,TXN506187,DEV805440,ADDR902623,ADDR902623,2024-09-03,2024-09-11,2,0,0,4056.29,0.0,0.0,0.0,2028.14,0.0,0,0,0,0,76,1,1,1,0,0,0,0,0,1307.04,1,Footwear,UPI,Marketplace,Product not as described,Budget,607,8,7,1,0,none
ORD506190,CUST502127,TXN506190,DEV807382,ADDR903960,ADDR903960,2024-03-02,2024-03-14,1,0,0,810.21,0.0,0.0,0.0,810.21,0.0,0,1,0,0,19,1,1,1,0,0,0,0,0,6247.25,1,Electronics,Net Banking,Mobile App,Wrong product,High Value,681,12,11,1,0,none
ORD506192,CUST502127,TXN506192,DEV807382,ADDR903960,ADDR903960,2024-05-12,2024-05-20,3,1,1,10577.26,6191.62,0.25,0.25,3525.75,6191.62,0,1,0,0,23,1,1,1,1,1,1,1,0,453.56,1,Fashion,Net Banking,Social Commerce,Size issue,High Value,681,8,4,4,0,none
ORD506197,CUST502130,TXN506197,DEV803337,ADDR907206,ADDR907206,2024-08-06,2024-08-17,0,0,0,0.0,0.0,0.0,0.0,0.0,0.0,0,0,0,0,999,1,1,1,0,0,0,0,0,174.77,1,Grocery,Net Banking,Mobile App,Size issue,Mass Market,288,11,7,4,0,none
ORD506207,CUST502133,TXN506207,DEV808678,ADDR908005,ADDR908005,2024-09-10,2024-09-22,2,0,0,6089.16,0.0,0.0,0.0,3044.58,0.0,0,0,0,0,39,1,3,3,0,2,0,2,0,459.44,3,Beauty,Credit Card,Mobile App,Size issue,Mass Market,1665,12,8,4,1,coordinated_address_abuse
ORD506221,CUST502139,TXN506221,DEV803235,ADDR908858,ADDR908858,2024-12-26,2025-01-06,2,0,0,1121.93,0.0,0.0,0.0,560.96,0.0,0,0,0,0,88,1,1,1,0,0,0,0,0,281.87,1,Sports,UPI,Social Commerce,Damaged product,Mass Market,1526,11,7,4,0,none
ORD506245,CUST502148,TXN506245,DEV805752,ADDR905901,ADDR905901,2024-08-28,2024-09-05,3,1,0,3937.16,0.0,0.25,0.0,1312.39,0.0,0,0,0,0,74,1,1,1,1,1,0,0,0,1283.97,1,Home,Credit Card,Website,Damaged product,High Value,271,8,7,1,0,none
ORD506248,CUST502149,TXN506248,DEV801036,ADDR907449,ADDR907449,2024-03-30,2024-04-10,0,0,0,0.0,0.0,0.0,0.0,0.0,0.0,0,0,0,0,999,1,1,1,0,0,0,0,0,904.1,1,Grocery,Debit Card,Mobile App,Damaged product,Mass Market,466,11,8,3,0,none
ORD506250,CUST502149,TXN506250,DEV801036,ADDR907449,ADDR907449,2024-09-20,2024-10-05,2,1,1,1180.7,844.97,0.3333,0.3333,590.35,844.97,0,0,0,0,37,1,1,1,1,1,1,1,0,1285.54,1,Beauty,UPI,Website,Damaged product,Mass Market,466,15,12,3,0,none
ORD506253,CUST502150,TXN506253,DEV809446,ADDR901580,ADDR901580,2024-08-15,2024-08-17,1,0,0,571.01,0.0,0.0,0.0,571.01,0.0,0,0,0,0,218,1,1,1,0,0,0,0,0,375.91,3,Beauty,Net Banking,Mobile App,Wrong product,Budget,1346,2,1,1,1,serial_return_abuse
ORD506254,CUST502150,TXN506254,DEV809446,ADDR901580,ADDR904271,2024-08-31,2024-09-11,2,1,1,946.92,332.15,0.3333,0.3333,473.46,332.15,0,1,1,1,27,1,1,5,1,1,1,1,1,705.39,1,Footwear,Debit Card,Mobile App,Quality issue,Budget,1346,11,7,4,1,serial_return_abuse
ORD506258,CUST502150,TXN506258,DEV809446,ADDR901580,ADDR901580,2024-12-16,2024-12-27,6,3,1,7106.31,332.15,0.4286,0.1429,1184.38,332.15,0,1,0,0,12,1,1,1,3,3,1,1,0,251.22,3,Grocery,Debit Card,Mobile App,Quality issue,Budget,1346,11,9,2,1,serial_return_abuse
ORD506262,CUST502152,TXN506262,DEV806382,ADDR905888,ADDR905888,2024-03-05,2024-03-16,0,0,0,0.0,0.0,0.0,0.0,0.0,0.0,0,0,0,0,999,1,1,1,0,0,0,0,0,707.84,1,Beauty,UPI,Mobile App,Size issue,Budget,972,11,8,3,1,serial_return_abuse
ORD506263,CUST502152,TXN506263,DEV806382,ADDR905888,ADDR905888,2024-03-31,2024-04-09,1,1,1,707.84,564.64,0.5,0.5,707.84,564.64,0,0,1,1,35,1,1,1,1,1,1,1,0,3388.79,2,Sports,Net Banking,Website,Size issue,Budget,972,9,8,1,1,serial_return_abuse
ORD506268,CUST502152,TXN506268,DEV806382,ADDR905888,ADDR905888,2024-09-10,2024-09-19,6,3,2,7260.58,3144.14,0.4286,0.2857,1210.1,1572.07,0,1,0,0,10,1,1,1,3,3,2,2,0,690.23,1,Electronics,UPI,Marketplace,Wrong product,Budget,972,9,8,1,1,serial_return_abuse
ORD506269,CUST502152,TXN506269,DEV806382,ADDR905888,ADDR905888,2024-11-06,2024-11-17,8,4,3,8690.76,3720.4,0.4444,0.3333,1086.34,1240.13,0,1,0,0,26,1,1,1,4,4,3,3,0,1659.16,1,Accessories,Credit Card,Website,Size issue,Budget,972,11,9,2,1,serial_return_abuse
ORD506272,CUST502153,TXN506272,DEV804050,ADDR907587,ADDR907587,2024-04-24,2024-05-05,3,0,0,2013.58,0.0,0.0,0.0,671.19,0.0,0,0,0,0,65,2,1,1,0,0,0,0,0,1192.95,1,Home,UPI,Website,Quality issue,Budget,746,11,10,1,0,none
ORD506281,CUST502158,TXN506281,DEV805415,ADDR908007,ADDR908007,2024-01-03,2024-01-15,0,0,0,0.0,0.0,0.0,0.0,0.0,0.0,0,0,0,0,999,1,2,2,0,0,0,0,0,3810.05,2,Electronics,UPI,Website,Damaged product,High Value,1692,12,11,1,1,coordinated_address_abuse
ORD506282,CUST502158,TXN506282,DEV805415,ADDR908007,ADDR904211,2024-05-24,2024-06-03,1,1,1,3810.05,3479.49,0.5,0.5,3810.05,3479.49,0,0,0,0,152,1,3,1,1,4,1,3,1,1398.96,1,Beauty,UPI,Mobile App,Damaged product,High Value,1692,10,9,1,1,coordinated_address_abuse
ORD506283,CUST502158,TXN506283,DEV805415,ADDR908007,ADDR908007,2024-12-04,2024-12-08,2,2,2,5209.01,4724.67,0.6667,0.6667,2604.5,2362.34,0,0,0,0,198,1,3,3,2,7,2,6,0,1018.6,2,Sports,Wallet,Mobile App,Quality issue,High Value,1692,4,3,1,1,coordinated_address_abuse
ORD506294,CUST502161,TXN506294,DEV808004,ADDR904105,ADDR904105,2024-10-27,2024-11-07,4,0,0,5895.42,0.0,0.0,0.0,1473.86,0.0,0,0,0,0,67,3,1,1,1,0,1,0,0,2848.62,1,Footwear,UPI,Marketplace,Quality issue,High Value,436,11,9,2,1,coordinated_device_abuse
ORD506298,CUST502162,TXN506298,DEV807898,ADDR906426,ADDR906426,2024-09-29,2024-10-03,3,0,0,2838.33,0.0,0.0,0.0,946.11,0.0,0,0,0,0,133,2,2,2,0,1,0,1,0,340.19,1,Beauty,Debit Card,Mobile App,Product not as described,Budget,838,4,3,1,0,none
ORD506299,CUST502163,TXN506299,DEV804260,ADDR908852,ADDR908852,2024-01-09,2024-01-16,1,0,0,1489.97,0.0,0.0,0.0,1489.97,0.0,0,1,0,0,12,1,1,1,0,0,0,0,0,1536.89,1,Fashion,UPI,Marketplace,Product not as described,Premium,1394,7,4,3,0,none
ORD506300,CUST502163,TXN506300,DEV804260,ADDR908852,ADDR908852,2024-02-24,2024-03-06,2,1,1,3026.86,1526.2,0.3333,0.3333,1513.43,1526.2,0,0,0,0,57,1,1,1,1,1,1,1,0,1493.52,1,Beauty,UPI,Mobile App,Quality issue,Premium,1394,11,7,4,0,none
ORD506302,CUST502163,TXN506302,DEV804260,ADDR908852,ADDR908852,2024-11-29,2024-12-09,5,2,2,7653.08,2838.02,0.3333,0.3333,1530.62,1419.01,1,1,0,0,1,1,1,1,2,2,2,2,0,2757.79,1,Sports,UPI,Marketplace,Quality issue,Premium,1394,10,8,2,0,none
ORD506310,CUST502166,TXN506310,DEV809222,ADDR907370,ADDR907370,2024-01-21,2024-02-05,0,0,0,0.0,0.0,0.0,0.0,0.0,0.0,0,0,0,0,999,1,1,1,0,0,0,0,0,979.92,1,Footwear,Debit Card,Mobile App,Product not as described,High Value,848,15,12,3,0,none
ORD506312,CUST502166,TXN506312,DEV809222,ADDR907370,ADDR907370,2024-11-13,2024-11-23,6,1,1,10370.16,926.36,0.1429,0.1429,1728.36,926.36,0,0,0,0,111,2,1,1,5,1,4,1,0,5526.99,1,Electronics,UPI,Website,Quality issue,High Value,848,10,9,1,0,none
ORD506318,CUST502168,TXN506318,DEV804874,ADDR901852,ADDR901852,2024-02-16,2024-03-01,1,0,0,185.68,0.0,0.0,0.0,185.68,0.0,0,1,0,0,22,1,1,1,0,0,0,0,0,474.51,1,Beauty,Credit Card,Social Commerce,Product not as described,Budget,57,14,11,3,0,none
ORD506352,CUST502176,TXN506352,DEV805486,ADDR904148,ADDR904148,2024-10-06,2024-10-17,2,0,0,2711.19,0.0,0.0,0.0,1355.6,0.0,0,0,0,0,220,1,1,1,0,0,0,0,0,3056.42,1,Electronics,Credit Card,Mobile App,Changed mind,Budget,108,11,9,2,0,none
ORD506362,CUST502180,TXN506362,DEV801846,ADDR905985,ADDR905985,2024-07-21,2024-08-02,1,0,0,247.24,0.0,0.0,0.0,247.24,0.0,0,0,0,0,141,1,2,2,0,0,0,0,0,1453.65,2,Sports,Credit Card,Mobile App,Product not as described,Mass Market,904,12,8,4,0,none
ORD506366,CUST502181,TXN506366,DEV806751,ADDR907849,ADDR907849,2024-02-24,2024-03-01,0,0,0,0.0,0.0,0.0,0.0,0.0,0.0,0,0,0,0,999,1,1,1,0,0,0,0,0,449.59,1,Footwear,Net Banking,Mobile App,Size issue,Budget,604,6,2,4,0,none
ORD506374,CUST502183,TXN506374,DEV809004,ADDR909004,ADDR909004,2024-02-28,2024-03-10,0,0,0,0.0,0.0,0.0,0.0,0.0,0.0,0,0,0,0,999,2,3,3,0,0,0,0,0,221.49,1,Accessories,UPI,Marketplace,Product not as described,Budget,1555,11,9,2,1,account_multiplication
ORD506376,CUST502184,TXN506376,DEV802650,ADDR908059,ADDR908059,2024-01-08,2024-01-20,0,0,0,0.0,0.0,0.0,0.0,0.0,0.0,0,0,0,0,999,1,1,1,0,0,0,0,0,1167.87,1,Beauty,Net Banking,Marketplace,Quality issue,Budget,1272,12,11,1,0,none
ORD506377,CUST502184,TXN506377,DEV802650,ADDR908059,ADDR908059,2024-04-05,2024-04-10,1,1,1,1167.87,1067.55,0.5,0.5,1167.87,1067.55,0,0,0,0,93,1,1,1,1,1,1,1,0,599.53,1,Grocery,Net Banking,Mobile App,Product not as described,Budget,1272,5,1,4,0,none
ORD506382,CUST502185,TXN506382,DEV806476,ADDR905986,ADDR905986,2024-06-09,2024-06-19,1,0,0,1095.99,0.0,0.0,0.0,1095.99,0.0,0,0,0,0,32,1,1,1,0,0,0,0,0,1175.47,1,Accessories,EMI,Website,Changed mind,Budget,774,10,9,1,0,none
ORD506386,CUST502186,TXN506386,DEV803134,ADDR906426,ADDR906426,2024-07-31,2024-08-06,3,0,0,3171.83,0.0,0.0,0.0,1057.28,0.0,0,1,0,0,8,1,2,2,0,0,0,0,0,4013.97,1,Electronics,UPI,Marketplace,Wrong product,Budget,57,6,4,2,0,none
ORD506389,CUST502188,TXN506389,DEV807292,ADDR902429,ADDR902429,2024-08-26,2024-09-04,1,0,0,2662.78,0.0,0.0,0.0,2662.78,0.0,0,0,0,0,89,1,2,2,0,1,0,0,0,3834.95,1,Footwear,Credit Card,Website,Changed mind,Budget,460,9,7,2,0,none
ORD506391,CUST502190,TXN506391,DEV804120,ADDR904160,ADDR904160,2024-03-31,2024-04-12,0,0,0,0.0,0.0,0.0,0.0,0.0,0.0,0,0,0,0,999,1,1,1,0,0,0,0,0,486.26,2,Fashion,UPI,Marketplace,Size issue,Mass Market,1370,12,9,3,0,none
ORD506399,CUST502194,TXN506399,DEV806690,ADDR906996,ADDR906996,2024-01-05,2024-01-12,0,0,0,0.0,0.0,0.0,0.0,0.0,0.0,0,0,0,0,999,1,1,1,0,0,0,0,0,4025.62,1,Sports,Net Banking,Website,Size issue,Mass Market,547,7,4,3,0,none
ORD506411,CUST502197,TXN506411,DEV805745,ADDR901744,ADDR901744,2024-10-02,2024-10-11,1,0,0,1906.6,0.0,0.0,0.0,1906.6,0.0,0,0,0,0,281,2,1,1,0,0,0,0,0,497.17,1,Home,Debit Card,Mobile App,Other,Mass Market,294,9,6,3,0,none
ORD506415,CUST502200,TXN506415,DEV807393,ADDR907567,ADDR907567,2024-05-24,2024-06-04,2,0,0,5733.35,0.0,0.0,0.0,2866.68,0.0,0,0,0,0,125,1,1,1,0,0,0,0,0,2085.2,2,Footwear,Debit Card,Mobile App,Size issue,Mass Market,816,11,8,3,0,none
ORD506423,CUST502203,TXN506423,DEV809602,ADDR905240,ADDR905240,2024-02-27,2024-03-02,3,0,0,4657.25,0.0,0.0,0.0,1552.42,0.0,0,0,0,0,36,1,2,2,0,1,0,0,0,839.66,2,Footwear,Credit Card,Mobile App,Quality issue,Mass Market,1505,4,1,3,0,none
ORD506425,CUST502203,TXN506425,DEV809602,ADDR905240,ADDR905240,2024-10-29,2024-11-02,6,1,1,6268.35,694.11,0.1429,0.1429,1044.72,694.11,1,1,0,0,1,1,2,2,1,3,1,2,0,1075.84,1,Footwear,Debit Card,Mobile App,Quality issue,Mass Market,1505,4,1,3,0,none
ORD506434,CUST502208,TXN506434,DEV806692,ADDR907047,ADDR907047,2024-02-28,2024-03-12,0,0,0,0.0,0.0,0.0,0.0,0.0,0.0,0,0,0,0,999,1,1,1,0,0,0,0,0,2033.0,1,Electronics,Debit Card,Social Commerce,Wrong product,Mass Market,1358,13,11,2,0,none
ORD506448,CUST502212,TXN506448,DEV805194,ADDR901256,ADDR901256,2024-05-02,2024-05-13,3,0,0,3348.05,0.0,0.0,0.0,1116.02,0.0,0,0,0,0,40,1,1,1,0,0,0,0,0,1689.67,3,Footwear,Credit Card,Mobile App,Size issue,Mass Market,391,11,10,1,0,none
ORD506453,CUST502213,TXN506453,DEV802743,ADDR907258,ADDR907258,2024-05-23,2024-06-01,1,0,0,2492.27,0.0,0.0,0.0,2492.27,0.0,0,0,0,0,90,1,1,1,0,0,0,0,0,2284.15,3,Home,EMI,Social Commerce,Quality issue,Mass Market,1623,9,6,3,0,none
ORD506480,CUST502224,TXN506480,DEV801222,ADDR901716,ADDR901716,2024-10-21,2024-10-26,2,0,0,3833.65,0.0,0.0,0.0,1916.82,0.0,0,0,0,0,66,1,1,1,0,0,0,0,0,350.3,1,Fashion,UPI,Marketplace,Changed mind,Budget,1722,5,1,4,0,none
ORD506489,CUST502228,TXN506489,DEV808279,ADDR903672,ADDR903672,2024-07-05,2024-07-15,1,0,0,411.18,0.0,0.0,0.0,411.18,0.0,0,0,0,0,143,2,1,1,0,0,0,0,0,370.62,2,Fashion,Credit Card,Mobile App,Damaged product,Budget,1182,10,9,1,0,none
ORD506490,CUST502229,TXN506490,DEV804994,ADDR901915,ADDR901915,2024-06-26,2024-06-30,0,0,0,0.0,0.0,0.0,0.0,0.0,0.0,0,0,0,0,999,2,1,1,0,0,0,0,0,1464.95,1,Beauty,Wallet,Mobile App,Product not as described,Budget,346,4,2,2,0,none
ORD506492,CUST502230,TXN506492,DEV809906,ADDR903016,ADDR903016,2024-05-31,2024-06-12,1,0,0,1783.0,0.0,0.0,0.0,1783.0,0.0,0,1,0,0,18,1,1,1,0,0,0,0,0,259.3,1,Accessories,UPI,Mobile App,Wrong product,Mass Market,1315,12,9,3,0,none
ORD506500,CUST502234,TXN506500,DEV805699,ADDR904700,ADDR904700,2024-04-13,2024-04-28,1,0,0,2246.26,0.0,0.0,0.0,2246.26,0.0,0,0,0,0,108,1,3,3,0,2,0,2,0,1347.08,1,Beauty,Credit Card,Social Commerce,Product not as described,Budget,1372,15,12,3,0,none
ORD506501,CUST502235,TXN506501,DEV808003,ADDR909057,ADDR909057,2024-02-23,2024-03-07,0,0,0,0.0,0.0,0.0,0.0,0.0,0.0,0,0,0,0,999,1,1,1,0,0,0,0,0,814.26,1,Fashion,Debit Card,Social Commerce,Size issue,Premium,817,13,11,2,1,coordinated_device_abuse
ORD506513,CUST502240,TXN506513,DEV805940,ADDR905702,ADDR905702,2024-06-26,2024-07-06,3,0,0,3429.35,0.0,0.0,0.0,1143.12,0.0,0,0,0,0,142,1,1,1,0,0,0,0,0,2371.88,2,Home,Debit Card,Mobile App,Damaged product,Budget,1437,10,8,2,0,none
ORD506536,CUST502250,TXN506536,DEV802369,ADDR907911,ADDR907911,2024-01-20,2024-01-26,1,0,0,2800.05,0.0,0.0,0.0,2800.05,0.0,1,1,0,0,2,1,1,1,0,0,0,0,0,2231.86,1,Sports,Credit Card,Mobile App,Wrong product,Mass Market,817,6,5,1,0,none
ORD506549,CUST502252,TXN506549,DEV801281,ADDR906937,ADDR906937,2024-11-22,2024-11-27,5,0,0,8391.45,0.0,0.0,0.0,1678.29,0.0,0,1,0,0,26,1,1,1,0,0,0,0,0,1355.84,2,Fashion,Credit Card,Marketplace,Quality issue,Budget,446,5,4,1,0,none
ORD506556,CUST502254,TXN506556,DEV803283,ADDR905828,ADDR905828,2024-08-05,2024-08-13,2,0,0,3380.09,0.0,0.0,0.0,1690.04,0.0,0,0,0,0,176,1,1,1,0,0,0,0,0,476.25,1,Accessories,Debit Card,Mobile App,Size issue,Budget,1624,8,7,1,0,none
ORD506567,CUST502257,TXN506567,DEV809004,ADDR909004,ADDR909004,2024-06-27,2024-07-11,1,0,0,6226.93,0.0,0.0,0.0,6226.93,0.0,1,1,0,0,3,3,4,4,2,2,1,1,0,435.03,2,Fashion,EMI,Website,Quality issue,Premium,323,14,10,4,1,account_multiplication
ORD506569,CUST502257,TXN506569,DEV809004,ADDR909004,ADDR909004,2024-10-24,2024-11-04,3,1,1,12971.6,388.15,0.25,0.25,4323.87,388.15,0,0,0,0,37,3,5,5,3,3,2,2,0,675.1,1,Grocery,UPI,Mobile App,Size issue,Premium,323,11,7,4,1,account_multiplication
ORD506579,CUST502261,TXN506579,DEV807823,ADDR903452,ADDR904776,2024-09-07,2024-09-22,2,0,0,3916.06,0.0,0.0,0.0,1958.03,0.0,0,0,0,0,117,1,1,1,0,0,0,0,1,733.9,3,Grocery,Debit Card,Social Commerce,Size issue,Budget,1696,15,12,3,0,none
ORD506580,CUST502262,TXN506580,DEV803295,ADDR909641,ADDR909641,2024-02-18,2024-02-28,0,0,0,0.0,0.0,0.0,0.0,0.0,0.0,0,0,0,0,999,1,1,1,0,0,0,0,0,1090.52,1,Accessories,Credit Card,Website,Size issue,High Value,1552,10,7,3,0,none
ORD506595,CUST502266,TXN506595,DEV807940,ADDR908443,ADDR908443,2024-08-21,2024-08-30,3,0,0,8575.78,0.0,0.0,0.0,2858.59,0.0,0,0,0,0,41,1,2,2,0,0,0,0,0,1284.53,1,Accessories,Credit Card,Social Commerce,Changed mind,Mass Market,841,9,5,4,0,none
ORD506597,CUST502267,TXN506597,DEV809222,ADDR908005,ADDR908005,2024-02-28,2024-03-09,0,0,0,0.0,0.0,0.0,0.0,0.0,0.0,0,0,0,0,999,2,1,1,1,0,1,0,0,351.26,1,Fashion,UPI,Website,Changed mind,Mass Market,558,10,6,4,1,coordinated_address_abuse
ORD506600,CUST502267,TXN506600,DEV809222,ADDR908005,ADDR908005,2024-09-26,2024-10-07,4,1,1,3373.21,344.33,0.2,0.2,843.3,344.33,0,1,0,0,20,2,3,3,2,3,2,3,0,795.27,1,Beauty,Net Banking,Mobile App,Late delivery,Mass Market,558,11,9,2,1,coordinated_address_abuse
ORD506602,CUST502267,TXN506602,DEV809222,ADDR908005,ADDR908005,2024-10-23,2024-11-05,6,3,2,5610.15,1100.18,0.4286,0.2857,935.02,550.09,0,1,2,1,23,2,3,3,4,6,3,4,0,446.27,1,Accessories,Wallet,Marketplace,Size issue,Mass Market,558,13,11,2,1,coordinated_address_abuse
ORD506621,CUST502274,TXN506621,DEV801459,ADDR904924,ADDR904924,2024-07-13,2024-07-21,1,0,0,1896.88,0.0,0.0,0.0,1896.88,0.0,0,0,0,0,194,1,1,1,0,0,0,0,0,886.01,2,Sports,UPI,Mobile App,Product not as described,Mass Market,717,8,7,1,0,none
ORD506622,CUST502274,TXN506622,DEV801459,ADDR904924,ADDR904924,2024-11-21,2024-11-24,2,1,1,2782.89,724.83,0.3333,0.3333,1391.45,724.83,0,0,0,0,134,1,1,1,1,1,1,1,0,1423.05,1,Electronics,UPI,Marketplace,Damaged product,Mass Market,717,3,2,1,0,none
ORD506639,CUST502280,TXN506639,DEV804192,ADDR906152,ADDR906152,2024-04-28,2024-05-07,1,0,0,1313.71,0.0,0.0,0.0,1313.71,0.0,0,0,0,0,80,1,2,2,0,2,0,1,0,966.94,1,Grocery,Credit Card,Website,Quality issue,High Value,1054,9,6,3,0,none
ORD506652,CUST502282,TXN506652,DEV809250,ADDR902654,ADDR902654,2024-12-04,2024-12-19,4,0,0,5551.5,0.0,0.0,0.0,1387.88,0.0,0,0,0,0,35,2,2,2,0,1,0,1,0,3920.88,1,Sports,Net Banking,Marketplace,Wrong product,Budget,1548,15,12,3,0,none
ORD506664,CUST502287,TXN506664,DEV809573,ADDR906593,ADDR906593,2024-10-01,2024-10-10,2,0,0,4919.06,0.0,0.0,0.0,2459.53,0.0,0,1,0,0,23,1,1,1,0,0,0,0,0,886.2,2,Fashion,Wallet,Website,Quality issue,Premium,1087,9,6,3,0,none
ORD506670,CUST502289,TXN506670,DEV807350,ADDR904917,ADDR904917,2024-03-17,2024-03-30,1,0,0,1448.25,0.0,0.0,0.0,1448.25,0.0,0,1,0,0,21,1,1,1,0,0,0,0,0,2923.56,1,Sports,UPI,Marketplace,Size issue,Mass Market,111,13,10,3,0,none
ORD506673,CUST502290,TXN506673,DEV802228,ADDR903496,ADDR903496,2024-03-19,2024-03-27,0,0,0,0.0,0.0,0.0,0.0,0.0,0.0,0,0,0,0,999,2,3,3,0,0,0,0,0,3585.01,2,Sports,Net Banking,Mobile App,Product not as described,Budget,1272,8,6,2,0,none
ORD506674,CUST502291,TXN506674,DEV801244,ADDR903336,ADDR905763,2024-01-27,2024-02-01,0,0,0,0.0,0.0,0.0,0.0,0.0,0.0,0,0,0,0,999,1,1,1,0,0,0,0,1,2252.31,1,Footwear,UPI,Website,Changed mind,Mass Market,229,5,2,3,0,none
ORD506676,CUST502292,TXN506676,DEV802428,ADDR909174,ADDR909174,2024-09-11,2024-09-16,0,0,0,0.0,0.0,0.0,0.0,0.0,0.0,0,0,0,0,999,1,1,1,0,0,0,0,0,1431.27,1,Footwear,Net Banking,Website,Size issue,High Value,1150,5,1,4,0,none
ORD506679,CUST502293,TXN506679,DEV805843,ADDR903645,ADDR909528,2024-03-15,2024-03-21,0,0,0,0.0,0.0,0.0,0.0,0.0,0.0,0,0,0,0,999,2,1,1,0,0,0,0,1,2902.55,1,Footwear,Credit Card,Marketplace,Changed mind,Budget,377,6,5,1,0,none
ORD506691,CUST502298,TXN506691,DEV803113,ADDR908222,ADDR908222,2024-04-03,2024-04-15,0,0,0,0.0,0.0,0.0,0.0,0.0,0.0,0,0,0,0,999,1,1,1,0,0,0,0,0,377.09,1,Grocery,EMI,Mobile App,Wrong product,High Value,867,12,8,4,0,none
ORD506697,CUST502300,TXN506697,DEV808374,ADDR905306,ADDR905306,2024-05-11,2024-05-14,1,0,0,5669.3,0.0,0.0,0.0,5669.3,0.0,0,1,0,0,21,1,1,1,0,0,0,0,0,355.84,1,Sports,Credit Card,Marketplace,Size issue,Budget,1066,3,2,1,0,none
ORD506701,CUST502301,TXN506701,DEV801934,ADDR905011,ADDR905011,2024-10-20,2024-10-24,2,0,0,1812.88,0.0,0.0,0.0,906.44,0.0,0,0,0,0,116,1,3,3,0,0,0,0,0,1155.81,1,Beauty,UPI,Mobile App,Quality issue,High Value,117,4,3,1,0,none
ORD506709,CUST502303,TXN506709,DEV807541,ADDR902195,ADDR902195,2024-12-14,2024-12-23,6,0,0,8736.21,0.0,0.0,0.0,1456.04,0.0,0,1,0,0,8,2,2,2,0,1,0,1,0,926.22,1,Grocery,Credit Card,Mobile App,Damaged product,Budget,1197,9,5,4,0,none
ORD506718,CUST502306,TXN506718,DEV807503,ADDR908096,ADDR908096,2024-01-10,2024-01-23,0,0,0,0.0,0.0,0.0,0.0,0.0,0.0,0,0,0,0,999,1,1,1,0,0,0,0,0,1785.75,1,Fashion,UPI,Mobile App,Wrong product,Budget,251,13,12,1,1,serial_return_abuse
ORD506720,CUST502306,TXN506720,DEV807503,ADDR908096,ADDR908096,2024-09-16,2024-09-24,2,1,1,4596.64,1766.2,0.3333,0.3333,2298.32,1766.2,0,1,0,0,10,2,2,2,1,2,1,2,0,2183.63,3,Sports,Debit Card,Website,Size issue,Budget,251,8,7,1,1,serial_return_abuse
ORD506721,CUST502306,TXN506721,DEV807503,ADDR908096,ADDR908096,2024-10-31,2024-11-05,4,2,2,10800.31,3726.74,0.4,0.4,2700.08,1863.37,1,1,0,0,2,2,2,2,2,3,2,3,0,1148.47,2,Accessories,UPI,Website,Changed mind,Budget,251,5,3,2,1,serial_return_abuse
ORD506722,CUST502306,TXN506722,DEV807503,ADDR908096,ADDR908096,2024-11-03,2024-11-11,4,3,2,7928.74,3726.74,0.6,0.4,1982.18,1863.37,0,1,1,0,11,2,2,2,3,4,2,3,0,4020.04,1,Sports,UPI,Marketplace,Size issue,Budget,251,8,6,2,1,serial_return_abuse
ORD506724,CUST502307,TXN506724,DEV806198,ADDR906610,ADDR906610,2024-02-27,2024-03-02,1,0,0,1162.39,0.0,0.0,0.0,1162.39,0.0,0,0,0,0,48,1,1,1,0,0,0,0,0,2989.77,1,Sports,UPI,Website,Size issue,Budget,162,4,1,3,0,none
ORD506728,CUST502309,TXN506728,DEV803551,ADDR908699,ADDR908699,2024-01-12,2024-01-16,1,0,0,359.2,0.0,0.0,0.0,359.2,0.0,1,1,0,0,2,1,1,1,0,0,0,0,0,1930.07,1,Sports,Net Banking,Social Commerce,Changed mind,Budget,1146,4,1,3,0,none
ORD506733,CUST502311,TXN506733,DEV808046,ADDR908756,ADDR908756,2024-01-02,2024-01-13,0,0,0,0.0,0.0,0.0,0.0,0.0,0.0,0,0,0,0,999,1,1,1,0,0,0,0,0,2217.5,1,Fashion,UPI,Website,Wrong product,Budget,770,11,8,3,1,serial_return_abuse
ORD506736,CUST502311,TXN506736,DEV808046,ADDR908756,ADDR908756,2024-10-01,2024-10-11,4,3,1,5650.9,2071.65,0.6,0.2,1412.72,2071.65,0,0,0,0,115,2,1,1,3,3,1,1,0,1064.57,1,Beauty,UPI,Website,Late delivery,Budget,770,10,7,3,1,serial_return_abuse
ORD506737,CUST502311,TXN506737,DEV808046,ADDR908756,ADDR908756,2024-10-17,2024-10-27,5,4,2,6715.47,2901.56,0.6667,0.3333,1343.09,1450.78,0,1,1,1,26,2,1,1,4,4,2,2,0,1831.33,1,Home,UPI,Social Commerce,Size issue,Budget,770,10,6,4,1,serial_return_abuse
ORD506738,CUST502311,TXN506738,DEV808046,ADDR908756,ADDR908756,2024-10-31,2024-11-08,6,5,3,8546.8,4396.04,0.7143,0.4286,1424.47,1465.35,0,1,2,2,22,2,1,1,5,5,3,3,0,1254.09,2,Electronics,Debit Card,Mobile App,Size issue,Budget,770,8,7,1,1,serial_return_abuse
ORD506752,CUST502315,TXN506752,DEV804015,ADDR901880,ADDR901880,2024-04-16,2024-05-02,0,0,0,0.0,0.0,0.0,0.0,0.0,0.0,0,0,0,0,999,1,1,1,0,0,0,0,0,1451.2,1,Home,UPI,Mobile App,Product not as described,Mass Market,561,16,12,4,0,none
ORD506755,CUST502316,TXN506755,DEV806603,ADDR905864,ADDR905864,2024-10-31,2024-11-13,1,0,0,2112.49,0.0,0.0,0.0,2112.49,0.0,0,0,0,0,234,2,1,1,1,0,1,0,0,900.19,1,Home,UPI,Marketplace,Quality issue,Budget,907,13,12,1,0,none
ORD506756,CUST502316,TXN506756,DEV806603,ADDR905864,ADDR905864,2024-12-20,2024-12-22,2,1,1,3012.68,736.55,0.3333,0.3333,1506.34,736.55,0,0,0,0,52,2,1,1,2,1,2,1,0,1460.53,1,Electronics,UPI,Marketplace,Quality issue,Budget,907,2,1,1,0,none
ORD506758,CUST502317,TXN506758,DEV808890,ADDR908790,ADDR908790,2024-05-10,2024-05-14,1,0,0,1103.27,0.0,0.0,0.0,1103.27,0.0,0,0,0,0,52,1,1,1,0,0,0,0,0,3515.6,2,Electronics,UPI,Website,Product not as described,Budget,888,4,1,3,0,none
ORD506786,CUST502325,TXN506786,DEV801597,ADDR904581,ADDR904581,2024-03-26,2024-04-03,1,0,0,845.04,0.0,0.0,0.0,845.04,0.0,0,0,0,0,87,1,1,1,0,0,0,0,0,1397.91,2,Footwear,Debit Card,Marketplace,Damaged product,Mass Market,229,8,4,4,0,none
ORD506790,CUST502326,TXN506790,DEV809003,ADDR909003,ADDR909003,2024-07-24,2024-07-29,4,0,0,3681.21,0.0,0.0,0.0,920.3,0.0,0,0,0,0,105,3,3,3,2,2,2,2,0,1030.39,1,Sports,UPI,Mobile App,Size issue,Mass Market,890,5,2,3,1,account_multiplication
ORD506797,CUST502330,TXN506797,DEV807783,ADDR907723,ADDR907723,2024-01-17,2024-01-23,0,0,0,0.0,0.0,0.0,0.0,0.0,0.0,0,0,0,0,999,1,1,1,0,0,0,0,0,91.95,1,Grocery,Credit Card,Mobile App,Damaged product,Mass Market,963,6,5,1,0,none
ORD506804,CUST502332,TXN506804,DEV803880,ADDR908517,ADDR908517,2024-11-19,2024-12-02,1,0,0,2578.65,0.0,0.0,0.0,2578.65,0.0,0,0,0,0,186,1,1,1,0,0,0,0,0,897.72,1,Grocery,Wallet,Mobile App,Size issue,Premium,262,13,10,3,0,none
ORD506808,CUST502333,TXN506808,DEV803664,ADDR909892,ADDR909892,2024-10-23,2024-11-06,6,1,0,9028.63,0.0,0.1429,0.0,1504.77,0.0,0,1,0,0,8,1,1,1,1,1,0,0,0,876.94,1,Grocery,Credit Card,Mobile App,Quality issue,Mass Market,1162,14,12,2,0,none
ORD506813,CUST502335,TXN506813,DEV802625,ADDR902435,ADDR902435,2024-01-19,2024-01-22,0,0,0,0.0,0.0,0.0,0.0,0.0,0.0,0,0,0,0,999,1,1,1,0,0,0,0,0,2129.85,1,Sports,Credit Card,Website,Changed mind,Mass Market,1785,3,1,2,0,none
ORD506827,CUST502339,TXN506827,DEV808448,ADDR907243,ADDR907243,2024-04-29,2024-05-12,4,0,0,7810.58,0.0,0.0,0.0,1952.64,0.0,0,0,0,0,34,1,1,1,0,0,0,0,0,3120.17,1,Electronics,UPI,Mobile App,Size issue,High Value,486,13,12,1,0,none
ORD506832,CUST502341,TXN506832,DEV807765,ADDR907484,ADDR907484,2024-01-26,2024-02-08,0,0,0,0.0,0.0,0.0,0.0,0.0,0.0,0,0,0,0,999,1,1,1,0,0,0,0,0,511.74,1,Fashion,UPI,Mobile App,Product not as described,Premium,980,13,10,3,0,none
ORD506838,CUST502343,TXN506838,DEV805333,ADDR906036,ADDR906036,2024-08-03,2024-08-11,0,0,0,0.0,0.0,0.0,0.0,0.0,0.0,0,0,0,0,999,1,2,2,0,1,0,0,0,3581.28,1,Electronics,UPI,Website,Size issue,Budget,1378,8,7,1,0,none
ORD506841,CUST502344,TXN506841,DEV804957,ADDR901068,ADDR901068,2024-07-31,2024-08-11,0,0,0,0.0,0.0,0.0,0.0,0.0,0.0,0,0,0,0,999,1,2,2,0,1,0,0,0,643.6,1,Grocery,UPI,Mobile App,Late delivery,High Value,879,11,8,3,0,none
ORD506855,CUST502348,TXN506855,DEV801845,ADDR908030,ADDR908030,2024-12-29,2025-01-10,5,0,0,6965.76,0.0,0.0,0.0,1393.15,0.0,0,0,0,0,226,1,1,1,0,0,0,0,0,596.8,1,Beauty,UPI,Mobile App,Damaged product,Budget,835,12,10,2,0,none
ORD506858,CUST502349,TXN506858,DEV803846,ADDR907604,ADDR907604,2024-11-13,2024-11-18,3,0,0,7312.08,0.0,0.0,0.0,2437.36,0.0,0,0,0,0,35,1,1,1,0,0,0,0,0,1155.45,1,Fashion,Net Banking,Social Commerce,Wrong product,Budget,829,5,3,2,0,none
ORD506863,CUST502351,TXN506863,DEV809261,ADDR902939,ADDR908888,2024-05-28,2024-06-13,2,0,0,1906.98,0.0,0.0,0.0,953.49,0.0,1,1,0,0,2,4,1,2,0,0,0,0,1,3938.2,1,Electronics,UPI,Mobile App,Size issue,Budget,288,16,12,4,0,none
ORD506879,CUST502358,TXN506879,DEV807194,ADDR905267,ADDR902982,2024-10-27,2024-10-31,1,0,0,1071.66,0.0,0.0,0.0,1071.66,0.0,0,0,0,0,267,1,2,1,0,1,0,0,1,773.49,1,Grocery,Credit Card,Mobile App,Product not as described,Mass Market,1517,4,2,2,0,none
ORD506882,CUST502359,TXN506882,DEV803355,ADDR901379,ADDR901379,2024-01-30,2024-02-12,1,1,0,967.14,0.0,0.5,0.0,967.14,0.0,0,1,1,0,21,1,1,1,1,1,0,0,0,1389.22,1,Footwear,Debit Card,Mobile App,Wrong product,Mass Market,199,13,12,1,1,serial_return_abuse
ORD506885,CUST502359,TXN506885,DEV803355,ADDR901379,ADDR901379,2024-07-16,2024-07-19,4,2,0,3961.35,0.0,0.4,0.0,990.34,0.0,0,0,0,0,44,1,1,1,2,2,0,0,0,977.9,2,Beauty,EMI,Mobile App,Changed mind,Mass Market,199,3,2,1,1,serial_return_abuse
ORD506887,CUST502360,TXN506887,DEV802817,ADDR908522,ADDR908522,2024-09-14,2024-09-19,1,0,0,2000.26,0.0,0.0,0.0,2000.26,0.0,0,0,0,0,259,1,1,1,0,0,0,0,0,1644.97,1,Fashion,Credit Card,Marketplace,Changed mind,Mass Market,241,5,2,3,0,none
ORD506888,CUST502360,TXN506888,DEV802817,ADDR908522,ADDR908522,2024-10-20,2024-11-03,3,1,1,4330.77,1284.13,0.25,0.25,1443.59,1284.13,1,1,0,0,3,1,1,1,1,1,1,1,0,285.7,2,Grocery,UPI,Mobile App,Quality issue,Mass Market,241,14,10,4,0,none
ORD506894,CUST502361,TXN506894,DEV803323,ADDR905627,ADDR905627,2024-08-26,2024-09-10,3,1,0,3279.25,0.0,0.25,0.0,1093.08,0.0,0,0,0,0,116,1,1,1,1,1,0,0,0,811.0,1,Grocery,Debit Card,Marketplace,Size issue,Premium,249,15,11,4,0,none
ORD506899,CUST502363,TXN506899,DEV804407,ADDR907402,ADDR907402,2024-01-10,2024-01-15,1,0,0,358.93,0.0,0.0,0.0,358.93,0.0,0,1,0,0,11,1,1,1,0,0,0,0,0,3213.74,3,Sports,UPI,Mobile App,Product not as described,High Value,1746,5,2,3,0,none
ORD506919,CUST502369,TXN506919,DEV802992,ADDR904159,ADDR904159,2024-03-11,2024-03-16,0,0,0,0.0,0.0,0.0,0.0,0.0,0.0,0,0,0,0,999,1,1,1,0,0,0,0,0,1764.15,1,Sports,EMI,Website,Product not as described,Budget,551,5,3,2,0,none
ORD506928,CUST502372,TXN506928,DEV802367,ADDR903073,ADDR903073,2024-08-10,2024-08-19,0,0,0,0.0,0.0,0.0,0.0,0.0,0.0,0,0,0,0,999,1,2,2,0,0,0,0,0,1090.92,1,Sports,Debit Card,Mobile App,Quality issue,Budget,480,9,6,3,0,none
ORD506940,CUST502377,TXN506940,DEV806105,ADDR903714,ADDR903714,2024-03-27,2024-04-09,1,0,0,690.51,0.0,0.0,0.0,690.51,0.0,0,0,0,0,88,1,1,1,0,0,0,0,0,471.02,1,Beauty,Debit Card,Marketplace,Changed mind,Budget,1599,13,11,2,1,serial_return_abuse
ORD506941,CUST502377,TXN506941,DEV806105,ADDR903714,ADDR903714,2024-04-24,2024-05-02,2,1,1,1161.53,389.0,0.3333,0.3333,580.76,389.0,0,0,1,1,36,1,1,1,1,1,1,1,0,3416.44,1,Sports,Credit Card,Mobile App,Changed mind,Budget,1599,8,5,3,1,serial_return_abuse
ORD506943,CUST502377,TXN506943,DEV806105,ADDR903714,ADDR903714,2024-08-04,2024-08-10,6,2,2,9117.08,3740.38,0.2857,0.2857,1519.51,1870.19,0,0,0,0,49,1,1,1,2,2,2,2,0,1355.9,1,Footwear,UPI,Website,Size issue,Budget,1599,6,3,3,1,serial_return_abuse
ORD506944,CUST502377,TXN506944,DEV806105,ADDR903714,ADDR903714,2024-09-19,2024-10-03,7,3,3,10472.98,4911.51,0.375,0.375,1496.14,1637.17,0,0,0,0,60,1,1,1,3,3,3,3,0,1238.85,1,Accessories,Credit Card,Website,Late delivery,Budget,1599,14,10,4,1,serial_return_abuse
ORD506945,CUST502378,TXN506945,DEV808101,ADDR908309,ADDR908309,2024-02-22,2024-02-24,0,0,0,0.0,0.0,0.0,0.0,0.0,0.0,0,0,0,0,999,1,1,1,0,0,0,0,0,931.85,1,Accessories,UPI,Mobile App,Wrong product,High Value,1029,2,1,1,1,serial_return_abuse
ORD506946,CUST502378,TXN506946,DEV808101,ADDR908309,ADDR908309,2024-06-19,2024-06-26,1,1,1,931.85,820.12,0.5,0.5,931.85,820.12,0,0,0,0,125,1,1,1,1,1,1,1,0,867.08,1,Footwear,Net Banking,Marketplace,Size issue,High Value,1029,7,3,4,1,serial_return_abuse
ORD506947,CUST502378,TXN506947,DEV808101,ADDR908309,ADDR908309,2024-11-26,2024-12-09,7,2,2,12683.15,1481.5,0.25,0.25,1811.88,740.75,2,2,0,0,1,1,1,1,2,2,2,2,0,4042.12,2,Sports,UPI,Social Commerce,Quality issue,High Value,1029,13,10,3,1,serial_return_abuse
ORD506948,CUST502378,TXN506948,DEV808101,ADDR908309,ADDR908309,2024-12-07,2024-12-16,7,4,3,14668.14,4811.9,0.5,0.375,2095.45,1603.97,0,2,2,1,8,1,1,1,4,4,3,3,0,2057.13,1,Fashion,UPI,Website,Size issue,High Value,1029,9,6,3,1,serial_return_abuse
ORD506949,CUST502378,TXN506949,DEV808101,ADDR908309,ADDR908309,2024-12-08,2024-12-12,7,3,2,15963.59,1481.5,0.375,0.25,2280.51,740.75,1,2,1,0,5,1,1,1,3,3,2,2,0,761.68,1,Footwear,Net Banking,Mobile App,Changed mind,High Value,1029,4,3,1,1,serial_return_abuse
ORD506952,CUST502379,TXN506952,DEV806222,ADDR902762,ADDR902762,2024-12-01,2024-12-17,2,0,0,5336.74,0.0,0.0,0.0,2668.37,0.0,0,0,0,0,131,1,1,2,0,0,0,0,0,2174.59,1,Electronics,Net Banking,Marketplace,Wrong product,Mass Market,586,16,12,4,0,none
ORD506953,CUST502380,TXN506953,DEV806782,ADDR907126,ADDR907126,2024-07-22,2024-08-02,1,0,0,3744.22,0.0,0.0,0.0,3744.22,0.0,0,0,0,0,158,1,2,2,0,2,0,0,0,2391.12,1,Footwear,Debit Card,Website,Damaged product,Mass Market,439,11,7,4,0,none
ORD506954,CUST502381,TXN506954,DEV808363,ADDR903740,ADDR903740,2024-01-11,2024-01-25,0,0,0,0.0,0.0,0.0,0.0,0.0,0.0,0,0,0,0,999,1,1,1,0,0,0,0,0,1620.83,1,Fashion,Wallet,Mobile App,Other,High Value,161,14,11,3,0,none
ORD506955,CUST502382,TXN506955,DEV807714,ADDR905808,ADDR905808,2024-01-02,2024-01-07,0,0,0,0.0,0.0,0.0,0.0,0.0,0.0,0,0,0,0,999,1,1,1,0,0,0,0,0,1549.18,1,Fashion,UPI,Mobile App,Wrong product,High Value,548,5,4,1,0,none
ORD506957,CUST502382,TXN506957,DEV807714,ADDR905808,ADDR905808,2024-10-24,2024-11-09,2,1,1,7151.16,1195.67,0.3333,0.3333,3575.58,1195.67,0,0,0,0,300,1,1,1,1,1,1,1,0,234.38,2,Accessories,Debit Card,Website,Size issue,High Value,548,16,12,4,0,none
ORD506964,CUST502384,TXN506964,DEV806286,ADDR908035,ADDR908035,2024-10-13,2024-10-18,5,1,0,9334.69,0.0,0.1667,0.0,1866.94,0.0,1,2,0,0,4,2,1,1,1,1,0,0,0,1902.5,2,Sports,Debit Card,Website,Size issue,Budget,398,5,3,2,0,none
ORD506972,CUST502387,TXN506972,DEV806388,ADDR904502,ADDR904502,2024-01-14,2024-01-27,0,0,0,0.0,0.0,0.0,0.0,0.0,0.0,0,0,0,0,999,1,1,1,0,0,0,0,0,2011.75,1,Sports,Net Banking,Marketplace,Quality issue,Budget,52,13,10,3,0,none
ORD506979,CUST502389,TXN506979,DEV809006,ADDR909006,ADDR909006,2024-02-06,2024-02-20,0,0,0,0.0,0.0,0.0,0.0,0.0,0.0,0,0,0,0,999,1,2,2,0,0,0,0,0,995.21,1,Beauty,Wallet,Mobile App,Damaged product,Budget,464,14,12,2,1,account_multiplication
ORD506984,CUST502391,TXN506984,DEV806244,ADDR904246,ADDR904246,2024-05-23,2024-05-31,0,0,0,0.0,0.0,0.0,0.0,0.0,0.0,0,0,0,0,999,1,1,1,0,0,0,0,0,5375.47,1,Electronics,UPI,Mobile App,Product not as described,Mass Market,680,8,6,2,0,none
ORD506997,CUST502396,TXN506997,DEV801606,ADDR909740,ADDR909740,2024-10-19,2024-11-01,5,0,0,4343.84,0.0,0.0,0.0,868.77,0.0,0,0,0,0,32,1,1,1,0,0,0,0,0,2661.28,2,Fashion,EMI,Website,Changed mind,Budget,854,13,9,4,0,none
ORD507002,CUST502398,TXN507002,DEV807800,ADDR905931,ADDR905931,2024-02-19,2024-03-01,0,0,0,0.0,0.0,0.0,0.0,0.0,0.0,0,0,0,0,999,1,1,1,0,0,0,0,0,1934.56,1,Home,UPI,Marketplace,Size issue,Mass Market,1673,11,9,2,0,none
ORD507009,CUST502400,TXN507009,DEV801771,ADDR907444,ADDR907444,2024-05-30,2024-06-11,2,0,0,2067.16,0.0,0.0,0.0,1033.58,0.0,0,0,0,0,95,1,1,1,0,0,0,0,0,3789.15,1,Footwear,UPI,Mobile App,Size issue,Mass Market,1041,12,11,1,0,none
ORD507011,CUST502400,TXN507011,DEV801771,ADDR907444,ADDR907444,2024-08-08,2024-08-13,4,1,1,5945.83,3767.82,0.2,0.2,1486.46,3767.82,1,1,0,0,6,1,1,1,1,1,1,1,0,1392.11,1,Fashion,UPI,Mobile App,Quality issue,Mass Market,1041,5,4,1,0,none
ORD507017,CUST502402,TXN507017,DEV804670,ADDR901783,ADDR901783,2024-07-14,2024-07-26,2,0,0,1193.33,0.0,0.0,0.0,596.66,0.0,0,0,0,0,48,1,1,1,0,0,0,0,0,518.49,1,Home,Credit Card,Website,Changed mind,Premium,89,12,11,1,0,none
ORD507021,CUST502403,TXN507021,DEV806289,ADDR908138,ADDR908138,2024-12-24,2025-01-06,2,0,0,4528.17,0.0,0.0,0.0,2264.08,0.0,0,0,0,0,86,1,1,1,0,0,0,0,0,4781.44,2,Electronics,Debit Card,Mobile App,Size issue,High Value,245,13,12,1,0,none
ORD507024,CUST502405,TXN507024,DEV801860,ADDR905254,ADDR905254,2024-01-16,2024-01-28,0,0,0,0.0,0.0,0.0,0.0,0.0,0.0,0,0,0,0,999,1,1,1,0,0,0,0,0,1065.27,1,Sports,UPI,Social Commerce,Changed mind,Premium,1439,12,11,1,0,none
ORD507028,CUST502405,TXN507028,DEV801860,ADDR905254,ADDR905254,2024-10-16,2024-11-01,4,1,1,9207.13,881.54,0.2,0.2,2301.78,881.54,0,0,0,0,70,1,1,1,1,1,1,1,0,1784.91,1,Footwear,UPI,Mobile App,Size issue,Premium,1439,16,12,4,0,none
ORD507030,CUST502407,TXN507030,DEV808000,ADDR905422,ADDR905422,2024-04-16,2024-04-20,0,0,0,0.0,0.0,0.0,0.0,0.0,0.0,0,0,0,0,999,3,1,1,1,0,0,0,0,494.06,2,Fashion,UPI,Mobile App,Quality issue,Budget,1438,4,3,1,1,coordinated_device_abuse
ORD507038,CUST502410,TXN507038,DEV804940,ADDR908830,ADDR908830,2024-08-16,2024-08-30,1,0,0,946.99,0.0,0.0,0.0,946.99,0.0,0,0,0,0,171,1,1,1,0,0,0,0,0,682.37,2,Grocery,Credit Card,Marketplace,Size issue,Mass Market,1110,14,10,4,0,none
ORD507039,CUST502411,TXN507039,DEV808908,ADDR904700,ADDR904700,2024-03-14,2024-03-25,0,0,0,0.0,0.0,0.0,0.0,0.0,0.0,0,0,0,0,999,1,3,3,0,0,0,0,0,3235.91,1,Sports,UPI,Mobile App,Changed mind,Mass Market,689,11,8,3,1,serial_return_abuse
ORD507040,CUST502411,TXN507040,DEV808908,ADDR904700,ADDR904700,2024-04-12,2024-04-17,1,1,1,3235.91,3188.61,0.5,0.5,3235.91,3188.61,0,0,1,1,34,1,3,3,1,1,1,1,0,1142.72,2,Home,EMI,Website,Product not as described,Mass Market,689,5,2,3,1,serial_return_abuse
ORD507041,CUST502411,TXN507041,DEV808908,ADDR904700,ADDR904700,2024-05-09,2024-05-16,2,2,2,4378.63,4162.61,0.6667,0.6667,2189.32,2081.31,0,0,1,1,34,1,3,3,2,3,2,3,0,5071.29,2,Electronics,Net Banking,Mobile App,Changed mind,Mass Market,689,7,6,1,1,serial_return_abuse
ORD507045,CUST502411,TXN507045,DEV808908,ADDR904700,ADDR904700,2024-10-11,2024-10-27,6,3,3,13528.07,8195.62,0.4286,0.4286,2254.68,2731.87,0,1,0,0,19,1,3,3,3,5,3,4,0,2521.57,1,Fashion,UPI,Mobile App,Damaged product,Mass Market,689,16,12,4,1,serial_return_abuse
ORD507051,CUST502413,TXN507051,DEV804373,ADDR902278,ADDR904783,2024-02-07,2024-02-14,0,0,0,0.0,0.0,0.0,0.0,0.0,0.0,0,0,0,0,999,1,1,1,0,0,0,0,1,1079.73,1,Fashion,UPI,Mobile App,Size issue,Mass Market,526,7,6,1,0,none
ORD507056,CUST502416,TXN507056,DEV809644,ADDR909420,ADDR909420,2024-05-20,2024-06-01,0,0,0,0.0,0.0,0.0,0.0,0.0,0.0,0,0,0,0,999,1,1,1,0,0,0,0,0,555.88,3,Grocery,Wallet,Marketplace,Size issue,Mass Market,457,12,9,3,0,none
ORD507062,CUST502418,TXN507062,DEV804584,ADDR906957,ADDR906957,2024-11-07,2024-11-12,5,1,0,6574.53,0.0,0.1667,0.0,1314.91,0.0,0,0,0,0,93,1,1,1,1,1,0,0,0,110.42,1,Grocery,UPI,Mobile App,Size issue,High Value,296,5,2,3,0,none
ORD507064,CUST502420,TXN507064,DEV805552,ADDR907931,ADDR907931,2024-06-12,2024-06-25,1,0,0,6331.62,0.0,0.0,0.0,6331.62,0.0,0,1,0,0,22,1,2,2,0,0,0,0,0,1782.57,1,Footwear,UPI,Website,Quality issue,High Value,170,13,10,3,0,none
ORD507077,CUST502425,TXN507077,DEV806806,ADDR908069,ADDR908069,2024-03-27,2024-04-02,0,0,0,0.0,0.0,0.0,0.0,0.0,0.0,0,0,0,0,999,1,2,2,0,1,0,0,0,713.91,1,Accessories,Wallet,Social Commerce,Quality issue,Budget,202,6,5,1,0,none
ORD507078,CUST502426,TXN507078,DEV808059,ADDR909321,ADDR909089,2024-03-25,2024-04-01,0,0,0,0.0,0.0,0.0,0.0,0.0,0.0,0,0,0,0,999,1,1,1,0,0,0,0,1,1471.13,1,Beauty,Credit Card,Website,Wrong product,Budget,1058,7,3,4,0,none
ORD507080,CUST502426,TXN507080,DEV808059,ADDR909321,ADDR909321,2024-07-23,2024-07-26,2,1,1,1589.09,1197.03,0.3333,0.3333,794.54,1197.03,0,0,0,0,72,1,1,1,1,1,1,1,0,1131.93,2,Beauty,UPI,Website,Size issue,Budget,1058,3,1,2,0,none
ORD507083,CUST502427,TXN507083,DEV807058,ADDR902602,ADDR903450,2024-12-07,2024-12-20,2,0,0,934.84,0.0,0.0,0.0,467.42,0.0,0,0,0,0,59,1,1,2,0,0,0,0,1,813.23,1,Grocery,Credit Card,Mobile App,Changed mind,Budget,588,13,10,3,0,none
ORD507087,CUST502429,TXN507087,DEV805520,ADDR909676,ADDR909676,2024-01-27,2024-02-07,0,0,0,0.0,0.0,0.0,0.0,0.0,0.0,0,0,0,0,999,1,1,1,0,0,0,0,0,1155.73,3,Fashion,Credit Card,Mobile App,Changed mind,Budget,391,11,8,3,0,none
ORD507088,CUST502429,TXN507088,DEV805520,ADDR909676,ADDR909676,2024-03-04,2024-03-14,1,1,1,1155.73,1147.75,0.5,0.5,1155.73,1147.75,0,0,0,1,47,1,1,1,1,1,1,1,0,894.72,1,Accessories,UPI,Mobile App,Wrong product,Budget,391,10,6,4,0,none
ORD507091,CUST502429,TXN507091,DEV805520,ADDR909676,ADDR909676,2024-11-07,2024-11-20,4,2,2,4808.98,1909.76,0.4,0.4,1202.24,954.88,0,0,0,0,148,1,1,1,2,2,2,2,0,734.06,3,Fashion,Net Banking,Website,Changed mind,Budget,391,13,11,2,0,none
ORD507100,CUST502432,TXN507100,DEV804911,ADDR902078,ADDR902078,2024-04-08,2024-04-21,2,0,0,1324.85,0.0,0.0,0.0,662.42,0.0,0,0,0,0,36,1,1,1,0,0,0,0,0,591.17,1,Grocery,Debit Card,Mobile App,Quality issue,High Value,575,13,10,3,0,none
ORD507102,CUST502432,TXN507102,DEV804911,ADDR902078,ADDR902078,2024-10-10,2024-10-19,4,1,1,3841.19,480.27,0.2,0.2,960.3,480.27,0,0,0,0,40,1,1,1,1,1,1,1,0,1323.03,1,Accessories,Debit Card,Mobile App,Size issue,High Value,575,9,6,3,0,none
ORD507117,CUST502436,TXN507117,DEV801050,ADDR902544,ADDR902544,2024-12-16,2024-12-26,3,0,0,7762.38,0.0,0.0,0.0,2587.46,0.0,0,0,0,0,176,2,2,2,0,1,0,0,0,2991.73,1,Fashion,UPI,Mobile App,Wrong product,Mass Market,1532,10,7,3,0,none
ORD507119,CUST502437,TXN507119,DEV808811,ADDR906002,ADDR906002,2024-03-20,2024-03-31,1,0,0,1754.92,0.0,0.0,0.0,1754.92,0.0,0,0,0,0,87,1,1,1,0,0,0,0,0,618.69,1,Grocery,Debit Card,Marketplace,Product not as described,Budget,1464,11,10,1,0,none
ORD507120,CUST502437,TXN507120,DEV808811,ADDR906002,ADDR906002,2024-09-24,2024-09-26,6,1,1,12336.05,506.87,0.1429,0.1429,2056.01,506.87,0,2,0,0,8,2,1,1,2,1,2,1,0,1335.42,2,Accessories,Credit Card,Mobile App,Quality issue,Budget,1464,2,1,1,0,none
ORD507123,CUST502438,TXN507123,DEV803789,ADDR906162,ADDR906162,2024-05-25,2024-05-29,2,0,0,3406.25,0.0,0.0,0.0,1703.12,0.0,0,0,0,0,64,1,1,1,0,0,0,0,0,1291.16,1,Home,Credit Card,Mobile App,Changed mind,High Value,518,4,2,2,0,none
ORD507124,CUST502438,TXN507124,DEV803789,ADDR906162,ADDR906162,2024-07-24,2024-08-04,3,1,1,4697.41,1079.8,0.25,0.25,1565.8,1079.8,0,0,0,0,71,1,1,1,1,1,1,1,0,3431.88,2,Electronics,Debit Card,Mobile App,Late delivery,High Value,518,11,8,3,0,none
ORD507130,CUST502440,TXN507130,DEV808775,ADDR908011,ADDR908011,2024-03-08,2024-03-18,2,0,0,4175.62,0.0,0.0,0.0,2087.81,0.0,0,1,0,0,10,1,1,1,0,0,0,0,0,722.07,1,Fashion,UPI,Marketplace,Wrong product,Budget,1394,10,8,2,0,none
ORD507134,CUST502441,TXN507134,DEV802261,ADDR903797,ADDR901112,2024-03-21,2024-04-03,0,0,0,0.0,0.0,0.0,0.0,0.0,0.0,0,0,0,0,999,1,1,1,0,0,0,0,1,767.51,1,Grocery,Net Banking,Mobile App,Size issue,Budget,570,13,10,3,0,none
ORD507143,CUST502445,TXN507143,DEV803401,ADDR902538,ADDR902538,2024-01-02,2024-01-16,1,0,0,2707.01,0.0,0.0,0.0,2707.01,0.0,0,1,0,0,15,1,1,1,0,0,0,0,0,968.6,2,Footwear,UPI,Mobile App,Damaged product,Mass Market,1576,14,12,2,0,none
ORD507175,CUST502459,TXN507175,DEV806685,ADDR905725,ADDR905725,2024-05-06,2024-05-18,0,0,0,0.0,0.0,0.0,0.0,0.0,0.0,0,0,0,0,999,1,1,1,0,0,0,0,0,574.01,1,Accessories,Debit Card,Marketplace,Changed mind,High Value,1653,12,11,1,0,none
ORD507179,CUST502459,TXN507179,DEV806685,ADDR905725,ADDR905725,2024-12-16,2024-12-22,5,1,1,7197.17,455.65,0.1667,0.1667,1439.43,455.65,0,0,0,0,103,1,1,1,1,1,1,1,0,3814.2,1,Footwear,Debit Card,Mobile App,Changed mind,High Value,1653,6,3,3,0,none
ORD507182,CUST502461,TXN507182,DEV808002,ADDR905974,ADDR905974,2024-03-08,2024-03-19,1,0,0,685.84,0.0,0.0,0.0,685.84,0.0,0,0,0,0,50,2,1,1,0,0,0,0,0,333.28,2,Accessories,Credit Card,Website,Size issue,Mass Market,623,11,9,2,1,coordinated_device_abuse
ORD507183,CUST502461,TXN507183,DEV808002,ADDR905974,ADDR903057,2024-09-15,2024-09-22,3,1,1,2917.88,324.44,0.25,0.25,972.63,324.44,0,0,0,0,179,3,1,1,2,1,2,1,1,947.19,1,Sports,UPI,Mobile App,Size issue,Mass Market,623,7,5,2,1,coordinated_device_abuse
ORD507184,CUST502461,TXN507184,DEV808002,ADDR905974,ADDR909618,2024-10-05,2024-10-14,4,2,2,3865.07,1125.74,0.4,0.4,966.27,562.87,0,1,1,1,29,3,1,1,3,2,3,2,1,830.13,1,Accessories,UPI,Mobile App,Product not as described,Mass Market,623,9,8,1,1,coordinated_device_abuse
ORD507185,CUST502461,TXN507185,DEV808002,ADDR905974,ADDR905974,2024-12-19,2024-12-31,5,3,3,4695.2,1886.95,0.5,0.5,939.04,628.98,0,0,0,0,87,3,1,1,6,3,4,3,0,952.75,1,Accessories,UPI,Social Commerce,Size issue,Mass Market,623,12,8,4,1,coordinated_device_abuse
ORD507187,CUST502462,TXN507187,DEV805828,ADDR901255,ADDR901255,2024-05-30,2024-06-06,3,1,0,4269.45,0.0,0.25,0.0,1423.15,0.0,2,2,1,0,1,1,1,2,1,1,0,0,0,525.45,1,Beauty,UPI,Mobile App,Damaged product,Mass Market,1667,7,3,4,0,none
ORD507188,CUST502462,TXN507188,DEV805828,ADDR901255,ADDR901255,2024-05-30,2024-06-02,2,0,0,1076.52,0.0,0.0,0.0,538.26,0.0,1,1,0,0,3,1,1,2,0,0,0,0,0,249.54,2,Beauty,UPI,Mobile App,Quality issue,Mass Market,1667,3,2,1,0,none
ORD507199,CUST502465,TXN507199,DEV805641,ADDR909224,ADDR909224,2024-12-20,2024-12-31,4,0,0,7494.65,0.0,0.0,0.0,1873.66,0.0,0,0,0,0,212,2,2,3,1,0,1,0,0,1816.17,1,Fashion,Debit Card,Website,Changed mind,Budget,747,11,8,3,0,none
ORD507204,CUST502467,TXN507204,DEV804223,ADDR908078,ADDR908078,2024-06-11,2024-06-22,1,0,0,157.96,0.0,0.0,0.0,157.96,0.0,0,0,0,0,121,1,1,1,0,0,0,0,0,1045.34,2,Home,Debit Card,Social Commerce,Quality issue,Mass Market,1531,11,7,4,0,none
ORD507210,CUST502470,TXN507210,DEV805280,ADDR905948,ADDR905948,2024-05-16,2024-05-24,0,0,0,0.0,0.0,0.0,0.0,0.0,0.0,0,0,0,0,999,1,1,1,0,0,0,0,0,2393.21,1,Fashion,Wallet,Marketplace,Wrong product,Budget,230,8,7,1,0,none
ORD507220,CUST502474,TXN507220,DEV808555,ADDR909942,ADDR909942,2024-08-23,2024-09-03,0,0,0,0.0,0.0,0.0,0.0,0.0,0.0,0,0,0,0,999,1,1,1,0,0,0,0,0,787.29,1,Electronics,Debit Card,Website,Quality issue,Budget,1316,11,7,4,0,none
ORD507227,CUST502478,TXN507227,DEV808557,ADDR901453,ADDR901453,2024-04-11,2024-04-18,2,0,0,3532.64,0.0,0.0,0.0,1766.32,0.0,0,0,0,0,96,1,1,1,0,0,0,0,0,257.92,1,Grocery,UPI,Mobile App,Changed mind,Mass Market,870,7,4,3,0,none
ORD507229,CUST502478,TXN507229,DEV808557,ADDR901453,ADDR901453,2024-07-15,2024-07-26,4,1,1,5343.95,201.99,0.2,0.2,1335.99,201.99,0,0,0,0,57,1,1,1,1,1,1,1,0,586.5,1,Fashion,Credit Card,Mobile App,Quality issue,Mass Market,870,11,8,3,0,none
ORD507231,CUST502478,TXN507231,DEV808557,ADDR901453,ADDR901453,2024-09-08,2024-09-23,7,2,2,11264.12,782.32,0.25,0.25,1609.16,391.16,0,0,0,0,42,1,1,1,2,2,2,2,0,1542.64,1,Home,Credit Card,Marketplace,Wrong product,Mass Market,870,15,12,3,0,none
ORD507239,CUST502481,TXN507239,DEV805806,ADDR901877,ADDR901877,2024-04-21,2024-05-01,1,0,0,543.51,0.0,0.0,0.0,543.51,0.0,0,0,0,0,75,1,1,1,0,0,0,0,0,2486.71,1,Electronics,UPI,Mobile App,Quality issue,Budget,1142,10,6,4,1,serial_return_abuse
ORD507248,CUST502483,TXN507248,DEV808540,ADDR901890,ADDR901890,2024-10-13,2024-10-20,3,0,0,810.02,0.0,0.0,0.0,270.01,0.0,0,0,0,0,35,1,1,1,0,0,0,0,0,482.97,2,Accessories,UPI,Mobile App,Damaged product,Mass Market,1090,7,6,1,0,none
ORD507250,CUST502484,TXN507250,DEV802753,ADDR906463,ADDR906463,2024-02-09,2024-02-22,1,0,0,1288.54,0.0,0.0,0.0,1288.54,0.0,0,0,0,0,37,1,1,1,0,0,0,0,0,136.17,1,Grocery,Net Banking,Mobile App,Changed mind,Budget,1729,13,9,4,0,none
ORD507255,CUST502486,TXN507255,DEV809369,ADDR908000,ADDR908000,2024-02-23,2024-02-29,0,0,0,0.0,0.0,0.0,0.0,0.0,0.0,0,0,0,0,999,1,2,2,0,0,0,0,0,581.91,1,Grocery,UPI,Social Commerce,Quality issue,High Value,1546,6,2,4,1,coordinated_address_abuse
ORD507258,CUST502486,TXN507258,DEV809369,ADDR908000,ADDR908000,2024-10-28,2024-11-08,6,2,1,6260.84,450.18,0.2857,0.1429,1043.47,450.18,1,2,0,0,4,1,3,3,2,4,1,1,0,2686.88,1,Sports,Credit Card,Mobile App,Product not as described,High Value,1546,11,9,2,1,coordinated_address_abuse
ORD507270,CUST502490,TXN507270,DEV802983,ADDR909516,ADDR909516,2024-12-28,2025-01-08,1,0,0,166.6,0.0,0.0,0.0,166.6,0.0,0,0,0,0,332,1,1,1,0,0,0,0,0,1471.45,1,Footwear,UPI,Mobile App,Changed mind,Budget,343,11,9,2,0,none
ORD507273,CUST502491,TXN507273,DEV808761,ADDR901403,ADDR901403,2024-12-28,2025-01-03,3,0,0,11492.83,0.0,0.0,0.0,3830.94,0.0,0,0,0,0,69,1,1,1,0,0,0,0,0,439.49,1,Fashion,Debit Card,Mobile App,Wrong product,Budget,242,6,3,3,0,none
ORD507276,CUST502493,TXN507276,DEV804849,ADDR909957,ADDR902718,2024-06-15,2024-06-21,2,0,0,2707.23,0.0,0.0,0.0,1353.62,0.0,0,0,0,0,88,1,1,1,0,0,0,0,1,700.97,2,Accessories,Debit Card,Mobile App,Late delivery,Budget,406,6,5,1,0,none
ORD507279,CUST502493,TXN507279,DEV804849,ADDR909957,ADDR909957,2024-11-14,2024-11-20,5,1,1,4971.52,594.03,0.1667,0.1667,994.3,594.03,0,0,0,0,101,1,1,1,1,1,1,1,0,1777.2,1,Electronics,Debit Card,Marketplace,Wrong product,Budget,406,6,4,2,0,none
ORD507283,CUST502495,TXN507283,DEV804027,ADDR903321,ADDR903321,2024-03-19,2024-03-27,0,0,0,0.0,0.0,0.0,0.0,0.0,0.0,0,0,0,0,999,1,1,1,0,0,0,0,0,809.21,1,Beauty,UPI,Mobile App,Size issue,Mass Market,74,8,6,2,0,none
ORD507293,CUST502498,TXN507293,DEV809076,ADDR907018,ADDR907018,2024-02-02,2024-02-12,1,0,0,1637.96,0.0,0.0,0.0,1637.96,0.0,0,0,0,0,36,1,1,1,0,0,0,0,0,1325.17,1,Beauty,UPI,Website,Late delivery,Budget,234,10,8,2,0,none
ORD507296,CUST502498,TXN507296,DEV809076,ADDR907018,ADDR907018,2024-09-18,2024-09-23,4,1,1,6459.21,1159.34,0.2,0.2,1614.8,1159.34,0,0,0,0,151,1,1,1,1,1,1,1,0,1756.51,1,Footwear,Debit Card,Mobile App,Changed mind,Budget,234,5,4,1,0,none
